<?xml version='1.0' encoding='UTF-8'?>
<osm version='0.6' generator='JOSM'>
  <bounds minlat='48.0588228' minlon='-97.1662471' maxlat='48.1324952' maxlon='-97.0559409' origin='Overpass API 0.7.62.11 87bfad18' />
  <node id='-2043586' visible='true' version='1' lat='48.112708055' lon='-97.13867056131' />
  <node id='-2043587' visible='true' version='1' lat='48.112708055' lon='-97.08351743869' />
  <node id='-2043588' visible='true' version='1' lat='48.075871894' lon='-97.08351743869' />
  <node id='-2043589' visible='true' version='1' lat='48.075871894' lon='-97.13867056131' />
  <node id='-2043590' visible='true' version='1' lat='48.131126135' lon='-97.16624712262' />
  <node id='-2043591' visible='true' version='1' lat='48.131126135' lon='-97.05594087738' />
  <node id='-2043592' visible='true' version='1' lat='48.057453813' lon='-97.05594087738' />
  <node id='-2043593' visible='true' version='1' lat='48.057453813' lon='-97.16624712262' />
  <node id='-2043594' action='modify' visible='true' lat='48.13165423148' lon='-97.12967634738' />
  <node id='-2043595' action='modify' visible='true' lat='48.13031875231' lon='-97.12970853388' />
  <node id='-2043596' action='modify' visible='true' lat='48.12948808823' lon='-97.12968171179' />
  <node id='-2043597' action='modify' visible='true' lat='48.12870395765' lon='-97.12955296576' />
  <node id='-2043598' action='modify' visible='true' lat='48.12775152724' lon='-97.12932229579' />
  <node id='-2043599' action='modify' visible='true' lat='48.12673462716' lon='-97.12890387118' />
  <node id='-2043600' action='modify' visible='true' lat='48.12553508886' lon='-97.12815821707' />
  <node id='-2043601' action='modify' visible='true' lat='48.12457185722' lon='-97.12747693598' />
  <node id='-2043602' action='modify' visible='true' lat='48.12357996042' lon='-97.12677419722' />
  <node id='-2043603' action='modify' visible='true' lat='48.12284408057' lon='-97.12623775274' />
  <node id='-2043604' action='modify' visible='true' lat='48.12238213713' lon='-97.12593466312' />
  <node id='-2043605' action='modify' visible='true' lat='48.12156745932' lon='-97.12555378944' />
  <node id='-2043606' action='modify' visible='true' lat='48.1209962819' lon='-97.12525069982' />
  <node id='-2043607' action='modify' visible='true' lat='48.1206274304' lon='-97.12497979671' />
  <node id='-2043608' action='modify' visible='true' lat='48.12044837533' lon='-97.12489396602' />
  <node id='-2043609' action='modify' visible='true' lat='48.12008847274' lon='-97.124649885' />
  <node id='-2043610' action='modify' visible='true' lat='48.11938835648' lon='-97.124175134' />
  <node id='-2043611' action='modify' visible='true' lat='48.11899979681' lon='-97.12386399776' />
  <node id='-2043612' action='modify' visible='true' lat='48.11838024395' lon='-97.12344825536' />
  <node id='-2043613' action='modify' visible='true' lat='48.11801853624' lon='-97.12323367864' />
  <node id='-2043614' action='modify' visible='true' lat='48.11772308002' lon='-97.12308347493' />
  <node id='-2043615' action='modify' visible='true' lat='48.11744731935' lon='-97.12292790681' />
  <node id='-2043616' action='modify' visible='true' lat='48.11715723186' lon='-97.1226570037' />
  <node id='-2043617' action='modify' visible='true' lat='48.1167489578' lon='-97.12227613002' />
  <node id='-2043618' action='modify' visible='true' lat='48.11649647089' lon='-97.12213129073' />
  <node id='-2043619' action='modify' visible='true' lat='48.11598612125' lon='-97.12181747228' />
  <node id='-2043620' action='modify' visible='true' lat='48.11562439668' lon='-97.12165385753' />
  <node id='-2043621' action='modify' visible='true' lat='48.11527162322' lon='-97.12149828941' />
  <node id='-2043622' action='modify' visible='true' lat='48.11478633193' lon='-97.12143391639' />
  <node id='-2043623' action='modify' visible='true' lat='48.11422403297' lon='-97.12142586976' />
  <node id='-2043624' action='modify' visible='true' lat='48.11362770283' lon='-97.12141782314' />
  <node id='-2043625' action='modify' visible='true' lat='48.11343071537' lon='-97.12141514093' />
  <node id='-2043626' action='modify' visible='true' lat='48.11310120739' lon='-97.12149292499' />
  <node id='-2043627' action='modify' visible='true' lat='48.11278960551' lon='-97.12159484893' />
  <node id='-2043628' action='modify' visible='true' lat='48.11218251367' lon='-97.12190330297' />
  <node id='-2043629' action='modify' visible='true' lat='48.11144289061' lon='-97.12257385522' />
  <node id='-2043630' action='modify' visible='true' lat='48.11082682841' lon='-97.12316930562' />
  <node id='-2043631' action='modify' visible='true' lat='48.11050804914' lon='-97.1234911707' />
  <node id='-2043632' action='modify' visible='true' lat='48.10995107613' lon='-97.12388813764' />
  <node id='-2043633' action='modify' visible='true' lat='48.10956423601' lon='-97.12413758308' />
  <node id='-2043634' action='modify' visible='true' lat='48.1089785975' lon='-97.12436825305' />
  <node id='-2043635' action='modify' visible='true' lat='48.10862040553' lon='-97.12446481258' />
  <node id='-2043636' action='modify' visible='true' lat='48.10812430552' lon='-97.12451845676' />
  <node id='-2043637' action='modify' visible='true' lat='48.10751357655' lon='-97.1243521598' />
  <node id='-2043638' action='modify' visible='true' lat='48.10721805993' lon='-97.12421804935' />
  <node id='-2043639' action='modify' visible='true' lat='48.1068222441' lon='-97.12393373519' />
  <node id='-2043640' action='modify' visible='true' lat='48.10647836542' lon='-97.1235796836' />
  <node id='-2043641' action='modify' visible='true' lat='48.10618105179' lon='-97.12312907249' />
  <node id='-2043642' action='modify' visible='true' lat='48.10594821462' lon='-97.12276160985' />
  <node id='-2043643' action='modify' visible='true' lat='48.10572791386' lon='-97.12227344781' />
  <node id='-2043644' action='modify' visible='true' lat='48.1054682085' lon='-97.1214956072' />
  <node id='-2043645' action='modify' visible='true' lat='48.10532134007' lon='-97.12091356784' />
  <node id='-2043646' action='modify' visible='true' lat='48.10523357701' lon='-97.11978435785' />
  <node id='-2043647' action='modify' visible='true' lat='48.10526402544' lon='-97.11874634296' />
  <node id='-2043648' action='modify' visible='true' lat='48.10539298326' lon='-97.1178370741' />
  <node id='-2043649' action='modify' visible='true' lat='48.1057153764' lon='-97.11647987634' />
  <node id='-2043650' action='modify' visible='true' lat='48.10604672278' lon='-97.1149215129' />
  <node id='-2043651' action='modify' visible='true' lat='48.10608433494' lon='-97.11460233003' />
  <node id='-2043652' action='modify' visible='true' lat='48.10608254389' lon='-97.11421877414' />
  <node id='-2043653' action='modify' visible='true' lat='48.1060700065' lon='-97.11369842559' />
  <node id='-2043654' action='modify' visible='true' lat='48.10602702117' lon='-97.11320221692' />
  <node id='-2043655' action='modify' visible='true' lat='48.10593030403' lon='-97.11252093583' />
  <node id='-2043656' action='modify' visible='true' lat='48.10577985477' lon='-97.11192548543' />
  <node id='-2043657' action='modify' visible='true' lat='48.10556671758' lon='-97.1114400056' />
  <node id='-2043658' action='modify' visible='true' lat='48.10537865463' lon='-97.11111009389' />
  <node id='-2043659' action='modify' visible='true' lat='48.10499536228' lon='-97.11062193185' />
  <node id='-2043660' action='modify' visible='true' lat='48.1047177422' lon='-97.11028933793' />
  <node id='-2043661' action='modify' visible='true' lat='48.10429862259' lon='-97.10996210843' />
  <node id='-2043662' action='modify' visible='true' lat='48.10396010042' lon='-97.1098038581' />
  <node id='-2043663' action='modify' visible='true' lat='48.10355530378' lon='-97.10968852311' />
  <node id='-2043664' action='modify' visible='true' lat='48.10297317914' lon='-97.10967511207' />
  <node id='-2043665' action='modify' visible='true' lat='48.10230507103' lon='-97.10967511207' />
  <node id='-2043666' action='modify' visible='true' lat='48.1016906905' lon='-97.10966170102' />
  <node id='-2043667' action='modify' visible='true' lat='48.1012393042' lon='-97.10961342126' />
  <node id='-2043668' action='modify' visible='true' lat='48.10074134172' lon='-97.10951686174' />
  <node id='-2043669' action='modify' visible='true' lat='48.10033293722' lon='-97.10936397582' />
  <node id='-2043670' action='modify' visible='true' lat='48.10002484046' lon='-97.1091789034' />
  <node id='-2043671' action='modify' visible='true' lat='48.09972211567' lon='-97.1088811782' />
  <node id='-2043672' action='modify' visible='true' lat='48.09947850153' lon='-97.10858613521' />
  <node id='-2043673' action='modify' visible='true' lat='48.0990611305' lon='-97.10785389215' />
  <node id='-2043674' action='modify' visible='true' lat='48.09874227826' lon='-97.10718333989' />
  <node id='-2043675' action='modify' visible='true' lat='48.0985506077' lon='-97.10664689809' />
  <node id='-2043676' action='modify' visible='true' lat='48.09836072774' lon='-97.10604071885' />
  <node id='-2043677' action='modify' visible='true' lat='48.09821742165' lon='-97.10559815437' />
  <node id='-2043678' action='modify' visible='true' lat='48.09813860314' lon='-97.10532188684' />
  <node id='-2043679' action='modify' visible='true' lat='48.09790393819' lon='-97.10474252969' />
  <node id='-2043680' action='modify' visible='true' lat='48.09763523656' lon='-97.10410148174' />
  <node id='-2043681' action='modify' visible='true' lat='48.09743639644' lon='-97.10366159946' />
  <node id='-2043682' action='modify' visible='true' lat='48.09721785057' lon='-97.10329145461' />
  <node id='-2043683' action='modify' visible='true' lat='48.09695631084' lon='-97.10298836499' />
  <node id='-2043684' action='modify' visible='true' lat='48.09666969043' lon='-97.1027523306' />
  <node id='-2043685' action='modify' visible='true' lat='48.096340075' lon='-97.10259676248' />
  <node id='-2043686' action='modify' visible='true' lat='48.09609286202' lon='-97.102513614' />
  <node id='-2043687' action='modify' visible='true' lat='48.09592088708' lon='-97.10247874528' />
  <node id='-2043688' action='modify' visible='true' lat='48.09572383176' lon='-97.1024841097' />
  <node id='-2043689' action='modify' visible='true' lat='48.09551960998' lon='-97.1025431183' />
  <node id='-2043690' action='modify' visible='true' lat='48.09527955879' lon='-97.1026343134' />
  <node id='-2043691' action='modify' visible='true' lat='48.09502696641' lon='-97.10282743245' />
  <node id='-2043692' action='modify' visible='true' lat='48.09482274187' lon='-97.10299372941' />
  <node id='-2043693' action='modify' visible='true' lat='48.09468480027' lon='-97.10320025951' />
  <node id='-2043694' action='modify' visible='true' lat='48.09454864977' lon='-97.10345506936' />
  <node id='-2043695' action='modify' visible='true' lat='48.09445549395' lon='-97.10373133689' />
  <node id='-2043696' action='modify' visible='true' lat='48.09436771234' lon='-97.10406661302' />
  <node id='-2043697' action='modify' visible='true' lat='48.09427097327' lon='-97.10449040204' />
  <node id='-2043698' action='modify' visible='true' lat='48.09410257518' lon='-97.10556865007' />
  <node id='-2043699' action='modify' visible='true' lat='48.09400404412' lon='-97.10638940603' />
  <node id='-2043700' action='modify' visible='true' lat='48.09390192993' lon='-97.10714310676' />
  <node id='-2043701' action='modify' visible='true' lat='48.09378369218' lon='-97.10788339645' />
  <node id='-2043702' action='modify' visible='true' lat='48.09359200313' lon='-97.10863173276' />
  <node id='-2043703' action='modify' visible='true' lat='48.09344330927' lon='-97.10903674632' />
  <node id='-2043704' action='modify' visible='true' lat='48.09319429265' lon='-97.10959196627' />
  <node id='-2043705' action='modify' visible='true' lat='48.09307784299' lon='-97.10975289613' />
  <node id='-2043706' action='modify' visible='true' lat='48.09296856091' lon='-97.109892371' />
  <node id='-2043707' action='modify' visible='true' lat='48.0928377804' lon='-97.1100103882' />
  <node id='-2043708' action='modify' visible='true' lat='48.09264071326' lon='-97.11017668515' />
  <node id='-2043709' action='modify' visible='true' lat='48.09248485053' lon='-97.11028129131' />
  <node id='-2043710' action='modify' visible='true' lat='48.09227165822' lon='-97.11035907537' />
  <node id='-2043711' action='modify' visible='true' lat='48.09202980032' lon='-97.11041808397' />
  <node id='-2043712' action='modify' visible='true' lat='48.09185781179' lon='-97.11043149501' />
  <node id='-2043713' action='modify' visible='true' lat='48.09168761424' lon='-97.11043417722' />
  <node id='-2043714' action='modify' visible='true' lat='48.0914995005' lon='-97.11038053304' />
  <node id='-2043715' action='modify' visible='true' lat='48.0913042198' lon='-97.11028397352' />
  <node id='-2043716' action='modify' visible='true' lat='48.09105519105' lon='-97.11008012563' />
  <node id='-2043717' action='modify' visible='true' lat='48.09078824521' lon='-97.10975557834' />
  <node id='-2043718' action='modify' visible='true' lat='48.09062879368' lon='-97.10952222616' />
  <node id='-2043719' action='modify' visible='true' lat='48.09050338202' lon='-97.10931569606' />
  <node id='-2043720' action='modify' visible='true' lat='48.09042276006' lon='-97.10911721259' />
  <node id='-2043721' action='modify' visible='true' lat='48.09032959677' lon='-97.10887581378' />
  <node id='-2043722' action='modify' visible='true' lat='48.09023285009' lon='-97.10833400756' />
  <node id='-2043723' action='modify' visible='true' lat='48.09010564586' lon='-97.10731208593' />
  <node id='-2043724' action='modify' visible='true' lat='48.09006085556' lon='-97.10651278764' />
  <node id='-2043725' action='modify' visible='true' lat='48.09001248199' lon='-97.10596293479' />
  <node id='-2043726' action='modify' visible='true' lat='48.08995156706' lon='-97.10551232368' />
  <node id='-2043727' action='modify' visible='true' lat='48.08986556939' lon='-97.10495174199' />
  <node id='-2043728' action='modify' visible='true' lat='48.0897276145' lon='-97.10439652473' />
  <node id='-2043729' action='modify' visible='true' lat='48.0896183253' lon='-97.10405051976' />
  <node id='-2043730' action='modify' visible='true' lat='48.0894517036' lon='-97.10367232829' />
  <node id='-2043731' action='modify' visible='true' lat='48.08929672613' lon='-97.10330754653' />
  <node id='-2043732' action='modify' visible='true' lat='48.0891462282' lon='-97.1030017747' />
  <node id='-2043733' action='modify' visible='true' lat='48.08894287612' lon='-97.10266783968' />
  <node id='-2043734' action='modify' visible='true' lat='48.08877266893' lon='-97.10243851081' />
  <node id='-2043735' action='modify' visible='true' lat='48.08860604449' lon='-97.10223868623' />
  <node id='-2043736' action='modify' visible='true' lat='48.08841344031' lon='-97.10205495492' />
  <node id='-2043737' action='modify' visible='true' lat='48.08811243885' lon='-97.10176527634' />
  <node id='-2043738' action='modify' visible='true' lat='48.08785264449' lon='-97.1015439941' />
  <node id='-2043739' action='modify' visible='true' lat='48.08767705859' lon='-97.10139915481' />
  <node id='-2043740' action='modify' visible='true' lat='48.08751849327' lon='-97.10129588977' />
  <node id='-2043741' action='modify' visible='true' lat='48.0873008011' lon='-97.10120737687' />
  <node id='-2043742' action='modify' visible='true' lat='48.08689497742' lon='-97.10097268358' />
  <node id='-2043743' action='modify' visible='true' lat='48.08642285622' lon='-97.10072323814' />
  <node id='-2043744' action='modify' visible='true' lat='48.08558700562' lon='-97.10044026911' />
  <node id='-2043745' action='modify' visible='true' lat='48.08501901003' lon='-97.10023641855' />
  <node id='-2043746' action='modify' visible='true' lat='48.08452626586' lon='-97.10015327007' />
  <node id='-2043747' action='modify' visible='true' lat='48.08402993331' lon='-97.10004598171' />
  <node id='-2043748' action='modify' visible='true' lat='48.083465506' lon='-97.10000843078' />
  <node id='-2043749' action='modify' visible='true' lat='48.08275593146' lon='-97.10000306636' />
  <node id='-2043750' action='modify' visible='true' lat='48.08213056599' lon='-97.10005402833' />
  <node id='-2043751' action='modify' visible='true' lat='48.08162883461' lon='-97.10010230809' />
  <node id='-2043752' action='modify' visible='true' lat='48.08083143001' lon='-97.10017472774' />
  <node id='-2043753' action='modify' visible='true' lat='48.08048916943' lon='-97.10022837192' />
  <node id='-2043754' action='modify' visible='true' lat='48.07980464141' lon='-97.10042953759' />
  <node id='-2043755' action='modify' visible='true' lat='48.07906096845' lon='-97.10061461002' />
  <node id='-2043756' action='modify' visible='true' lat='48.0786810639' lon='-97.10070312291' />
  <node id='-2043757' action='modify' visible='true' lat='48.07819901117' lon='-97.10096866161' />
  <node id='-2043758' action='modify' visible='true' lat='48.07777967538' lon='-97.10121542484' />
  <node id='-2043759' action='modify' visible='true' lat='48.0772456445' lon='-97.1018296507' />
  <node id='-2043760' action='modify' visible='true' lat='48.07676895455' lon='-97.10243582994' />
  <node id='-2043761' action='modify' visible='true' lat='48.07635856755' lon='-97.10300982267' />
  <node id='-2043762' action='modify' visible='true' lat='48.07589979044' lon='-97.1035543111' />
  <node id='-2043763' action='modify' visible='true' lat='48.07551090195' lon='-97.1040612486' />
  <node id='-2043764' action='modify' visible='true' lat='48.07515785317' lon='-97.10446894437' />
  <node id='-2043765' action='modify' visible='true' lat='48.0747044418' lon='-97.10492760211' />
  <node id='-2043766' action='modify' visible='true' lat='48.0743728934' lon='-97.10522532731' />
  <node id='-2043767' action='modify' visible='true' lat='48.07417575551' lon='-97.10531920463' />
  <node id='-2043768' action='modify' visible='true' lat='48.07379760706' lon='-97.10543185741' />
  <node id='-2043769' action='modify' visible='true' lat='48.0735072732' lon='-97.10547477275' />
  <node id='-2043770' action='modify' visible='true' lat='48.07332626175' lon='-97.10547209054' />
  <node id='-2043771' action='modify' visible='true' lat='48.07317750928' lon='-97.10544795066' />
  <node id='-2043772' action='modify' visible='true' lat='48.07300904212' lon='-97.10539698869' />
  <node id='-2043773' action='modify' visible='true' lat='48.07279397686' lon='-97.105311158' />
  <node id='-2043774' action='modify' visible='true' lat='48.07253052069' lon='-97.10515290767' />
  <node id='-2043775' action='modify' visible='true' lat='48.07231007674' lon='-97.10500538617' />
  <node id='-2043776' action='modify' visible='true' lat='48.07211830765' lon='-97.10480153829' />
  <node id='-2043777' action='modify' visible='true' lat='48.07195162927' lon='-97.10457623273' />
  <node id='-2043778' action='modify' visible='true' lat='48.0717939116' lon='-97.10425704986' />
  <node id='-2043779' action='modify' visible='true' lat='48.07167383077' lon='-97.10398078233' />
  <node id='-2043780' action='modify' visible='true' lat='48.07162364764' lon='-97.10379839212' />
  <node id='-2043781' action='modify' visible='true' lat='48.07157704899' lon='-97.1035838154' />
  <node id='-2043782' action='modify' visible='true' lat='48.07155195739' lon='-97.1033772853' />
  <node id='-2043783' action='modify' visible='true' lat='48.07151073546' lon='-97.10313052207' />
  <node id='-2043784' action='modify' visible='true' lat='48.07145159087' lon='-97.10281938583' />
  <node id='-2043785' action='modify' visible='true' lat='48.071431876' lon='-97.10257798702' />
  <node id='-2043786' action='modify' visible='true' lat='48.07140499207' lon='-97.10223734647' />
  <node id='-2043787' action='modify' visible='true' lat='48.07138527717' lon='-97.10182696849' />
  <node id='-2043788' action='modify' visible='true' lat='48.07139782302' lon='-97.10142731935' />
  <node id='-2043789' action='modify' visible='true' lat='48.0714031998' lon='-97.10101157695' />
  <node id='-2043790' action='modify' visible='true' lat='48.07141933017' lon='-97.10045635968' />
  <node id='-2043791' action='modify' visible='true' lat='48.07143904505' lon='-97.10009157926' />
  <node id='-2043792' action='modify' visible='true' lat='48.071431876' lon='-97.09977239639' />
  <node id='-2043793' action='modify' visible='true' lat='48.07140140754' lon='-97.09948808223' />
  <node id='-2043794' action='modify' visible='true' lat='48.07135660095' lon='-97.09923595458' />
  <node id='-2043795' action='modify' visible='true' lat='48.07129566394' lon='-97.09901064903' />
  <node id='-2043796' action='modify' visible='true' lat='48.07124548045' lon='-97.09888190299' />
  <node id='-2043797' action='modify' visible='true' lat='48.07116124377' lon='-97.09877729684' />
  <node id='-2043798' action='modify' visible='true' lat='48.07104474602' lon='-97.0986458686' />
  <node id='-2043799' action='modify' visible='true' lat='48.07074185063' lon='-97.09832400352' />
  <node id='-2043800' action='modify' visible='true' lat='48.07044253803' lon='-97.09809333354' />
  <node id='-2043801' action='modify' visible='true' lat='48.070168316' lon='-97.09792167217' />
  <node id='-2043802' action='modify' visible='true' lat='48.06980806129' lon='-97.09776878625' />
  <node id='-2043803' action='modify' visible='true' lat='48.06942808842' lon='-97.09758103162' />
  <node id='-2043804' action='modify' visible='true' lat='48.06906424383' lon='-97.09742009908' />
  <node id='-2043805' action='modify' visible='true' lat='48.06857851627' lon='-97.09721625119' />
  <node id='-2043806' action='modify' visible='true' lat='48.0681268393' lon='-97.09702044994' />
  <node id='-2043807' action='modify' visible='true' lat='48.0678006257' lon='-97.09686756402' />
  <node id='-2043808' action='modify' visible='true' lat='48.0674278076' lon='-97.09657252103' />
  <node id='-2043809' action='modify' visible='true' lat='48.06695998878' lon='-97.09615409642' />
  <node id='-2043810' action='modify' visible='true' lat='48.06648320353' lon='-97.0955801037' />
  <node id='-2043811' action='modify' visible='true' lat='48.06602075347' lon='-97.09506511956' />
  <node id='-2043812' action='modify' visible='true' lat='48.06550094031' lon='-97.09441334277' />
  <node id='-2043813' action='modify' visible='true' lat='48.06510301081' lon='-97.09386348993' />
  <node id='-2043814' action='modify' visible='true' lat='48.06471583322' lon='-97.09332168371' />
  <node id='-2043815' action='modify' visible='true' lat='48.06427487741' lon='-97.09278792411' />
  <node id='-2043816' action='modify' visible='true' lat='48.06384288046' lon='-97.09231049091' />
  <node id='-2043817' action='modify' visible='true' lat='48.06338399176' lon='-97.0918330577' />
  <node id='-2043818' action='modify' visible='true' lat='48.06305774808' lon='-97.09153801471' />
  <node id='-2043819' action='modify' visible='true' lat='48.0627834867' lon='-97.09130198032' />
  <node id='-2043820' action='modify' visible='true' lat='48.06248323064' lon='-97.0911021544' />
  <node id='-2043821' action='modify' visible='true' lat='48.06218924777' lon='-97.09088623658' />
  <node id='-2043822' action='modify' visible='true' lat='48.06185492985' lon='-97.09068238869' />
  <node id='-2043823' action='modify' visible='true' lat='48.0614256015' lon='-97.09042623773' />
  <node id='-2043824' action='modify' visible='true' lat='48.06093890555' lon='-97.09012314811' />
  <node id='-2043825' action='modify' visible='true' lat='48.06049791738' lon='-97.08983615175' />
  <node id='-2043826' action='modify' visible='true' lat='48.0600587181' lon='-97.08957731858' />
  <node id='-2043827' action='modify' visible='true' lat='48.05968405126' lon='-97.0893158032' />
  <node id='-2043828' action='modify' visible='true' lat='48.05930669268' lon='-97.0890475823' />
  <node id='-2043829' action='modify' visible='true' lat='48.0590458565' lon='-97.0888410522' />
  <node id='-2043830' action='modify' visible='true' lat='48.05873571967' lon='-97.08852723375' />
  <node id='-2043831' action='modify' visible='true' lat='48.05874826949' lon='-97.08725720912' />
  <node id='-2043832' action='modify' visible='true' lat='48.05937750455' lon='-97.08794653684' />
  <node id='-2043833' action='modify' visible='true' lat='48.05970377154' lon='-97.08814502031' />
  <node id='-2043834' action='modify' visible='true' lat='48.06016269304' lon='-97.08850980073' />
  <node id='-2043835' action='modify' visible='true' lat='48.06063236629' lon='-97.08878070384' />
  <node id='-2043836' action='modify' visible='true' lat='48.06125799308' lon='-97.0892152217' />
  <node id='-2043837' action='modify' visible='true' lat='48.06188899005' lon='-97.08955854446' />
  <node id='-2043838' action='modify' visible='true' lat='48.0621525007' lon='-97.08971679479' />
  <node id='-2043839' action='modify' visible='true' lat='48.06242676545' lon='-97.08989382058' />
  <node id='-2043840' action='modify' visible='true' lat='48.06316530118' lon='-97.0904946354' />
  <node id='-2043841' action='modify' visible='true' lat='48.06375863167' lon='-97.09095597535' />
  <node id='-2043842' action='modify' visible='true' lat='48.06436450288' lon='-97.09157556564' />
  <node id='-2043843' action='modify' visible='true' lat='48.0647570606' lon='-97.09200471908' />
  <node id='-2043844' action='modify' visible='true' lat='48.06519442732' lon='-97.09266722471' />
  <node id='-2043845' action='modify' visible='true' lat='48.06541669422' lon='-97.09288984805' />
  <node id='-2043846' action='modify' visible='true' lat='48.06599386671' lon='-97.09360868007' />
  <node id='-2043847' action='modify' visible='true' lat='48.06638103468' lon='-97.09422290593' />
  <node id='-2043848' action='modify' visible='true' lat='48.06659433432' lon='-97.09460377961' />
  <node id='-2043849' action='modify' visible='true' lat='48.06695102669' lon='-97.09502220422' />
  <node id='-2043850' action='modify' visible='true' lat='48.0674170532' lon='-97.09544331104' />
  <node id='-2043851' action='modify' visible='true' lat='48.06792430033' lon='-97.09582150251' />
  <node id='-2043852' action='modify' visible='true' lat='48.06856596975' lon='-97.09622919828' />
  <node id='-2043853' action='modify' visible='true' lat='48.06922376222' lon='-97.09647864372' />
  <node id='-2043854' action='modify' visible='true' lat='48.06988154808' lon='-97.09673345625' />
  <node id='-2043855' action='modify' visible='true' lat='48.07053394685' lon='-97.09697485507' />
  <node id='-2043856' action='modify' visible='true' lat='48.07108238558' lon='-97.09734499991' />
  <node id='-2043857' action='modify' visible='true' lat='48.07119888146' lon='-97.09745228559' />
  <node id='-2043858' action='modify' visible='true' lat='48.07131000206' lon='-97.09757298499' />
  <node id='-2043859' action='modify' visible='true' lat='48.07140140754' lon='-97.09768027335' />
  <node id='-2043860' action='modify' visible='true' lat='48.07148743609' lon='-97.09780901939' />
  <node id='-2043861' action='modify' visible='true' lat='48.07157704899' lon='-97.0979619053' />
  <node id='-2043862' action='modify' visible='true' lat='48.07170429906' lon='-97.09820866853' />
  <node id='-2043863' action='modify' visible='true' lat='48.07179928834' lon='-97.09846079618' />
  <node id='-2043864' action='modify' visible='true' lat='48.07189606969' lon='-97.0987343815' />
  <node id='-2043865' action='modify' visible='true' lat='48.07196596722' lon='-97.09895700485' />
  <node id='-2043866' action='modify' visible='true' lat='48.07200898104' lon='-97.09918499261' />
  <node id='-2043867' action='modify' visible='true' lat='48.07204841033' lon='-97.09945321351' />
  <node id='-2043868' action='modify' visible='true' lat='48.07206812497' lon='-97.09975093871' />
  <node id='-2043869' action='modify' visible='true' lat='48.07204124137' lon='-97.10104912788' />
  <node id='-2043870' action='modify' visible='true' lat='48.07206095602' lon='-97.10179478198' />
  <node id='-2043871' action='modify' visible='true' lat='48.07210038527' lon='-97.10226685077' />
  <node id='-2043872' action='modify' visible='true' lat='48.07216669805' lon='-97.10278719932' />
  <node id='-2043873' action='modify' visible='true' lat='48.07231186897' lon='-97.10321098834' />
  <node id='-2043874' action='modify' visible='true' lat='48.0724176105' lon='-97.10345238715' />
  <node id='-2043875' action='modify' visible='true' lat='48.07252155958' lon='-97.10365891725' />
  <node id='-2043876' action='modify' visible='true' lat='48.07262909289' lon='-97.10397541791' />
  <node id='-2043877' action='modify' visible='true' lat='48.07285491212' lon='-97.10432678729' />
  <node id='-2043878' action='modify' visible='true' lat='48.07306280831' lon='-97.1045359996' />
  <node id='-2043879' action='modify' visible='true' lat='48.07336748223' lon='-97.10471302539' />
  <node id='-2043880' action='modify' visible='true' lat='48.07355566229' lon='-97.10477739841' />
  <node id='-2043881' action='modify' visible='true' lat='48.07375817911' lon='-97.10478544503' />
  <node id='-2043882' action='modify' visible='true' lat='48.07395890295' lon='-97.10471302539' />
  <node id='-2043883' action='modify' visible='true' lat='48.07418650851' lon='-97.10458427936' />
  <node id='-2043884' action='modify' visible='true' lat='48.07441411305' lon='-97.10444480449' />
  <node id='-2043885' action='modify' visible='true' lat='48.07460587358' lon='-97.10427582532' />
  <node id='-2043886' action='modify' visible='true' lat='48.0747976334' lon='-97.10401565105' />
  <node id='-2043887' action='modify' visible='true' lat='48.07501089815' lon='-97.10368842155' />
  <node id='-2043888' action='modify' visible='true' lat='48.0752169935' lon='-97.10334509879' />
  <node id='-2043889' action='modify' visible='true' lat='48.07535677943' lon='-97.10315466195' />
  <node id='-2043890' action='modify' visible='true' lat='48.07551807043' lon='-97.10293740302' />
  <node id='-2043891' action='modify' visible='true' lat='48.07572954008' lon='-97.10268527538' />
  <node id='-2043892' action='modify' visible='true' lat='48.07595355359' lon='-97.10240096122' />
  <node id='-2043893' action='modify' visible='true' lat='48.07631197319' lon='-97.10190743476' />
  <node id='-2043894' action='modify' visible='true' lat='48.07660408332' lon='-97.10143804818' />
  <node id='-2043895' action='modify' visible='true' lat='48.07674565757' lon='-97.10119664937' />
  <node id='-2043896' action='modify' visible='true' lat='48.07700192388' lon='-97.10087478429' />
  <node id='-2043897' action='modify' visible='true' lat='48.07736750438' lon='-97.10051536828' />
  <node id='-2043898' action='modify' visible='true' lat='48.07771695392' lon='-97.10022837192' />
  <node id='-2043899' action='modify' visible='true' lat='48.0780000959' lon='-97.10004866391' />
  <node id='-2043900' action='modify' visible='true' lat='48.07832266081' lon='-97.09991187125' />
  <node id='-2043901' action='modify' visible='true' lat='48.07860579946' lon='-97.09976166755' />
  <node id='-2043902' action='modify' visible='true' lat='48.07911293631' lon='-97.09954709083' />
  <node id='-2043903' action='modify' visible='true' lat='48.07945520606' lon='-97.09948808223' />
  <node id='-2043904' action='modify' visible='true' lat='48.07978313776' lon='-97.09946662456' />
  <node id='-2043905' action='modify' visible='true' lat='48.08003401307' lon='-97.09941566259' />
  <node id='-2043906' action='modify' visible='true' lat='48.08041211568' lon='-97.09935128957' />
  <node id='-2043907' action='modify' visible='true' lat='48.08078304776' lon='-97.09925741226' />
  <node id='-2043908' action='modify' visible='true' lat='48.08134750451' lon='-97.09910452634' />
  <node id='-2043909' action='modify' visible='true' lat='48.08172918127' lon='-97.099061611' />
  <node id='-2043910' action='modify' visible='true' lat='48.08220761716' lon='-97.09905356437' />
  <node id='-2043911' action='modify' visible='true' lat='48.08273622092' lon='-97.09906965762' />
  <node id='-2043912' action='modify' visible='true' lat='48.08322002299' lon='-97.09901601344' />
  <node id='-2043913' action='modify' visible='true' lat='48.08375936735' lon='-97.0990026024' />
  <node id='-2043914' action='modify' visible='true' lat='48.08424136798' lon='-97.099061611' />
  <node id='-2043915' action='modify' visible='true' lat='48.0846839445' lon='-97.09917158157' />
  <node id='-2043916' action='modify' visible='true' lat='48.0852877776' lon='-97.09934324294' />
  <node id='-2043917' action='modify' visible='true' lat='48.08583068379' lon='-97.09946126014' />
  <node id='-2043918' action='modify' visible='true' lat='48.0862320365' lon='-97.09956318408' />
  <node id='-2043919' action='modify' visible='true' lat='48.08652767377' lon='-97.09973484546' />
  <node id='-2043920' action='modify' visible='true' lat='48.08679822518' lon='-97.09984749824' />
  <node id='-2043921' action='modify' visible='true' lat='48.08742353391' lon='-97.10019082099' />
  <node id='-2043922' action='modify' visible='true' lat='48.08802195979' lon='-97.10054219037' />
  <node id='-2043923' action='modify' visible='true' lat='48.08837671196' lon='-97.10082650453' />
  <node id='-2043924' action='modify' visible='true' lat='48.08895541858' lon='-97.10143000156' />
  <node id='-2043925' action='modify' visible='true' lat='48.08917937451' lon='-97.10165530711' />
  <node id='-2043926' action='modify' visible='true' lat='48.08944095379' lon='-97.10201740533' />
  <node id='-2043927' action='modify' visible='true' lat='48.08963624157' lon='-97.10234999925' />
  <node id='-2043928' action='modify' visible='true' lat='48.08987452749' lon='-97.1028408435' />
  <node id='-2043929' action='modify' visible='true' lat='48.09008235491' lon='-97.10334241658' />
  <node id='-2043930' action='modify' visible='true' lat='48.09021493403' lon='-97.10377157003' />
  <node id='-2043931' action='modify' visible='true' lat='48.09041559367' lon='-97.10467011005' />
  <node id='-2043932' action='modify' visible='true' lat='48.09054279714' lon='-97.10534870893' />
  <node id='-2043933' action='modify' visible='true' lat='48.09064491801' lon='-97.10598439246' />
  <node id='-2043934' action='modify' visible='true' lat='48.09072553961' lon='-97.10664421588' />
  <node id='-2043935' action='modify' visible='true' lat='48.09077032933' lon='-97.10729867488' />
  <node id='-2043936' action='modify' visible='true' lat='48.09082586853' lon='-97.10779220134' />
  <node id='-2043937' action='modify' visible='true' lat='48.09093515517' lon='-97.10834205419' />
  <node id='-2043938' action='modify' visible='true' lat='48.09102652578' lon='-97.10862100393' />
  <node id='-2043939' action='modify' visible='true' lat='48.09130959451' lon='-97.10901797086' />
  <node id='-2043940' action='modify' visible='true' lat='48.09155503892' lon='-97.10925400525' />
  <node id='-2043941' action='modify' visible='true' lat='48.09173598623' lon='-97.1093559292' />
  <node id='-2043942' action='modify' visible='true' lat='48.09189901743' lon='-97.10938006908' />
  <node id='-2043943' action='modify' visible='true' lat='48.09212475207' lon='-97.10934520036' />
  <node id='-2043944' action='modify' visible='true' lat='48.09233077886' lon='-97.10926473409' />
  <node id='-2043945' action='modify' visible='true' lat='48.09253859636' lon='-97.10914135248' />
  <node id='-2043946' action='modify' visible='true' lat='48.09270699957' lon='-97.10897773773' />
  <node id='-2043947' action='modify' visible='true' lat='48.09281986524' lon='-97.10879802972' />
  <node id='-2043948' action='modify' visible='true' lat='48.09292556462' lon='-97.10855931312' />
  <node id='-2043949' action='modify' visible='true' lat='48.09302409774' lon='-97.10828841001' />
  <node id='-2043950' action='modify' visible='true' lat='48.09314771174' lon='-97.10773587495' />
  <node id='-2043951' action='modify' visible='true' lat='48.09328924046' lon='-97.10705995828' />
  <node id='-2043952' action='modify' visible='true' lat='48.09336269192' lon='-97.10651278764' />
  <node id='-2043953' action='modify' visible='true' lat='48.09344510076' lon='-97.10580200225' />
  <node id='-2043954' action='modify' visible='true' lat='48.09352750946' lon='-97.10498929292' />
  <node id='-2043955' action='modify' visible='true' lat='48.09360812653' lon='-97.10435092717' />
  <node id='-2043956' action='modify' visible='true' lat='48.09370128388' lon='-97.10373133689' />
  <node id='-2043957' action='modify' visible='true' lat='48.09376577734' lon='-97.10351407796' />
  <node id='-2043958' action='modify' visible='true' lat='48.09386789181' lon='-97.10331291229' />
  <node id='-2043959' action='modify' visible='true' lat='48.09408107751' lon='-97.10279256374' />
  <node id='-2043960' action='modify' visible='true' lat='48.09437129527' lon='-97.10217029125' />
  <node id='-2043961' action='modify' visible='true' lat='48.09448953167' lon='-97.10201472312' />
  <node id='-2043962' action='modify' visible='true' lat='48.09464897123' lon='-97.10185647279' />
  <node id='-2043963' action='modify' visible='true' lat='48.09489798258' lon='-97.1016821292' />
  <node id='-2043964' action='modify' visible='true' lat='48.0951864043' lon='-97.10153460771' />
  <node id='-2043965' action='modify' visible='true' lat='48.09544795303' lon='-97.10147828132' />
  <node id='-2043966' action='modify' visible='true' lat='48.09570054335' lon='-97.10145414144' />
  <node id='-2043967' action='modify' visible='true' lat='48.09607136519' lon='-97.10147828132' />
  <node id='-2043968' action='modify' visible='true' lat='48.09638127704' lon='-97.10149705678' />
  <node id='-2043969' action='modify' visible='true' lat='48.09666431629' lon='-97.10155606538' />
  <node id='-2043970' action='modify' visible='true' lat='48.09686674214' lon='-97.10164726049' />
  <node id='-2043971' action='modify' visible='true' lat='48.09707274993' lon='-97.10181623966' />
  <node id='-2043972' action='modify' visible='true' lat='48.09726263464' lon='-97.10199326545' />
  <node id='-2043973' action='modify' visible='true' lat='48.09750984199' lon='-97.1023660925' />
  <node id='-2043974' action='modify' visible='true' lat='48.09776600486' lon='-97.10274964839' />
  <node id='-2043975' action='modify' visible='true' lat='48.0981654731' lon='-97.10347116262' />
  <node id='-2043976' action='modify' visible='true' lat='48.09845566781' lon='-97.10408538848' />
  <node id='-2043977' action='modify' visible='true' lat='48.09851836398' lon='-97.10420608789' />
  <node id='-2043978' action='modify' visible='true' lat='48.09853269363' lon='-97.10425436631' />
  <node id='-2043979' action='modify' visible='true' lat='48.0985398589' lon='-97.10431605712' />
  <node id='-2043980' action='modify' visible='true' lat='48.09853717192' lon='-97.10438311234' />
  <node id='-2043981' action='modify' visible='true' lat='48.09853090231' lon='-97.10452258721' />
  <node id='-2043982' action='modify' visible='true' lat='48.09852911099' lon='-97.10458159581' />
  <node id='-2043983' action='modify' visible='true' lat='48.09853896324' lon='-97.10465803877' />
  <node id='-2043984' action='modify' visible='true' lat='48.09855508509' lon='-97.10473448172' />
  <node id='-2043985' action='modify' visible='true' lat='48.09872794687' lon='-97.1052025272' />
  <node id='-2043986' action='modify' visible='true' lat='48.09913457282' lon='-97.10632503167' />
  <node id='-2043987' action='modify' visible='true' lat='48.09941132742' lon='-97.10706666246' />
  <node id='-2043988' action='modify' visible='true' lat='48.09962807269' lon='-97.10748106375' />
  <node id='-2043989' action='modify' visible='true' lat='48.09988959882' lon='-97.10784718528' />
  <node id='-2043990' action='modify' visible='true' lat='48.1000785775' lon='-97.10807517305' />
  <node id='-2043991' action='modify' visible='true' lat='48.10034457948' lon='-97.1082682921' />
  <node id='-2043992' action='modify' visible='true' lat='48.10082552906' lon='-97.10859149829' />
  <node id='-2043993' action='modify' visible='true' lat='48.10102793853' lon='-97.10866257682' />
  <node id='-2043994' action='modify' visible='true' lat='48.10149186518' lon='-97.10876450077' />
  <node id='-2043995' action='modify' visible='true' lat='48.10180084876' lon='-97.10878595844' />
  <node id='-2043996' action='modify' visible='true' lat='48.10243134861' lon='-97.10879266396' />
  <node id='-2043997' action='modify' visible='true' lat='48.1029104884' lon='-97.10876584321' />
  <node id='-2043998' action='modify' visible='true' lat='48.10349261376' lon='-97.10877388984' />
  <node id='-2043999' action='modify' visible='true' lat='48.10382218334' lon='-97.10879534751' />
  <node id='-2044000' action='modify' visible='true' lat='48.10395472704' lon='-97.10881144077' />
  <node id='-2044001' action='modify' visible='true' lat='48.10415712418' lon='-97.10888922483' />
  <node id='-2044002' action='modify' visible='true' lat='48.10445982285' lon='-97.10899383098' />
  <node id='-2044003' action='modify' visible='true' lat='48.10478222184' lon='-97.10916549236' />
  <node id='-2044004' action='modify' visible='true' lat='48.10513864948' lon='-97.10949272186' />
  <node id='-2044005' action='modify' visible='true' lat='48.10555059794' lon='-97.10993528634' />
  <node id='-2044006' action='modify' visible='true' lat='48.10588731857' lon='-97.11037785083' />
  <node id='-2044007' action='modify' visible='true' lat='48.1060897081' lon='-97.11067289382' />
  <node id='-2044008' action='modify' visible='true' lat='48.10631358941' lon='-97.11112618715' />
  <node id='-2044009' action='modify' visible='true' lat='48.10644612667' lon='-97.11146682769' />
  <node id='-2044010' action='modify' visible='true' lat='48.10658761879' lon='-97.11196303636' />
  <node id='-2044011' action='modify' visible='true' lat='48.10664493195' lon='-97.11274355918' />
  <node id='-2044012' action='modify' visible='true' lat='48.10670224503' lon='-97.11315393716' />
  <node id='-2044013' action='modify' visible='true' lat='48.10674881186' lon='-97.11341947585' />
  <node id='-2044014' action='modify' visible='true' lat='48.10677925939' lon='-97.11392373115' />
  <node id='-2044015' action='modify' visible='true' lat='48.10677030424' lon='-97.11437434226' />
  <node id='-2044016' action='modify' visible='true' lat='48.10674881186' lon='-97.1147713092' />
  <node id='-2044017' action='modify' visible='true' lat='48.10669149882' lon='-97.11513608962' />
  <node id='-2044018' action='modify' visible='true' lat='48.10660194709' lon='-97.11553842098' />
  <node id='-2044019' action='modify' visible='true' lat='48.10636552973' lon='-97.11646378309' />
  <node id='-2044020' action='modify' visible='true' lat='48.10625448484' lon='-97.11688220769' />
  <node id='-2044021' action='modify' visible='true' lat='48.10603955856' lon='-97.1178075698' />
  <node id='-2044022' action='modify' visible='true' lat='48.10589448281' lon='-97.11859077483' />
  <node id='-2044023' action='modify' visible='true' lat='48.10587119901' lon='-97.11888581783' />
  <node id='-2044024' action='modify' visible='true' lat='48.10586224371' lon='-97.11928278476' />
  <node id='-2044025' action='modify' visible='true' lat='48.10588015433' lon='-97.1196824339' />
  <node id='-2044026' action='modify' visible='true' lat='48.10598403579' lon='-97.12071240217' />
  <node id='-2044027' action='modify' visible='true' lat='48.1060503049' lon='-97.12104767829' />
  <node id='-2044028' action='modify' visible='true' lat='48.1061953802' lon='-97.12151438266' />
  <node id='-2044029' action='modify' visible='true' lat='48.10641388791' lon='-97.12200790912' />
  <node id='-2044030' action='modify' visible='true' lat='48.10662702159' lon='-97.12243706256' />
  <node id='-2044031' action='modify' visible='true' lat='48.10688851212' lon='-97.12282330066' />
  <node id='-2044032' action='modify' visible='true' lat='48.10718940368' lon='-97.1231317547' />
  <node id='-2044033' action='modify' visible='true' lat='48.1074150712' lon='-97.12332487375' />
  <node id='-2044034' action='modify' visible='true' lat='48.10756193366' lon='-97.1234294799' />
  <node id='-2044035' action='modify' visible='true' lat='48.10782162844' lon='-97.12354213268' />
  <node id='-2044036' action='modify' visible='true' lat='48.10801326443' lon='-97.12358504802' />
  <node id='-2044037' action='modify' visible='true' lat='48.10825683812' lon='-97.12362528116' />
  <node id='-2044038' action='modify' visible='true' lat='48.10846459125' lon='-97.12362796336' />
  <node id='-2044039' action='modify' visible='true' lat='48.10881562046' lon='-97.12361455232' />
  <node id='-2044040' action='modify' visible='true' lat='48.1089356146' lon='-97.12357431918' />
  <node id='-2044041' action='modify' visible='true' lat='48.10917560202' lon='-97.1234589842' />
  <node id='-2044042' action='modify' visible='true' lat='48.10993495784' lon='-97.12291181356' />
  <node id='-2044043' action='modify' visible='true' lat='48.11020359518' lon='-97.12266505033' />
  <node id='-2044044' action='modify' visible='true' lat='48.11043283128' lon='-97.12242365152' />
  <node id='-2044045' action='modify' visible='true' lat='48.11098263554' lon='-97.12189257413' />
  <node id='-2044046' action='modify' visible='true' lat='48.11153601565' lon='-97.12138563663' />
  <node id='-2044047' action='modify' visible='true' lat='48.11209297149' lon='-97.12095648319' />
  <node id='-2044048' action='modify' visible='true' lat='48.11253709916' lon='-97.12067753345' />
  <node id='-2044049' action='modify' visible='true' lat='48.11296331485' lon='-97.12047636777' />
  <node id='-2044050' action='modify' visible='true' lat='48.11342713377' lon='-97.1203368929' />
  <node id='-2044051' action='modify' visible='true' lat='48.11370470681' lon='-97.12028861314' />
  <node id='-2044052' action='modify' visible='true' lat='48.11398406912' lon='-97.12029397756' />
  <node id='-2044053' action='modify' visible='true' lat='48.11437624827' lon='-97.12032079965' />
  <node id='-2044054' action='modify' visible='true' lat='48.11489914914' lon='-97.12032348186' />
  <node id='-2044055' action='modify' visible='true' lat='48.11523401779' lon='-97.12036371499' />
  <node id='-2044056' action='modify' visible='true' lat='48.11552948832' lon='-97.1204254058' />
  <node id='-2044057' action='modify' visible='true' lat='48.11586077144' lon='-97.12053269416' />
  <node id='-2044058' action='modify' visible='true' lat='48.11618488961' lon='-97.12071508437' />
  <node id='-2044059' action='modify' visible='true' lat='48.11660749366' lon='-97.12101012737' />
  <node id='-2044060' action='modify' visible='true' lat='48.11723064922' lon='-97.1214365986' />
  <node id='-2044061' action='modify' visible='true' lat='48.11762638489' lon='-97.12170213729' />
  <node id='-2044062' action='modify' visible='true' lat='48.11800062984' lon='-97.12206691772' />
  <node id='-2044063' action='modify' visible='true' lat='48.11859511862' lon='-97.12246924907' />
  <node id='-2044064' action='modify' visible='true' lat='48.1192504826' lon='-97.1229010874' />
  <node id='-2044065' action='modify' visible='true' lat='48.12017442164' lon='-97.12356091082' />
  <node id='-2044066' action='modify' visible='true' lat='48.12128097793' lon='-97.12422073424' />
  <node id='-2044067' action='modify' visible='true' lat='48.12203299287' lon='-97.12464452326' />
  <node id='-2044068' action='modify' visible='true' lat='48.12280290152' lon='-97.12503076136' />
  <node id='-2044069' action='modify' visible='true' lat='48.12367306346' lon='-97.1256959492' />
  <node id='-2044070' action='modify' visible='true' lat='48.12437133089' lon='-97.12615192473' />
  <node id='-2044071' action='modify' visible='true' lat='48.12564251134' lon='-97.12718725741' />
  <node id='-2044072' action='modify' visible='true' lat='48.126548432' lon='-97.12761104643' />
  <node id='-2044073' action='modify' visible='true' lat='48.12700675732' lon='-97.12772369921' />
  <node id='-2044074' action='modify' visible='true' lat='48.12727530541' lon='-97.1278095299' />
  <node id='-2044075' action='modify' visible='true' lat='48.12756533577' lon='-97.12797046244' />
  <node id='-2044076' action='modify' visible='true' lat='48.12810600528' lon='-97.12830842078' />
  <node id='-2044077' action='modify' visible='true' lat='48.12895817481' lon='-97.12859273493' />
  <node id='-2044078' action='modify' visible='true' lat='48.12920522972' lon='-97.12863028586' />
  <node id='-2044079' action='modify' visible='true' lat='48.13014331144' lon='-97.1286732012' />
  <node id='-2044080' action='modify' visible='true' lat='48.13163991017' lon='-97.1287322098' />
  <node id='-2044081' action='modify' visible='true' lat='48.1114267728' lon='-97.1294429925' />
  <node id='-2044082' action='modify' visible='true' lat='48.1114621411' lon='-97.129475177' />
  <node id='-2044083' action='modify' visible='true' lat='48.11148407922' lon='-97.12951071627' />
  <node id='-2044084' action='modify' visible='true' lat='48.11150333103' lon='-97.12955296106' />
  <node id='-2044085' action='modify' visible='true' lat='48.11152123968' lon='-97.12961465187' />
  <node id='-2044086' action='modify' visible='true' lat='48.11154765493' lon='-97.1297433979' />
  <node id='-2044087' action='modify' visible='true' lat='48.11157765189' lon='-97.12991505928' />
  <node id='-2044088' action='modify' visible='true' lat='48.11159735138' lon='-97.13005453415' />
  <node id='-2044089' action='modify' visible='true' lat='48.11161346914' lon='-97.13023826547' />
  <node id='-2044090' action='modify' visible='true' lat='48.11162555746' lon='-97.13046290047' />
  <node id='-2044091' action='modify' visible='true' lat='48.11164704779' lon='-97.13065333731' />
  <node id='-2044092' action='modify' visible='true' lat='48.11166674726' lon='-97.13079281218' />
  <node id='-2044093' action='modify' visible='true' lat='48.11170032586' lon='-97.13091351159' />
  <node id='-2044094' action='modify' visible='true' lat='48.11175629017' lon='-97.1310509748' />
  <node id='-2044095' action='modify' visible='true' lat='48.11181404527' lon='-97.13116630979' />
  <node id='-2044096' action='modify' visible='true' lat='48.11188926112' lon='-97.13127963312' />
  <node id='-2044097' action='modify' visible='true' lat='48.11196313372' lon='-97.13135607607' />
  <node id='-2044098' action='modify' visible='true' lat='48.11204685587' lon='-97.13141642578' />
  <node id='-2044099' action='modify' visible='true' lat='48.11211266944' lon='-97.13146135278' />
  <node id='-2044100' action='modify' visible='true' lat='48.11213595042' lon='-97.13147744603' />
  <node id='-2044101' action='modify' visible='true' lat='48.11215475427' lon='-97.13150292702' />
  <node id='-2044102' action='modify' visible='true' lat='48.1121686333' lon='-97.13152907855' />
  <node id='-2044103' action='modify' visible='true' lat='48.11218251233' lon='-97.13157266445' />
  <node id='-2044104' action='modify' visible='true' lat='48.11220086846' lon='-97.1316605068' />
  <node id='-2044105' action='modify' visible='true' lat='48.11222056771' lon='-97.13177919454' />
  <node id='-2044106' action='modify' visible='true' lat='48.11223399901' lon='-97.13199310071' />
  <node id='-2044107' action='modify' visible='true' lat='48.11224877389' lon='-97.1323089315' />
  <node id='-2044108' action='modify' visible='true' lat='48.11225146015' lon='-97.13244974747' />
  <node id='-2044109' action='modify' visible='true' lat='48.11226668228' lon='-97.13261604443' />
  <node id='-2044110' action='modify' visible='true' lat='48.11227877' lon='-97.13274613089' />
  <node id='-2044111' action='modify' visible='true' lat='48.11229220128' lon='-97.13279038734' />
  <node id='-2044112' action='modify' visible='true' lat='48.11231010966' lon='-97.13282458551' />
  <node id='-2044113' action='modify' visible='true' lat='48.11233473367' lon='-97.13284671373' />
  <node id='-2044114' action='modify' visible='true' lat='48.11235890996' lon='-97.13285610146' />
  <node id='-2044115' action='modify' visible='true' lat='48.11239875604' lon='-97.13285744257' />
  <node id='-2044116' action='modify' visible='true' lat='48.11370649625' lon='-97.1328976757' />
  <node id='-2044117' action='modify' visible='true' lat='48.11372664262' lon='-97.13290505178' />
  <node id='-2044118' action='modify' visible='true' lat='48.1137441028' lon='-97.13291913338' />
  <node id='-2044119' action='modify' visible='true' lat='48.11376469686' lon='-97.13294193215' />
  <node id='-2044120' action='modify' visible='true' lat='48.11377991855' lon='-97.13296741314' />
  <node id='-2044121' action='modify' visible='true' lat='48.11379424483' lon='-97.13300094075' />
  <node id='-2044122' action='modify' visible='true' lat='48.11380364646' lon='-97.13302776284' />
  <node id='-2044123' action='modify' visible='true' lat='48.11381125729' lon='-97.13306129045' />
  <node id='-2044124' action='modify' visible='true' lat='48.11381886813' lon='-97.13314108617' />
  <node id='-2044125' action='modify' visible='true' lat='48.11382468953' lon='-97.13692635566' />
  <node id='-2044126' action='modify' visible='true' lat='48.11382692666' lon='-97.13699072666' />
  <node id='-2044127' action='modify' visible='true' lat='48.11383140362' lon='-97.13704839415' />
  <node id='-2044128' action='modify' visible='true' lat='48.11383856677' lon='-97.13709935613' />
  <node id='-2044129' action='modify' visible='true' lat='48.11384707299' lon='-97.13716171749' />
  <node id='-2044130' action='modify' visible='true' lat='48.11387214395' lon='-97.13724084265' />
  <node id='-2044131' action='modify' visible='true' lat='48.11392139092' lon='-97.13730588689' />
  <node id='-2044132' action='modify' visible='true' lat='48.11397332355' lon='-97.13734477892' />
  <node id='-2044133' action='modify' visible='true' lat='48.11403868696' lon='-97.13736355438' />
  <node id='-2044134' action='modify' visible='true' lat='48.11411479494' lon='-97.1373675777' />
  <node id='-2044135' action='modify' visible='true' lat='48.12082886573' lon='-97.13731795683' />
  <node id='-2044136' action='modify' visible='true' lat='48.12068693498' lon='-97.14801622257' />
  <node id='-2044137' action='modify' visible='true' lat='48.1067458293' lon='-97.14841047644' />
  <node id='-2044138' action='modify' visible='true' lat='48.10671677128' lon='-97.12948666112' />
  <node id='-2044139' action='modify' visible='true' lat='48.1113757433' lon='-97.12942223151' />
  <node id='-2044140' action='modify' visible='true' lat='48.10672453837' lon='-97.12712054709' />
  <node id='-2044141' action='modify' visible='true' lat='48.10671879287' lon='-97.1292669263' />
  <node id='-2044142' action='modify' visible='true' lat='48.11344459271' lon='-97.12940543957' />
  <node id='-2044143' action='modify' visible='true' lat='48.11348399025' lon='-97.12939672239' />
  <node id='-2044144' action='modify' visible='true' lat='48.11351935848' lon='-97.12937995858' />
  <node id='-2044145' action='modify' visible='true' lat='48.11356233755' lon='-97.12934777207' />
  <node id='-2044146' action='modify' visible='true' lat='48.11358875175' lon='-97.12931625612' />
  <node id='-2044147' action='modify' visible='true' lat='48.1136232245' lon='-97.12927267022' />
  <node id='-2044148' action='modify' visible='true' lat='48.11364784788' lon='-97.12921701438' />
  <node id='-2044149' action='modify' visible='true' lat='48.11367247126' lon='-97.12915197081' />
  <node id='-2044150' action='modify' visible='true' lat='48.11368634987' lon='-97.12908491559' />
  <node id='-2044151' action='modify' visible='true' lat='48.11369396073' lon='-97.12900646098' />
  <node id='-2044152' action='modify' visible='true' lat='48.1136993331' lon='-97.12893001802' />
  <node id='-2044153' action='modify' visible='true' lat='48.11370022849' lon='-97.12884686954' />
  <node id='-2044154' action='modify' visible='true' lat='48.11366564415' lon='-97.12705192795' />
  <node id='-2044155' action='modify' visible='true' lat='48.10694832447' lon='-97.12696546072' />
  <node id='-2044156' action='modify' visible='true' lat='48.10689766325' lon='-97.12697193732' />
  <node id='-2044157' action='modify' visible='true' lat='48.10684851731' lon='-97.1269914601' />
  <node id='-2044158' action='modify' visible='true' lat='48.10680237297' lon='-97.12702343866' />
  <node id='-2044159' action='modify' visible='true' lat='48.1067606258' lon='-97.12706690585' />
  <node id='-2044160' action='modify' visible='true' lat='48.10669520209' lon='-97.12718274009' />
  <node id='-2044161' action='modify' visible='true' lat='48.1066735042' lon='-97.12725160396' />
  <node id='-2044162' action='modify' visible='true' lat='48.10666010091' lon='-97.12732505602' />
  <node id='-2044163' action='modify' visible='true' lat='48.1066553976' lon='-97.12740087486' />
  <node id='-2044164' action='modify' visible='true' lat='48.10664940217' lon='-97.12901245369' />
  <node id='-2044165' action='modify' visible='true' lat='48.10665375637' lon='-97.12908255962' />
  <node id='-2044166' action='modify' visible='true' lat='48.10666717249' lon='-97.12915004065' />
  <node id='-2044167' action='modify' visible='true' lat='48.10668913346' lon='-97.12921229599' />
  <node id='-2044168' action='modify' visible='true' lat='48.10675500763' lon='-97.1293118261' />
  <node id='-2044169' action='modify' visible='true' lat='48.10679638198' lon='-97.12934526491' />
  <node id='-2044170' action='modify' visible='true' lat='48.10684132132' lon='-97.12936595398' />
  <node id='-2044171' action='modify' visible='true' lat='48.10688809366' lon='-97.12937309595' />
  <node id='-2044172' action='modify' visible='true' lat='48.10664789789' lon='-97.12973531539' />
  <node id='-2044173' action='modify' visible='true' lat='48.10665237653' lon='-97.12966667784' />
  <node id='-2044174' action='modify' visible='true' lat='48.10666574794' lon='-97.12960068458' />
  <node id='-2044175' action='modify' visible='true' lat='48.10668749382' lon='-97.12953989357' />
  <node id='-2044176' action='modify' visible='true' lat='48.10675244549' lon='-97.12944305056' />
  <node id='-2044177' action='modify' visible='true' lat='48.10679313366' lon='-97.12941075229' />
  <node id='-2044178' action='modify' visible='true' lat='48.10683725868' lon='-97.12939101821' />
  <node id='-2044179' action='modify' visible='true' lat='48.10688311022' lon='-97.12938461323' />
  <node id='-2044180' action='modify' visible='true' lat='48.12076359816' lon='-97.14777804154' />
  <node id='-2044181' action='modify' visible='true' lat='48.12075818237' lon='-97.14784570602' />
  <node id='-2044182' action='modify' visible='true' lat='48.12074304125' lon='-97.14790997002' />
  <node id='-2044183' action='modify' visible='true' lat='48.12071890441' lon='-97.14796773677' />
  <node id='-2044184' action='modify' visible='true' lat='48.12064867349' lon='-97.14805309097' />
  <node id='-2044185' action='modify' visible='true' lat='48.12060596368' lon='-97.14807656533' />
  <node id='-2044186' action='modify' visible='true' lat='48.12056086369' lon='-97.14808551446' />
  <node id='-2044187' action='modify' visible='true' lat='48.10694530489' lon='-97.14852844942' />
  <node id='-2044188' action='modify' visible='true' lat='48.10689050407' lon='-97.1485220564' />
  <node id='-2044189' action='modify' visible='true' lat='48.10683762734' lon='-97.14849957216' />
  <node id='-2044190' action='modify' visible='true' lat='48.10678876002' lon='-97.14846188339' />
  <node id='-2044191' action='modify' visible='true' lat='48.10671052825' lon='-97.14834737863' />
  <node id='-2044192' action='modify' visible='true' lat='48.10668424905' lon='-97.14827507836' />
  <node id='-2044193' action='modify' visible='true' lat='48.10666802811' lon='-97.14819642694' />
  <node id='-2044194' action='modify' visible='true' lat='48.10666250512' lon='-97.14811452613' />
  <node id='-2044195' action='modify' visible='true' lat='48.11370964944' lon='-97.12721423444' />
  <node id='-2044196' action='modify' visible='true' lat='48.11370476124' lon='-97.12715492256' />
  <node id='-2044197' action='modify' visible='true' lat='48.11368974887' lon='-97.12709955184' />
  <node id='-2044198' action='modify' visible='true' lat='48.11363410381' lon='-97.12701532413' />
  <node id='-2044199' action='modify' visible='true' lat='48.11359729562' lon='-97.12699225619' />
  <node id='-2044200' action='modify' visible='true' lat='48.11355774944' lon='-97.12698430961' />
  <node id='-2044201' action='modify' visible='true' lat='48.11380319921' lon='-97.13290035859' />
  <node id='-2044202' action='modify' visible='true' lat='48.11383063235' lon='-97.12723254142' />
  <node id='-2044203' action='modify' visible='true' lat='48.11146258967' lon='-97.12939566179' />
  <node id='-2044204' action='modify' visible='true' lat='48.11384303227' lon='-97.12727827228' />
  <node id='-2044205' action='modify' visible='true' lat='48.11383989821' lon='-97.12725354191' />
  <node id='-2044206' action='modify' visible='true' lat='48.11381667159' lon='-97.1272185275' />
  <node id='-2044207' action='modify' visible='true' lat='48.11380018091' lon='-97.12721367335' />
  <node id='-2044208' action='modify' visible='true' lat='48.10641050675' lon='-97.12707725986' />
  <node id='-2044209' action='modify' visible='true' lat='48.10636436743' lon='-97.14848390296' />
  <node id='-2044210' action='modify' visible='true' lat='48.10450236038' lon='-97.14838944443' />
  <node id='-2044211' action='modify' visible='true' lat='48.10446564262' lon='-97.14838475056' />
  <node id='-2044212' action='modify' visible='true' lat='48.10442220816' lon='-97.14838542111' />
  <node id='-2044213' action='modify' visible='true' lat='48.10437966922' lon='-97.1483981616' />
  <node id='-2044214' action='modify' visible='true' lat='48.10433489135' lon='-97.14841961928' />
  <node id='-2044215' action='modify' visible='true' lat='48.10430041237' lon='-97.14844241805' />
  <node id='-2044216' action='modify' visible='true' lat='48.10425697777' lon='-97.14848935671' />
  <node id='-2044217' action='modify' visible='true' lat='48.1041580184' lon='-97.14862749048' />
  <node id='-2044218' action='modify' visible='true' lat='48.10412667376' lon='-97.14867241748' />
  <node id='-2044219' action='modify' visible='true' lat='48.10410741919' lon='-97.14869655736' />
  <node id='-2044220' action='modify' visible='true' lat='48.1040859257' lon='-97.14871801503' />
  <node id='-2044221' action='modify' visible='true' lat='48.10405547658' lon='-97.14874081381' />
  <node id='-2044222' action='modify' visible='true' lat='48.10401965407' lon='-97.14875958927' />
  <node id='-2044223' action='modify' visible='true' lat='48.10397487589' lon='-97.14877434142' />
  <node id='-2044224' action='modify' visible='true' lat='48.10391352972' lon='-97.14878507026' />
  <node id='-2044225' action='modify' visible='true' lat='48.10384636229' lon='-97.14879244633' />
  <node id='-2044226' action='modify' visible='true' lat='48.10378009035' lon='-97.14879781075' />
  <node id='-2044227' action='modify' visible='true' lat='48.10373620753' lon='-97.1487984813' />
  <node id='-2044228' action='modify' visible='true' lat='48.10206236384' lon='-97.14878842369' />
  <node id='-2044229' action='modify' visible='true' lat='48.1019898204' lon='-97.14878305927' />
  <node id='-2044230' action='modify' visible='true' lat='48.10192265047' lon='-97.14876428381' />
  <node id='-2044231' action='modify' visible='true' lat='48.10186174965' lon='-97.14874148503' />
  <node id='-2044232' action='modify' visible='true' lat='48.10177129389' lon='-97.148702593' />
  <node id='-2044233' action='modify' visible='true' lat='48.10166829951' lon='-97.1486422433' />
  <node id='-2044234' action='modify' visible='true' lat='48.10157246977' lon='-97.14857518807' />
  <node id='-2044235' action='modify' visible='true' lat='48.10134140294' lon='-97.14838206902' />
  <node id='-2044236' action='modify' visible='true' lat='48.10065446557' lon='-97.14770481125' />
  <node id='-2044237' action='modify' visible='true' lat='48.10053086961' lon='-97.14757070079' />
  <node id='-2044238' action='modify' visible='true' lat='48.10037323954' lon='-97.14742988482' />
  <node id='-2044239' action='modify' visible='true' lat='48.10020486144' lon='-97.147303821' />
  <node id='-2044240' action='modify' visible='true' lat='48.09996304086' lon='-97.14712411299' />
  <node id='-2044241' action='modify' visible='true' lat='48.09969882818' lon='-97.14691221848' />
  <node id='-2044242' action='modify' visible='true' lat='48.09960209913' lon='-97.14682236448' />
  <node id='-2044243' action='modify' visible='true' lat='48.09956269095' lon='-97.14677274361' />
  <node id='-2044244' action='modify' visible='true' lat='48.09953223915' lon='-97.14672178164' />
  <node id='-2044245' action='modify' visible='true' lat='48.09950178733' lon='-97.14665472642' />
  <node id='-2044246' action='modify' visible='true' lat='48.09947581371' lon='-97.14656353131' />
  <node id='-2044247' action='modify' visible='true' lat='48.09945342264' lon='-97.14647367731' />
  <node id='-2044248' action='modify' visible='true' lat='48.09944088364' lon='-97.14636638895' />
  <node id='-2044249' action='modify' visible='true' lat='48.09937122155' lon='-97.12704882758' />
  <node id='-2044250' action='modify' visible='true' lat='48.09933878305' lon='-97.1271684348' />
  <node id='-2044251' action='modify' visible='true' lat='48.09934239933' lon='-97.12712473231' />
  <node id='-2044252' action='modify' visible='true' lat='48.09935346483' lon='-97.12708393163' />
  <node id='-2044253' action='modify' visible='true' lat='48.09939445316' lon='-97.12702182478' />
  <node id='-2044254' action='modify' visible='true' lat='48.09942156832' lon='-97.1270047729' />
  <node id='-2044255' action='modify' visible='true' lat='48.09945070964' lon='-97.12699883998' />
  <node id='-2044256' action='modify' visible='true' lat='48.10640542878' lon='-97.14834216262' />
  <node id='-2044257' action='modify' visible='true' lat='48.10640055096' lon='-97.1483944355' />
  <node id='-2044258' action='modify' visible='true' lat='48.10638652384' lon='-97.14844285596' />
  <node id='-2044259' action='modify' visible='true' lat='48.10633569288' lon='-97.14851459167' />
  <node id='-2044260' action='modify' visible='true' lat='48.10630258533' lon='-97.14853269049' />
  <node id='-2044261' action='modify' visible='true' lat='48.10626745226' lon='-97.14853688331' />
  <node id='-2044262' action='modify' visible='true' lat='48.10624601136' lon='-97.12695915992' />
  <node id='-2044263' action='modify' visible='true' lat='48.10629282155' lon='-97.12696681974' />
  <node id='-2044264' action='modify' visible='true' lat='48.10633730338' lon='-97.12698995792' />
  <node id='-2044265' action='modify' visible='true' lat='48.10637720508' lon='-97.12702740315' />
  <node id='-2044266' action='modify' visible='true' lat='48.10643552261' lon='-97.1271370042' />
  <node id='-2044267' action='modify' visible='true' lat='48.10645098629' lon='-97.12720361178' />
  <node id='-2044268' action='modify' visible='true' lat='48.10645611501' lon='-97.12727371076' />
  <node id='-2044269' action='modify' visible='true' lat='48.1120780866' lon='-97.12640052562' />
  <node id='-2044270' action='modify' visible='true' lat='48.11212093212' lon='-97.12278674508' />
  <node id='-2044271' action='modify' visible='true' lat='48.11187943798' lon='-97.12279481746' />
  <node id='-2044272' action='modify' visible='true' lat='48.11163451311' lon='-97.1235796836' />
  <node id='-2044273' action='modify' visible='true' lat='48.11159779955' lon='-97.12371513382' />
  <node id='-2044274' action='modify' visible='true' lat='48.11156735488' lon='-97.12380230561' />
  <node id='-2044275' action='modify' visible='true' lat='48.11153870105' lon='-97.12388679519' />
  <node id='-2044276' action='modify' visible='true' lat='48.11149034769' lon='-97.12399140134' />
  <node id='-2044277' action='modify' visible='true' lat='48.11142856278' lon='-97.12410807744' />
  <node id='-2044278' action='modify' visible='true' lat='48.11135155538' lon='-97.12423414126' />
  <node id='-2044279' action='modify' visible='true' lat='48.11120559919' lon='-97.12441384926' />
  <node id='-2044280' action='modify' visible='true' lat='48.11103546569' lon='-97.12463647261' />
  <node id='-2044281' action='modify' visible='true' lat='48.11089667215' lon='-97.12480545178' />
  <node id='-2044282' action='modify' visible='true' lat='48.11079011428' lon='-97.1249315156' />
  <node id='-2044283' action='modify' visible='true' lat='48.11062982933' lon='-97.12504685059' />
  <node id='-2044284' action='modify' visible='true' lat='48.11041223499' lon='-97.12520644203' />
  <node id='-2044285' action='modify' visible='true' lat='48.11003883022' lon='-97.12543979421' />
  <node id='-2044286' action='modify' visible='true' lat='48.10981496515' lon='-97.12556451693' />
  <node id='-2044287' action='modify' visible='true' lat='48.10967169099' lon='-97.12562620774' />
  <node id='-2044288' action='modify' visible='true' lat='48.10951856629' lon='-97.12565973535' />
  <node id='-2044289' action='modify' visible='true' lat='48.10935469549' lon='-97.12568521634' />
  <node id='-2044290' action='modify' visible='true' lat='48.10916037808' lon='-97.12569326296' />
  <node id='-2044291' action='modify' visible='true' lat='48.10901531114' lon='-97.12568253413' />
  <node id='-2044292' action='modify' visible='true' lat='48.10891591319' lon='-97.12568253413' />
  <node id='-2044293' action='modify' visible='true' lat='48.10874756307' lon='-97.12570667401' />
  <node id='-2044294' action='modify' visible='true' lat='48.10868935678' lon='-97.12572410837' />
  <node id='-2044295' action='modify' visible='true' lat='48.10865891039' lon='-97.12574422494' />
  <node id='-2044296' action='modify' visible='true' lat='48.10863025495' lon='-97.12576031819' />
  <node id='-2044297' action='modify' visible='true' lat='48.10857383949' lon='-97.12578177586' />
  <node id='-2044298' action='modify' visible='true' lat='48.10850936461' lon='-97.12578445807' />
  <node id='-2044299' action='modify' visible='true' lat='48.1084422032' lon='-97.12577507034' />
  <node id='-2044300' action='modify' visible='true' lat='48.10837504169' lon='-97.12574288383' />
  <node id='-2044301' action='modify' visible='true' lat='48.10829713423' lon='-97.12569996849' />
  <node id='-2044302' action='modify' visible='true' lat='48.10822012215' lon='-97.12567582861' />
  <node id='-2044303' action='modify' visible='true' lat='48.1081484829' lon='-97.12567582861' />
  <node id='-2044304' action='modify' visible='true' lat='48.10807863453' lon='-97.12570667401' />
  <node id='-2044305' action='modify' visible='true' lat='48.10800162212' lon='-97.12575629488' />
  <node id='-2044306' action='modify' visible='true' lat='48.10795863839' lon='-97.12578177586' />
  <node id='-2044307' action='modify' visible='true' lat='48.1079031177' lon='-97.12579116359' />
  <node id='-2044308' action='modify' visible='true' lat='48.10785476092' lon='-97.12578445807' />
  <node id='-2044309' action='modify' visible='true' lat='48.10780909058' lon='-97.12576031819' />
  <node id='-2044310' action='modify' visible='true' lat='48.10748402407' lon='-97.12560072675' />
  <node id='-2044311' action='modify' visible='true' lat='48.10723507367' lon='-97.12543308869' />
  <node id='-2044312' action='modify' visible='true' lat='48.10716432856' lon='-97.12539553776' />
  <node id='-2044313' action='modify' visible='true' lat='48.10709537436' lon='-97.12536871567' />
  <node id='-2044314' action='modify' visible='true' lat='48.10700582332' lon='-97.12535396352' />
  <node id='-2044315' action='modify' visible='true' lat='48.10693060033' lon='-97.12536201015' />
  <node id='-2044316' action='modify' visible='true' lat='48.10684284003' lon='-97.12539553776' />
  <node id='-2044317' action='modify' visible='true' lat='48.10677298988' lon='-97.12545588747' />
  <node id='-2044318' action='modify' visible='true' lat='48.10672373652' lon='-97.12552964821' />
  <node id='-2044319' action='modify' visible='true' lat='48.10668612483' lon='-97.12562888995' />
  <node id='-2044320' action='modify' visible='true' lat='48.10666821449' lon='-97.12571606174' />
  <node id='-2044321' action='modify' visible='true' lat='48.10666015484' lon='-97.12582603231' />
  <node id='-2044322' action='modify' visible='true' lat='48.10666463243' lon='-97.12594941393' />
  <node id='-2044323' action='modify' visible='true' lat='48.10676068445' lon='-97.12649528624' />
  <node id='-2044324' action='modify' visible='true' lat='48.11188190773' lon='-97.12652234017' />
  <node id='-2044325' action='modify' visible='true' lat='48.11193603519' lon='-97.12651430877' />
  <node id='-2044326' action='modify' visible='true' lat='48.11198807909' lon='-97.12649062937' />
  <node id='-2044327' action='modify' visible='true' lat='48.1120360429' lon='-97.12645221036' />
  <node id='-2044328' action='modify' visible='true' lat='48.11211259728' lon='-97.12633755792' />
  <node id='-2044329' action='modify' visible='true' lat='48.11213825103' lon='-97.1262657229' />
  <node id='-2044330' action='modify' visible='true' lat='48.11215406371' lon='-97.12618777634' />
  <node id='-2044331' action='modify' visible='true' lat='48.11215942871' lon='-97.12610670851' />
  <node id='-2044332' action='modify' visible='true' lat='48.11216092691' lon='-97.12293157744' />
  <node id='-2044333' action='modify' visible='true' lat='48.11215629093' lon='-97.12287857113' />
  <node id='-2044334' action='modify' visible='true' lat='48.11214264917' lon='-97.12282917049' />
  <node id='-2044335' action='modify' visible='true' lat='48.11209262108' lon='-97.12275418873' />
  <node id='-2044336' action='modify' visible='true' lat='48.11205964712' lon='-97.12273372208' />
  <node id='-2044337' action='modify' visible='true' lat='48.11202425936' lon='-97.12272674114' />
  <node id='-2044338' action='modify' visible='true' lat='48.11200364944' lon='-97.12272674114' />
  <node id='-2044339' action='modify' visible='true' lat='48.11195905232' lon='-97.12273458737' />
  <node id='-2044340' action='modify' visible='true' lat='48.11191688321' lon='-97.12275769891' />
  <node id='-2044341' action='modify' visible='true' lat='48.11184875531' lon='-97.12284392213' />
  <node id='-2044342' action='modify' visible='true' lat='48.1118265057' lon='-97.12290233948' />
  <node id='-2044343' action='modify' visible='true' lat='48.10670102075' lon='-97.12635436286' />
  <node id='-2044344' action='modify' visible='true' lat='48.10671148311' lon='-97.12640936047' />
  <node id='-2044345' action='modify' visible='true' lat='48.10673193066' lon='-97.12645765679' />
  <node id='-2044346' action='modify' visible='true' lat='48.1067953835' lon='-97.12651915906' />
  <node id='-2044347' action='modify' visible='true' lat='48.10683317869' lon='-97.12652731507' />
  <node id='-2044348' action='modify' visible='true' lat='48.10491233613' lon='-97.12643414294' />
  <node id='-2044349' action='modify' visible='true' lat='48.10614176445' lon='-97.12636409417' />
  <node id='-2044350' action='modify' visible='true' lat='48.10621687146' lon='-97.1249811358' />
  <node id='-2044351' action='modify' visible='true' lat='48.10621508041' lon='-97.12494023211' />
  <node id='-2044352' action='modify' visible='true' lat='48.10620791621' lon='-97.12489530511' />
  <node id='-2044353' action='modify' visible='true' lat='48.10619627438' lon='-97.12485306032' />
  <node id='-2044354' action='modify' visible='true' lat='48.10618060269' lon='-97.12481215663' />
  <node id='-2044355' action='modify' visible='true' lat='48.10615821454' lon='-97.12477527626' />
  <node id='-2044356' action='modify' visible='true' lat='48.10613358757' lon='-97.12474912472' />
  <node id='-2044357' action='modify' visible='true' lat='48.1061125427' lon='-97.12473370202' />
  <node id='-2044358' action='modify' visible='true' lat='48.10608612465' lon='-97.12472431429' />
  <node id='-2044359' action='modify' visible='true' lat='48.10605075132' lon='-97.124714256' />
  <node id='-2044360' action='modify' visible='true' lat='48.10601761678' lon='-97.12469682164' />
  <node id='-2044361' action='modify' visible='true' lat='48.1059934375' lon='-97.12467134066' />
  <node id='-2044362' action='modify' visible='true' lat='48.10594373563' lon='-97.12460294433' />
  <node id='-2044363' action='modify' visible='true' lat='48.10591955632' lon='-97.12454393573' />
  <node id='-2044364' action='modify' visible='true' lat='48.10588463064' lon='-97.12449163266' />
  <node id='-2044365' action='modify' visible='true' lat='48.10583179474' lon='-97.12443530694' />
  <node id='-2044366' action='modify' visible='true' lat='48.1057583611' lon='-97.12436154619' />
  <node id='-2044367' action='modify' visible='true' lat='48.10568940501' lon='-97.12431594864' />
  <node id='-2044368' action='modify' visible='true' lat='48.10562134438' lon='-97.1243052198' />
  <node id='-2044369' action='modify' visible='true' lat='48.10552641755' lon='-97.12430924311' />
  <node id='-2044370' action='modify' visible='true' lat='48.10543238608' lon='-97.12432935968' />
  <node id='-2044371' action='modify' visible='true' lat='48.10531059268' lon='-97.1243655695' />
  <node id='-2044372' action='modify' visible='true' lat='48.10517715694' lon='-97.12442726031' />
  <node id='-2044373' action='modify' visible='true' lat='48.10505625849' lon='-97.124513091' />
  <node id='-2044374' action='modify' visible='true' lat='48.104978346' lon='-97.12459087506' />
  <node id='-2044375' action='modify' visible='true' lat='48.10492998647' lon='-97.12467000023' />
  <node id='-2044376' action='modify' visible='true' lat='48.10488968682' lon='-97.12482825056' />
  <node id='-2044377' action='modify' visible='true' lat='48.10487535805' lon='-97.12502405182' />
  <node id='-2044378' action='modify' visible='true' lat='48.10488162689' lon='-97.12565973535' />
  <node id='-2044379' action='modify' visible='true' lat='48.10487860186' lon='-97.12633357911' />
  <node id='-2044380' action='modify' visible='true' lat='48.10488248986' lon='-97.12637192361' />
  <node id='-2044381' action='modify' visible='true' lat='48.10489411556' lon='-97.1264065805' />
  <node id='-2044382' action='modify' visible='true' lat='48.10493536044' lon='-97.12645190148' />
  <node id='-2044383' action='modify' visible='true' lat='48.10496092515' lon='-97.12645811043' />
  <node id='-2044384' action='modify' visible='true' lat='48.10597973051' lon='-97.12646324748' />
  <node id='-2044385' action='modify' visible='true' lat='48.1060243559' lon='-97.12645691643' />
  <node id='-2044386' action='modify' visible='true' lat='48.10606730813' lon='-97.12643771494' />
  <node id='-2044387' action='modify' visible='true' lat='48.10610694844' lon='-97.12640637563' />
  <node id='-2044388' action='modify' visible='true' lat='48.10617042781' lon='-97.12631248375' />
  <node id='-2044389' action='modify' visible='true' lat='48.10619184493' lon='-97.12625351347' />
  <node id='-2044390' action='modify' visible='true' lat='48.10620519871' lon='-97.12618943323' />
  <node id='-2044391' action='modify' visible='true' lat='48.10620997964' lon='-97.12612268789' />
  <node id='-2044392' action='modify' visible='true' lat='48.11217927418' lon='-97.12629197687' />
  <node id='-2044393' action='modify' visible='true' lat='48.11227306354' lon='-97.12627568221' />
  <node id='-2044394' action='modify' visible='true' lat='48.11231306494' lon='-97.12278111859' />
  <node id='-2044395' action='modify' visible='true' lat='48.11220043521' lon='-97.12278702501' />
  <node id='-2044396' action='modify' visible='true' lat='48.11224188712' lon='-97.12629598435' />
  <node id='-2044397' action='modify' visible='true' lat='48.11225878212' lon='-97.12629033482' />
  <node id='-2044398' action='modify' visible='true' lat='48.11228268382' lon='-97.12625412731' />
  <node id='-2044399' action='modify' visible='true' lat='48.11228626368' lon='-97.12622876048' />
  <node id='-2044400' action='modify' visible='true' lat='48.11215879941' lon='-97.12624821376' />
  <node id='-2044401' action='modify' visible='true' lat='48.11216534995' lon='-97.12627396464' />
  <node id='-2044402' action='modify' visible='true' lat='48.1121972375' lon='-97.12629793686' />
  <node id='-2044403' action='modify' visible='true' lat='48.11224163754' lon='-97.1227639422' />
  <node id='-2044404' action='modify' visible='true' lat='48.11221979677' lon='-97.12277052009' />
  <node id='-2044405' action='modify' visible='true' lat='48.11218550643' lon='-97.12281179162' />
  <node id='-2044406' action='modify' visible='true' lat='48.11217651674' lon='-97.122842321' />
  <node id='-2044407' action='modify' visible='true' lat='48.11232671385' lon='-97.12283098329' />
  <node id='-2044408' action='modify' visible='true' lat='48.1123233236' lon='-97.12280394229' />
  <node id='-2044409' action='modify' visible='true' lat='48.112297613' lon='-97.12276623905' />
  <node id='-2044410' action='modify' visible='true' lat='48.11227949091' lon='-97.12276173332' />
  <node id='-2044411' action='modify' visible='true' lat='48.10656523026' lon='-97.12621337371' />
  <node id='-2044412' action='modify' visible='true' lat='48.10647836542' lon='-97.12626457483' />
  <node id='-2044413' action='modify' visible='true' lat='48.1063888133' lon='-97.12624579936' />
  <node id='-2044414' action='modify' visible='true' lat='48.10632970882' lon='-97.12617337972' />
  <node id='-2044415' action='modify' visible='true' lat='48.10628314161' lon='-97.12599367172' />
  <node id='-2044416' action='modify' visible='true' lat='48.10626702218' lon='-97.12577104837' />
  <node id='-2044417' action='modify' visible='true' lat='48.10627060427' lon='-97.12547064096' />
  <node id='-2044418' action='modify' visible='true' lat='48.1062903058' lon='-97.12520778447' />
  <node id='-2044419' action='modify' visible='true' lat='48.10632254464' lon='-97.12511658937' />
  <node id='-2044420' action='modify' visible='true' lat='48.10637985808' lon='-97.12505489856' />
  <node id='-2044421' action='modify' visible='true' lat='48.10644433563' lon='-97.12505489856' />
  <node id='-2044422' action='modify' visible='true' lat='48.10651597726' lon='-97.12513536483' />
  <node id='-2044423' action='modify' visible='true' lat='48.10656612634' lon='-97.12528020412' />
  <node id='-2044424' action='modify' visible='true' lat='48.1065786636' lon='-97.12550014526' />
  <node id='-2044425' action='modify' visible='true' lat='48.10658582775' lon='-97.1257227686' />
  <node id='-2044426' action='modify' visible='true' lat='48.10657973115' lon='-97.12615416607' />
  <node id='-2044427' action='modify' visible='true' lat='48.10657577623' lon='-97.12618558005' />
  <node id='-2044428' action='modify' visible='true' lat='48.10654923396' lon='-97.12623454079' />
  <node id='-2044429' action='modify' visible='true' lat='48.10652951752' lon='-97.12624679178' />
  <node id='-2044430' action='modify' visible='true' lat='48.10670940916' lon='-97.12534725934' />
  <node id='-2044431' action='modify' visible='true' lat='48.10667000642' lon='-97.1252453354' />
  <node id='-2044432' action='modify' visible='true' lat='48.10663955884' lon='-97.12512463599' />
  <node id='-2044433' action='modify' visible='true' lat='48.10659836501' lon='-97.12499320775' />
  <node id='-2044434' action='modify' visible='true' lat='48.10658403672' lon='-97.12490201265' />
  <node id='-2044435' action='modify' visible='true' lat='48.10658224568' lon='-97.12481349975' />
  <node id='-2044436' action='modify' visible='true' lat='48.10661985745' lon='-97.1247679022' />
  <node id='-2044437' action='modify' visible='true' lat='48.10667537953' lon='-97.12475985557' />
  <node id='-2044438' action='modify' visible='true' lat='48.10672373742' lon='-97.12480813533' />
  <node id='-2044439' action='modify' visible='true' lat='48.10678821454' lon='-97.12485641509' />
  <node id='-2044440' action='modify' visible='true' lat='48.10685806466' lon='-97.12482154638' />
  <node id='-2044441' action='modify' visible='true' lat='48.10691179546' lon='-97.12483763963' />
  <node id='-2044442' action='modify' visible='true' lat='48.10695298903' lon='-97.12482691079' />
  <node id='-2044443' action='modify' visible='true' lat='48.10698343643' lon='-97.1247705844' />
  <node id='-2044444' action='modify' visible='true' lat='48.10704791323' lon='-97.1247679022' />
  <node id='-2044445' action='modify' visible='true' lat='48.10708015159' lon='-97.1247705844' />
  <node id='-2044446' action='modify' visible='true' lat='48.10713209114' lon='-97.12485373288' />
  <node id='-2044447' action='modify' visible='true' lat='48.10716432945' lon='-97.12492078811' />
  <node id='-2044448' action='modify' visible='true' lat='48.1072520892' lon='-97.12501198322' />
  <node id='-2044449' action='modify' visible='true' lat='48.10732372971' lon='-97.12507367402' />
  <node id='-2044450' action='modify' visible='true' lat='48.10736850497' lon='-97.1251273182' />
  <node id='-2044451' action='modify' visible='true' lat='48.10742760826' lon='-97.12514072925' />
  <node id='-2044452' action='modify' visible='true' lat='48.10748492047' lon='-97.12507635623' />
  <node id='-2044453' action='modify' visible='true' lat='48.1075350686' lon='-97.12496370345' />
  <node id='-2044454' action='modify' visible='true' lat='48.10760133571' lon='-97.12492078811' />
  <node id='-2044455' action='modify' visible='true' lat='48.10766222973' lon='-97.12493956357' />
  <node id='-2044456' action='modify' visible='true' lat='48.10771595968' lon='-97.12499320775' />
  <node id='-2044457' action='modify' visible='true' lat='48.10776610759' lon='-97.12504685193' />
  <node id='-2044458' action='modify' visible='true' lat='48.10779118153' lon='-97.12507635623' />
  <node id='-2044459' action='modify' visible='true' lat='48.10782162844' lon='-97.12508708507' />
  <node id='-2044460' action='modify' visible='true' lat='48.10785923929' lon='-97.12507903844' />
  <node id='-2044461' action='modify' visible='true' lat='48.10790580508' lon='-97.12504416972' />
  <node id='-2044462' action='modify' visible='true' lat='48.10795416182' lon='-97.12497979671' />
  <node id='-2044463' action='modify' visible='true' lat='48.10800610048' lon='-97.12496638566' />
  <node id='-2044464' action='modify' visible='true' lat='48.10807415796' lon='-97.12496906787' />
  <node id='-2044465' action='modify' visible='true' lat='48.1081260965' lon='-97.12501466542' />
  <node id='-2044466' action='modify' visible='true' lat='48.10817624401' lon='-97.12507099181' />
  <node id='-2044467' action='modify' visible='true' lat='48.10823355539' lon='-97.1250951317' />
  <node id='-2044468' action='modify' visible='true' lat='48.1083302682' lon='-97.12508708507' />
  <node id='-2044469' action='modify' visible='true' lat='48.10843056277' lon='-97.12503880531' />
  <node id='-2044470' action='modify' visible='true' lat='48.10853085715' lon='-97.12503880531' />
  <node id='-2044471' action='modify' visible='true' lat='48.10858279523' lon='-97.12504953414' />
  <node id='-2044472' action='modify' visible='true' lat='48.10867592545' lon='-97.12508172065' />
  <node id='-2044473' action='modify' visible='true' lat='48.1087601007' lon='-97.12504953414' />
  <node id='-2044474' action='modify' visible='true' lat='48.10883890293' lon='-97.12498247892' />
  <node id='-2044475' action='modify' visible='true' lat='48.10888546783' lon='-97.12491542369' />
  <node id='-2044476' action='modify' visible='true' lat='48.10891412313' lon='-97.12490469486' />
  <node id='-2044477' action='modify' visible='true' lat='48.10896426987' lon='-97.12491542369' />
  <node id='-2044478' action='modify' visible='true' lat='48.10903053513' lon='-97.12489396602' />
  <node id='-2044479' action='modify' visible='true' lat='48.10907709986' lon='-97.12478935987' />
  <node id='-2044480' action='modify' visible='true' lat='48.10913978308' lon='-97.12476253778' />
  <node id='-2044481' action='modify' visible='true' lat='48.10923291229' lon='-97.12470352918' />
  <node id='-2044482' action='modify' visible='true' lat='48.10928484966' lon='-97.1247088936' />
  <node id='-2044483' action='modify' visible='true' lat='48.10934574169' lon='-97.12473571569' />
  <node id='-2044484' action='modify' visible='true' lat='48.10938335143' lon='-97.1247705844' />
  <node id='-2044485' action='modify' visible='true' lat='48.10942096115' lon='-97.12478667766' />
  <node id='-2044486' action='modify' visible='true' lat='48.10947827114' lon='-97.12478935987' />
  <node id='-2044487' action='modify' visible='true' lat='48.10952841733' lon='-97.12475717336' />
  <node id='-2044488' action='modify' visible='true' lat='48.1095803544' lon='-97.12474376231' />
  <node id='-2044489' action='modify' visible='true' lat='48.1096251277' lon='-97.12476521999' />
  <node id='-2044490' action='modify' visible='true' lat='48.10964303701' lon='-97.12480277091' />
  <node id='-2044491' action='modify' visible='true' lat='48.10968243746' lon='-97.12481081754' />
  <node id='-2044492' action='modify' visible='true' lat='48.10973616531' lon='-97.12482422858' />
  <node id='-2044493' action='modify' visible='true' lat='48.10982212974' lon='-97.124829593' />
  <node id='-2044494' action='modify' visible='true' lat='48.1099134668' lon='-97.1247705844' />
  <node id='-2044495' action='modify' visible='true' lat='48.1099958491' lon='-97.12465524942' />
  <node id='-2044496' action='modify' visible='true' lat='48.11004241295' lon='-97.12463379174' />
  <node id='-2044497' action='modify' visible='true' lat='48.11011584048' lon='-97.12463379174' />
  <node id='-2044498' action='modify' visible='true' lat='48.11021792247' lon='-97.12469011813' />
  <node id='-2044499' action='modify' visible='true' lat='48.11028239521' lon='-97.12474912673' />
  <node id='-2044500' action='modify' visible='true' lat='48.11029314066' lon='-97.12481886417' />
  <node id='-2044501' action='modify' visible='true' lat='48.11026448612' lon='-97.1249181059' />
  <node id='-2044502' action='modify' visible='true' lat='48.11025553158' lon='-97.12499052554' />
  <node id='-2044503' action='modify' visible='true' lat='48.11030925882' lon='-97.12500930101' />
  <node id='-2044504' action='modify' visible='true' lat='48.11038626778' lon='-97.12495565683' />
  <node id='-2044505' action='modify' visible='true' lat='48.11043283128' lon='-97.12489396602' />
  <node id='-2044506' action='modify' visible='true' lat='48.11046506752' lon='-97.12477594882' />
  <node id='-2044507' action='modify' visible='true' lat='48.11046327662' lon='-97.12468207151' />
  <node id='-2044508' action='modify' visible='true' lat='48.11050625825' lon='-97.12454259664' />
  <node id='-2044509' action='modify' visible='true' lat='48.11055819433' lon='-97.12451041013' />
  <node id='-2044510' action='modify' visible='true' lat='48.11058147601' lon='-97.12441385061' />
  <node id='-2044511' action='modify' visible='true' lat='48.11056356703' lon='-97.12431997329' />
  <node id='-2044512' action='modify' visible='true' lat='48.11057431241' lon='-97.12416440517' />
  <node id='-2044513' action='modify' visible='true' lat='48.11063162112' lon='-97.12414294749' />
  <node id='-2044514' action='modify' visible='true' lat='48.11064953008' lon='-97.12411076099' />
  <node id='-2044515' action='modify' visible='true' lat='48.11070862959' lon='-97.12410271436' />
  <node id='-2044516' action='modify' visible='true' lat='48.11075340191' lon='-97.12414026529' />
  <node id='-2044517' action='modify' visible='true' lat='48.11081966486' lon='-97.12422877818' />
  <node id='-2044518' action='modify' visible='true' lat='48.1108751824' lon='-97.12423682481' />
  <node id='-2044519' action='modify' visible='true' lat='48.11091995457' lon='-97.12419390947' />
  <node id='-2044520' action='modify' visible='true' lat='48.11094502697' lon='-97.12412417203' />
  <node id='-2044521' action='modify' visible='true' lat='48.11095219051' lon='-97.12401151925' />
  <node id='-2044522' action='modify' visible='true' lat='48.1109163728' lon='-97.12388813764' />
  <node id='-2044523' action='modify' visible='true' lat='48.11096293582' lon='-97.12376475602' />
  <node id='-2044524' action='modify' visible='true' lat='48.11104531644' lon='-97.12370574743' />
  <node id='-2044525' action='modify' visible='true' lat='48.11112590605' lon='-97.12371915847' />
  <node id='-2044526' action='modify' visible='true' lat='48.11124589478' lon='-97.12368697196' />
  <node id='-2044527' action='modify' visible='true' lat='48.11131752972' lon='-97.12366551429' />
  <node id='-2044528' action='modify' visible='true' lat='48.11139274629' lon='-97.12355286151' />
  <node id='-2044529' action='modify' visible='true' lat='48.11144109975' lon='-97.12343484432' />
  <node id='-2044530' action='modify' visible='true' lat='48.11145542669' lon='-97.12327927619' />
  <node id='-2044531' action='modify' visible='true' lat='48.11145005409' lon='-97.12312370807' />
  <node id='-2044532' action='modify' visible='true' lat='48.1114214002' lon='-97.12300032645' />
  <node id='-2044533' action='modify' visible='true' lat='48.11144289061' lon='-97.12283939391' />
  <node id='-2044534' action='modify' visible='true' lat='48.11149482575' lon='-97.12271333009' />
  <node id='-2044535' action='modify' visible='true' lat='48.11156646034' lon='-97.12257921964' />
  <node id='-2044536' action='modify' visible='true' lat='48.11163093138' lon='-97.12252557546' />
  <node id='-2044537' action='modify' visible='true' lat='48.11170256578' lon='-97.12245047361' />
  <node id='-2044538' action='modify' visible='true' lat='48.11177061837' lon='-97.12240755826' />
  <node id='-2044539' action='modify' visible='true' lat='48.1118332983' lon='-97.12245852023' />
  <node id='-2044540' action='modify' visible='true' lat='48.11186016111' lon='-97.12261140615' />
  <node id='-2044541' action='modify' visible='true' lat='48.11185299769' lon='-97.12276697427' />
  <node id='-2044542' action='modify' visible='true' lat='48.11180285377' lon='-97.12286085159' />
  <node id='-2044543' action='modify' visible='true' lat='48.11173480123' lon='-97.12293327123' />
  <node id='-2044544' action='modify' visible='true' lat='48.11165600344' lon='-97.12303519517' />
  <node id='-2044545' action='modify' visible='true' lat='48.11164883999' lon='-97.12311029702' />
  <node id='-2044546' action='modify' visible='true' lat='48.11164346741' lon='-97.12327927619' />
  <node id='-2044547' action='modify' visible='true' lat='48.11161302277' lon='-97.12353140384' />
  <node id='-2044548' action='modify' visible='true' lat='48.09165677359' lon='-97.12836121152' />
  <node id='-2044549' action='modify' visible='true' lat='48.09158647574' lon='-97.12838646978' />
  <node id='-2044550' action='modify' visible='true' lat='48.09157319193' lon='-97.12839549' />
  <node id='-2044551' action='modify' visible='true' lat='48.09153839468' lon='-97.12843969368' />
  <node id='-2044552' action='modify' visible='true' lat='48.09152657742' lon='-97.12846615391' />
  <node id='-2044553' action='modify' visible='true' lat='48.0915050315' lon='-97.128557806' />
  <node id='-2044554' action='modify' visible='true' lat='48.09205254165' lon='-97.12638928369' />
  <node id='-2044555' action='modify' visible='true' lat='48.09203390923' lon='-97.12573073048' />
  <node id='-2044556' action='modify' visible='true' lat='48.09209021408' lon='-97.12330838569' />
  <node id='-2044557' action='modify' visible='true' lat='48.09212405242' lon='-97.12328895918' />
  <node id='-2044558' action='modify' visible='true' lat='48.09220576148' lon='-97.12326502153' />
  <node id='-2044559' action='modify' visible='true' lat='48.09229068297' lon='-97.12324436992' />
  <node id='-2044560' action='modify' visible='true' lat='48.09232297871' lon='-97.12323703674' />
  <node id='-2044561' action='modify' visible='true' lat='48.09238492504' lon='-97.12324162614' />
  <node id='-2044562' action='modify' visible='true' lat='48.0924211006' lon='-97.1232602532' />
  <node id='-2044563' action='modify' visible='true' lat='48.09245502226' lon='-97.12329117685' />
  <node id='-2044564' action='modify' visible='true' lat='48.0924771279' lon='-97.12332279841' />
  <node id='-2044565' action='modify' visible='true' lat='48.09251715891' lon='-97.12339315839' />
  <node id='-2044566' action='modify' visible='true' lat='48.09184515788' lon='-97.11181144368' />
  <node id='-2044567' action='modify' visible='true' lat='48.09184856626' lon='-97.11193267098' />
  <node id='-2044568' action='modify' visible='true' lat='48.09182065433' lon='-97.11148300856' />
  <node id='-2044569' action='modify' visible='true' lat='48.09183505266' lon='-97.11158219215' />
  <node id='-2044570' action='modify' visible='true' lat='48.09172711148' lon='-97.11135633815' />
  <node id='-2044571' action='modify' visible='true' lat='48.09178214428' lon='-97.11140191856' />
  <node id='-2044572' action='modify' visible='true' lat='48.09128502652' lon='-97.11172377962' />
  <node id='-2044573' action='modify' visible='true' lat='48.09138566872' lon='-97.11172142128' />
  <node id='-2044574' action='modify' visible='true' lat='48.09118452714' lon='-97.11173214809' />
  <node id='-2044575' action='modify' visible='true' lat='48.09113121832' lon='-97.11173921257' />
  <node id='-2044576' action='modify' visible='true' lat='48.09102858502' lon='-97.11174508187' />
  <node id='-2044577' action='modify' visible='true' lat='48.09098786119' lon='-97.11174435466' />
  <node id='-2044578' action='modify' visible='true' lat='48.09094906381' lon='-97.11173502428' />
  <node id='-2044579' action='modify' visible='true' lat='48.09091198865' lon='-97.11170761663' />
  <node id='-2044580' action='modify' visible='true' lat='48.09088734975' lon='-97.1116622694' />
  <node id='-2044581' action='modify' visible='true' lat='48.09077569553' lon='-97.1112315941' />
  <node id='-2044582' action='modify' visible='true' lat='48.09075951949' lon='-97.11114562964' />
  <node id='-2044583' action='modify' visible='true' lat='48.0903363434' lon='-97.11054280929' />
  <node id='-2044584' action='modify' visible='true' lat='48.09036653214' lon='-97.11060447712' />
  <node id='-2044585' action='modify' visible='true' lat='48.09044189307' lon='-97.11070718856' />
  <node id='-2044586' action='modify' visible='true' lat='48.09009433972' lon='-97.10991356741' />
  <node id='-2044587' action='modify' visible='true' lat='48.09026013131' lon='-97.11036316641' />
  <node id='-2044588' action='modify' visible='true' lat='48.08987565306' lon='-97.10917819012' />
  <node id='-2044589' action='modify' visible='true' lat='48.08999630425' lon='-97.10960422021' />
  <node id='-2044590' action='modify' visible='true' lat='48.08971460952' lon='-97.10846300028' />
  <node id='-2044591' action='modify' visible='true' lat='48.08973468745' lon='-97.1085834752' />
  <node id='-2044592' action='modify' visible='true' lat='48.0897857835' lon='-97.10881966796' />
  <node id='-2044593' action='modify' visible='true' lat='48.0896035769' lon='-97.10763369012' />
  <node id='-2044594' action='modify' visible='true' lat='48.08965167665' lon='-97.10804483475' />
  <node id='-2044595' action='modify' visible='true' lat='48.08946265035' lon='-97.10608693355' />
  <node id='-2044596' action='modify' visible='true' lat='48.08949268397' lon='-97.10631422508' />
  <node id='-2044597' action='modify' visible='true' lat='48.08933176762' lon='-97.10566306411' />
  <node id='-2044598' action='modify' visible='true' lat='48.08938263107' lon='-97.10573847355' />
  <node id='-2044599' action='modify' visible='true' lat='48.08939177369' lon='-97.1057601173' />
  <node id='-2044600' action='modify' visible='true' lat='48.08942192724' lon='-97.10586266968' />
  <node id='-2044601' action='modify' visible='true' lat='48.08926236737' lon='-97.10561696077' />
  <node id='-2044602' action='modify' visible='true' lat='48.08932357894' lon='-97.10565547754' />
  <node id='-2044603' action='modify' visible='true' lat='48.08468377468' lon='-97.10859652132' />
  <node id='-2044604' action='modify' visible='true' lat='48.08469562934' lon='-97.10887532056' />
  <node id='-2044605' action='modify' visible='true' lat='48.08475030518' lon='-97.10911371873' />
  <node id='-2044606' action='modify' visible='true' lat='48.08482044303' lon='-97.10921582619' />
  <node id='-2044607' action='modify' visible='true' lat='48.08471481532' lon='-97.10900335603' />
  <node id='-2044608' action='modify' visible='true' lat='48.08473860214' lon='-97.10908648262' />
  <node id='-2044609' action='modify' visible='true' lat='48.08469119727' lon='-97.10881934313' />
  <node id='-2044610' action='modify' visible='true' lat='48.08470303189' lon='-97.10893058987' />
  <node id='-2044611' action='modify' visible='true' lat='48.08502959264' lon='-97.10941683586' />
  <node id='-2044612' action='modify' visible='true' lat='48.08508995093' lon='-97.10947199524' />
  <node id='-2044613' action='modify' visible='true' lat='48.08530136706' lon='-97.10965290942' />
  <node id='-2044614' action='modify' visible='true' lat='48.07844867752' lon='-97.12724442097' />
  <node id='-2044615' action='modify' visible='true' lat='48.07844060052' lon='-97.12710910096' />
  <node id='-2044616' action='modify' visible='true' lat='48.07842336591' lon='-97.12734620604' />
  <node id='-2044617' action='modify' visible='true' lat='48.07843618972' lon='-97.12732423953' />
  <node id='-2044618' action='modify' visible='true' lat='48.07844801592' lon='-97.12726921048' />
  <node id='-2044619' action='modify' visible='true' lat='48.07832758637' lon='-97.12745577771' />
  <node id='-2044620' action='modify' visible='true' lat='48.07837332856' lon='-97.12740227037' />
  <node id='-2044621' action='modify' visible='true' lat='48.07826683459' lon='-97.12755371365' />
  <node id='-2044622' action='modify' visible='true' lat='48.07830729917' lon='-97.12748483459' />
  <node id='-2044623' action='modify' visible='true' lat='48.07821928601' lon='-97.12767024002' />
  <node id='-2044624' action='modify' visible='true' lat='48.07825534508' lon='-97.12757704808' />
  <node id='-2044625' action='modify' visible='true' lat='48.07817920101' lon='-97.12776183055' />
  <node id='-2044626' action='modify' visible='true' lat='48.07821474917' lon='-97.12768566202' />
  <node id='-2044627' action='modify' visible='true' lat='48.07812864804' lon='-97.12782201678' />
  <node id='-2044628' action='modify' visible='true' lat='48.07817163625' lon='-97.12777272381' />
  <node id='-2044629' action='modify' visible='true' lat='48.07806279472' lon='-97.12787552318' />
  <node id='-2044630' action='modify' visible='true' lat='48.0780997321' lon='-97.12784804111' />
  <node id='-2044631' action='modify' visible='true' lat='48.07785005598' lon='-97.12798087908' />
  <node id='-2044632' action='modify' visible='true' lat='48.07796036616' lon='-97.12793698034' />
  <node id='-2044633' action='modify' visible='true' lat='48.0780685402' lon='-97.10977940445' />
  <node id='-2044634' action='modify' visible='true' lat='48.07817298768' lon='-97.10976848227' />
  <node id='-2044635' action='modify' visible='true' lat='48.07825320171' lon='-97.109752254' />
  <node id='-2044636' action='modify' visible='true' lat='48.07833252191' lon='-97.10972225993' />
  <node id='-2044637' action='modify' visible='true' lat='48.07835590262' lon='-97.10970906487' />
  <node id='-2044638' action='modify' visible='true' lat='48.07843154406' lon='-97.10965667622' />
  <node id='-2044639' action='modify' visible='true' lat='48.07845843629' lon='-97.1096343614' />
  <node id='-2044640' action='modify' visible='true' lat='48.07852281001' lon='-97.10959577' />
  <node id='-2044641' action='modify' visible='true' lat='48.07852421761' lon='-97.1095952192' />
  <node id='-2044642' action='modify' visible='true' lat='48.07859271509' lon='-97.10957637714' />
  <node id='-2044643' action='modify' visible='true' lat='48.07744426449' lon='-97.10577659819' />
  <node id='-2044644' action='modify' visible='true' lat='48.0774636' lon='-97.10571548' />
  <node id='-2044645' action='modify' visible='true' lat='48.077464416' lon='-97.1057145008' />
  <node id='-2044646' action='modify' visible='true' lat='48.07750831435' lon='-97.10568166722' />
  <node id='-2044647' action='modify' visible='true' lat='48.07753323449' lon='-97.10567210192' />
  <node id='-2044648' action='modify' visible='true' lat='48.07763437523' lon='-97.1056579777' />
  <node id='-2044649' action='modify' visible='true' lat='48.07147993014' lon='-97.11098048' />
  <node id='-2044650' action='modify' visible='true' lat='48.07155939745' lon='-97.11099343479' />
  <node id='-2044651' action='modify' visible='true' lat='48.0717191007' lon='-97.11100307543' />
  <node id='-2044652' action='modify' visible='true' lat='48.08140336639' lon='-97.10549705' />
  <node id='-2044653' action='modify' visible='true' lat='48.08139474346' lon='-97.10541799952' />
  <node id='-2044654' action='modify' visible='true' lat='48.0813656061' lon='-97.10526441923' />
  <node id='-2044655' action='modify' visible='true' lat='48.08107435806' lon='-97.10533375159' />
  <node id='-2044656' action='modify' visible='true' lat='48.08107138858' lon='-97.10539930762' />
  <node id='-2044657' action='modify' visible='true' lat='48.08102711515' lon='-97.10554392827' />
  <node id='-2044658' action='modify' visible='true' lat='48.08108968' lon='-97.10498891' />
  <node id='-2044659' action='modify' visible='true' lat='48.08107166444' lon='-97.10503969596' />
  <node id='-2044660' action='modify' visible='true' lat='48.08120742001' lon='-97.10494898' />
  <node id='-2044661' action='modify' visible='true' lat='48.08115103698' lon='-97.1049556611' />
  <node id='-2044662' action='modify' visible='true' lat='48.08129830403' lon='-97.10503540717' />
  <node id='-2044663' action='modify' visible='true' lat='48.08126160674' lon='-97.1049743536' />
  <node id='-2044664' action='modify' visible='true' lat='48.08133302948' lon='-97.10514610133' />
  <node id='-2044665' action='modify' visible='true' lat='48.08130189912' lon='-97.10504577619' />
  <node id='-2044666' action='modify' visible='true' lat='48.09250932751' lon='-97.11113208776' />
  <node id='-2044667' action='modify' visible='true' lat='48.09263151002' lon='-97.1110509' />
  <node id='-2044668' action='modify' visible='true' lat='48.09265412625' lon='-97.11103033979' />
  <node id='-2044669' action='modify' visible='true' lat='48.09271110189' lon='-97.11098297151' />
  <node id='-2044670' action='modify' visible='true' lat='48.09278008282' lon='-97.11093075679' />
  <node id='-2044671' action='modify' visible='true' lat='48.09287549002' lon='-97.11087493' />
  <node id='-2044672' action='modify' visible='true' lat='48.09296270001' lon='-97.11085759' />
  <node id='-2044673' action='modify' visible='true' lat='48.09302991714' lon='-97.11087709298' />
  <node id='-2044674' action='modify' visible='true' lat='48.09290863581' lon='-97.11086081842' />
  <node id='-2044675' action='modify' visible='true' lat='48.09294602223' lon='-97.11085544571' />
  <node id='-2044676' action='modify' visible='true' lat='48.09247409996' lon='-97.11115032872' />
  <node id='-2044677' action='modify' visible='true' lat='48.09254423541' lon='-97.11111251788' />
  <node id='-2044678' action='modify' visible='true' lat='48.09225590217' lon='-97.11125940026' />
  <node id='-2044679' action='modify' visible='true' lat='48.09237379169' lon='-97.11120219255' />
  <node id='-2044680' action='modify' visible='true' lat='48.09192396561' lon='-97.11139616418' />
  <node id='-2044681' action='modify' visible='true' lat='48.09215048999' lon='-97.11130724445' />
  <node id='-2044682' action='modify' visible='true' lat='48.11752594438' lon='-97.12597186672' />
  <node id='-2044683' action='modify' visible='true' lat='48.11748555057' lon='-97.12634035116' />
  <node id='-2044684' action='modify' visible='true' lat='48.11757432385' lon='-97.12560741588' />
  <node id='-2044685' action='modify' visible='true' lat='48.1202025101' lon='-97.12710366' />
  <node id='-2044686' action='modify' visible='true' lat='48.12038861119' lon='-97.12729063634' />
  <node id='-2044687' action='modify' visible='true' lat='48.12057662254' lon='-97.12752758096' />
  <node id='-2044688' action='modify' visible='true' lat='48.12068781784' lon='-97.12771421221' />
  <node id='-2044689' action='modify' visible='true' lat='48.12096538533' lon='-97.12850013926' />
  <node id='-2044690' action='modify' visible='true' lat='48.12100249454' lon='-97.12877086946' />
  <node id='-2044691' action='modify' visible='true' lat='48.12101924225' lon='-97.12894768634' />
  <node id='-2044692' action='modify' visible='true' lat='48.1210258219' lon='-97.12920647968' />
  <node id='-2044693' action='modify' visible='true' lat='48.12082304683' lon='-97.1279969807' />
  <node id='-2044694' action='modify' visible='true' lat='48.12087088839' lon='-97.1281292274' />
  <node id='-2044695' action='modify' visible='true' lat='48.11955496116' lon='-97.12681129551' />
  <node id='-2044696' action='modify' visible='true' lat='48.11967825004' lon='-97.12683566' />
  <node id='-2044697' action='modify' visible='true' lat='48.11932516082' lon='-97.12679130555' />
  <node id='-2044698' action='modify' visible='true' lat='48.11946354159' lon='-97.1267999423' />
  <node id='-2044699' action='modify' visible='true' lat='48.09274905526' lon='-97.13944969922' />
  <node id='-2044700' action='modify' visible='true' lat='48.09292967008' lon='-97.13948354569' />
  <node id='-2044701' action='modify' visible='true' lat='48.08104381393' lon='-97.10550347547' />
  <node id='-2044702' action='modify' visible='true' lat='48.08100708079' lon='-97.10558083234' />
  <node id='-2044703' action='modify' visible='true' lat='48.07927420047' lon='-97.10565178381' />
  <node id='-2044704' action='modify' visible='true' lat='48.06434640776' lon='-97.08432961815' />
  <node id='-2044705' action='modify' visible='true' lat='48.06436811364' lon='-97.08431658421' />
  <node id='-2044706' action='modify' visible='true' lat='48.06439913029' lon='-97.08426526335' />
  <node id='-2044707' action='modify' visible='true' lat='48.06440562182' lon='-97.08423164125' />
  <node id='-2044708' action='modify' visible='true' lat='48.07548868165' lon='-97.08989381298' />
  <node id='-2044709' action='modify' visible='true' lat='48.07540527971' lon='-97.08988803814' />
  <node id='-2044710' action='modify' visible='true' lat='48.0755732337' lon='-97.08989909944' />
  <node id='-2044711' action='modify' visible='true' lat='48.07536224517' lon='-97.08987897978' />
  <node id='-2044712' action='modify' visible='true' lat='48.07533296909' lon='-97.08986526731' />
  <node id='-2044713' action='modify' visible='true' lat='48.07529253043' lon='-97.08981726688' />
  <node id='-2044714' action='modify' visible='true' lat='48.07526207528' lon='-97.08970008684' />
  <node id='-2044715' action='modify' visible='true' lat='48.07528222195' lon='-97.0897956847' />
  <node id='-2044716' action='modify' visible='true' lat='48.07577539503' lon='-97.084638497' />
  <node id='-2044717' action='modify' visible='true' lat='48.07579704009' lon='-97.08467489154' />
  <node id='-2044718' action='modify' visible='true' lat='48.0758161237' lon='-97.08476703017' />
  <node id='-2044719' action='modify' visible='true' lat='48.07581202812' lon='-97.08481536719' />
  <node id='-2044720' action='modify' visible='true' lat='48.07564686903' lon='-97.08451722358' />
  <node id='-2044721' action='modify' visible='true' lat='48.07567317258' lon='-97.08452588868' />
  <node id='-2044722' action='modify' visible='true' lat='48.07571973706' lon='-97.08456560424' />
  <node id='-2044723' action='modify' visible='true' lat='48.07578002763' lon='-97.08498951572' />
  <node id='-2044724' action='modify' visible='true' lat='48.07567883255' lon='-97.08545186386' />
  <node id='-2044725' action='modify' visible='true' lat='48.07532469933' lon='-97.08684276459' />
  <node id='-2044726' action='modify' visible='true' lat='48.07527969169' lon='-97.08708404053' />
  <node id='-2044727' action='modify' visible='true' lat='48.07527178646' lon='-97.08714768767' />
  <node id='-2044728' action='modify' visible='true' lat='48.0752647336' lon='-97.08727883184' />
  <node id='-2044729' action='modify' visible='true' lat='48.07851977095' lon='-97.08993915666' />
  <node id='-2044730' action='modify' visible='true' lat='48.07858582828' lon='-97.08993183352' />
  <node id='-2044731' action='modify' visible='true' lat='48.07871229933' lon='-97.08986881431' />
  <node id='-2044732' action='modify' visible='true' lat='48.07875556491' lon='-97.08972986021' />
  <node id='-2044733' action='modify' visible='true' lat='48.07876525342' lon='-97.08950785588' />
  <node id='-2044734' action='modify' visible='true' lat='48.07869194892' lon='-97.08989126124' />
  <node id='-2044735' action='modify' visible='true' lat='48.07872890627' lon='-97.08984118222' />
  <node id='-2044736' action='modify' visible='true' lat='48.0786312442' lon='-97.08992596171' />
  <node id='-2044737' action='modify' visible='true' lat='48.07866766817' lon='-97.08991047391' />
  <node id='-2044738' action='modify' visible='true' lat='48.07856551455' lon='-97.08993507979' />
  <node id='-2044739' action='modify' visible='true' lat='48.07860591428' lon='-97.08993061091' />
  <node id='-2044740' action='modify' visible='true' lat='48.07850001853' lon='-97.08993945332' />
  <node id='-2044741' action='modify' visible='true' lat='48.07853950111' lon='-97.08993772253' />
  <node id='-2044742' action='modify' visible='true' lat='48.07875127862' lon='-97.08976253713' />
  <node id='-2044743' action='modify' visible='true' lat='48.07875848208' lon='-97.08969935068' />
  <node id='-2044744' action='modify' visible='true' lat='48.0786957751' lon='-97.0904302028' />
  <node id='-2044745' action='modify' visible='true' lat='48.07893362753' lon='-97.09104706204' />
  <node id='-2044746' action='modify' visible='true' lat='48.07868885923' lon='-97.09078310134' />
  <node id='-2044747' action='modify' visible='true' lat='48.07869524584' lon='-97.09083314915' />
  <node id='-2044748' action='modify' visible='true' lat='48.07870853786' lon='-97.09088039505' />
  <node id='-2044749' action='modify' visible='true' lat='48.07874482881' lon='-97.09096023116' />
  <node id='-2044750' action='modify' visible='true' lat='48.07877800757' lon='-97.09099279356' />
  <node id='-2044751' action='modify' visible='true' lat='48.07868562943' lon='-97.09061134963' />
  <node id='-2044752' action='modify' visible='true' lat='48.07868875495' lon='-97.09052255636' />
  <node id='-2044753' action='modify' visible='true' lat='48.07868543465' lon='-97.09070026557' />
  <node id='-2044754' action='modify' visible='true' lat='48.078850807' lon='-97.09102893425' />
  <node id='-2044755' action='modify' visible='true' lat='48.07881604655' lon='-97.09101262507' />
  <node id='-2044756' action='modify' visible='true' lat='48.07888618286' lon='-97.09104194526' />
  <node id='-2044757' action='modify' visible='true' lat='48.07698409861' lon='-97.08994000952' />
  <node id='-2044758' action='modify' visible='true' lat='48.0763048438' lon='-97.08993104224' />
  <node id='-2044759' action='modify' visible='true' lat='48.07908067951' lon='-97.09104851022' />
  <node id='-2044760' action='modify' visible='true' lat='48.0791451913' lon='-97.09105387464' />
  <node id='-2044761' action='modify' visible='true' lat='48.07923389488' lon='-97.09106862679' />
  <node id='-2044762' action='modify' visible='true' lat='48.07927152666' lon='-97.09108472005' />
  <node id='-2044763' action='modify' visible='true' lat='48.07930109446' lon='-97.09111824766' />
  <node id='-2044764' action='modify' visible='true' lat='48.07931453437' lon='-97.09118664399' />
  <node id='-2044765' action='modify' visible='true' lat='48.07930378244' lon='-97.09125504032' />
  <node id='-2044766' action='modify' visible='true' lat='48.07926167072' lon='-97.09129661456' />
  <node id='-2044767' action='modify' visible='true' lat='48.07920880702' lon='-97.09129661456' />
  <node id='-2044768' action='modify' visible='true' lat='48.07912368738' lon='-97.09124297038' />
  <node id='-2044769' action='modify' visible='true' lat='48.07919175529' lon='-97.09105893641' />
  <node id='-2044770' action='modify' visible='true' lat='48.07925342001' lon='-97.09107563562' />
  <node id='-2044771' action='modify' visible='true' lat='48.07928595944' lon='-97.09109738751' />
  <node id='-2044772' action='modify' visible='true' lat='48.0793107019' lon='-97.09114776144' />
  <node id='-2044773' action='modify' visible='true' lat='48.07931255522' lon='-97.09121943436' />
  <node id='-2044774' action='modify' visible='true' lat='48.07928563021' lon='-97.09127965926' />
  <node id='-2044775' action='modify' visible='true' lat='48.0792350142' lon='-97.09130264953' />
  <node id='-2044776' action='modify' visible='true' lat='48.0791649372' lon='-97.09127427835' />
  <node id='-2044777' action='modify' visible='true' lat='48.07879540343' lon='-97.08451328517' />
  <node id='-2044778' action='modify' visible='true' lat='48.06954899185' lon='-97.06667066844' />
  <node id='-2044779' action='modify' visible='true' lat='48.06955327887' lon='-97.06671150941' />
  <node id='-2044780' action='modify' visible='true' lat='48.06956518178' lon='-97.06674881695' />
  <node id='-2044781' action='modify' visible='true' lat='48.06960731714' lon='-97.0668009534' />
  <node id='-2044782' action='modify' visible='true' lat='48.06963403949' lon='-97.06681143907' />
  <node id='-2044783' action='modify' visible='true' lat='48.06950186947' lon='-97.06297879875' />
  <node id='-2044784' action='modify' visible='true' lat='48.0695107889' lon='-97.06324353579' />
  <node id='-2044785' action='modify' visible='true' lat='48.06379135954' lon='-97.06631255648' />
  <node id='-2044786' action='modify' visible='true' lat='48.06376082686' lon='-97.06632748501' />
  <node id='-2044787' action='modify' visible='true' lat='48.06373342022' lon='-97.06635255273' />
  <node id='-2044788' action='modify' visible='true' lat='48.06369365328' lon='-97.06642721974' />
  <node id='-2044789' action='modify' visible='true' lat='48.06368343928' lon='-97.0664727891' />
  <node id='-2044790' action='modify' visible='true' lat='48.06368052808' lon='-97.06652065533' />
  <node id='-2044791' action='modify' visible='true' lat='48.06444728479' lon='-97.06605327455' />
  <node id='-2044792' action='modify' visible='true' lat='48.06442390472' lon='-97.0660819258' />
  <node id='-2044793' action='modify' visible='true' lat='48.06437068431' lon='-97.06612438011' />
  <node id='-2044794' action='modify' visible='true' lat='48.0643432258' lon='-97.06613979074' />
  <node id='-2044795' action='modify' visible='true' lat='48.06429665484' lon='-97.06615976256' />
  <node id='-2044796' action='modify' visible='true' lat='48.09087251301' lon='-97.08466176535' />
  <node id='-2044797' action='modify' visible='true' lat='48.08818860581' lon='-97.08460681817' />
  <node id='-2044798' action='modify' visible='true' lat='48.08719599756' lon='-97.08460065755' />
  <node id='-2044799' action='modify' visible='true' lat='48.08745577591' lon='-97.08458885881' />
  <node id='-2044800' action='modify' visible='true' lat='48.08797180479' lon='-97.08459206154' />
  <node id='-2044801' action='modify' visible='true' lat='48.08781232408' lon='-97.08458034289' />
  <node id='-2044802' action='modify' visible='true' lat='48.08761345683' lon='-97.08457910862' />
  <node id='-2044803' action='modify' visible='true' lat='48.08771287302' lon='-97.0845766717' />
  <node id='-2044804' action='modify' visible='true' lat='48.08766496439' lon='-97.08457734388' />
  <node id='-2044805' action='modify' visible='true' lat='48.08776077624' lon='-97.08457793752' />
  <node id='-2044806' action='modify' visible='true' lat='48.09323772145' lon='-97.10011348362' />
  <node id='-2044807' action='modify' visible='true' lat='48.09324282024' lon='-97.10017668965' />
  <node id='-2044808' action='modify' visible='true' lat='48.09325810492' lon='-97.10023610009' />
  <node id='-2044809' action='modify' visible='true' lat='48.0933149427' lon='-97.1003295061' />
  <node id='-2044810' action='modify' visible='true' lat='48.09335303255' lon='-97.10035781027' />
  <node id='-2044811' action='modify' visible='true' lat='48.09339459281' lon='-97.10037128283' />
  <node id='-2044812' action='modify' visible='true' lat='48.09326065126' lon='-97.09025793306' />
  <node id='-2044813' action='modify' visible='true' lat='48.09326263576' lon='-97.08991857853' />
  <node id='-2044814' action='modify' visible='true' lat='48.09327371903' lon='-97.08924005562' />
  <node id='-2044815' action='modify' visible='true' lat='48.09328281658' lon='-97.08890096153' />
  <node id='-2044816' action='modify' visible='true' lat='48.09329773806' lon='-97.08840898782' />
  <node id='-2044817' action='modify' visible='true' lat='48.09330333876' lon='-97.08820307721' />
  <node id='-2044818' action='modify' visible='true' lat='48.09331067912' lon='-97.08779106572' />
  <node id='-2044819' action='modify' visible='true' lat='48.09331241812' lon='-97.08758500089' />
  <node id='-2044820' action='modify' visible='true' lat='48.09258734216' lon='-97.09728434209' />
  <node id='-2044821' action='modify' visible='true' lat='48.0930763777' lon='-97.09718873725' />
  <node id='-2044822' action='modify' visible='true' lat='48.09299227067' lon='-97.09720954095' />
  <node id='-2044823' action='modify' visible='true' lat='48.09315922597' lon='-97.09715867369' />
  <node id='-2044824' action='modify' visible='true' lat='48.0899093713' lon='-97.09814905192' />
  <node id='-2044825' action='modify' visible='true' lat='48.08991081181' lon='-97.09806708441' />
  <node id='-2044826' action='modify' visible='true' lat='48.08992153091' lon='-97.09798667419' />
  <node id='-2044827' action='modify' visible='true' lat='48.08994121708' lon='-97.097910158' />
  <node id='-2044828' action='modify' visible='true' lat='48.08996929824' lon='-97.09783975941' />
  <node id='-2044829' action='modify' visible='true' lat='48.09004716104' lon='-97.09772526097' />
  <node id='-2044830' action='modify' visible='true' lat='48.09009467995' lon='-97.09768448847' />
  <node id='-2044831' action='modify' visible='true' lat='48.09014613413' lon='-97.09765639157' />
  <node id='-2044832' action='modify' visible='true' lat='48.09020002831' lon='-97.09764178676' />
  <node id='-2044833' action='modify' visible='true' lat='48.08992801335' lon='-97.09932709954' />
  <node id='-2044834' action='modify' visible='true' lat='48.08993868178' lon='-97.09912294506' />
  <node id='-2044835' action='modify' visible='true' lat='48.08993575909' lon='-97.09871359114' />
  <node id='-2044836' action='modify' visible='true' lat='48.08973285098' lon='-97.10021574293' />
  <node id='-2044837' action='modify' visible='true' lat='48.08976552979' lon='-97.10021952186' />
  <node id='-2044838' action='modify' visible='true' lat='48.08979763322' lon='-97.10020963155' />
  <node id='-2044839' action='modify' visible='true' lat='48.08985034875' lon='-97.10015293043' />
  <node id='-2044840' action='modify' visible='true' lat='48.0898668537' lon='-97.10011053729' />
  <node id='-2044841' action='modify' visible='true' lat='48.08987488898' lon='-97.10006296609' />
  <node id='-2044842' action='modify' visible='true' lat='48.08953125147' lon='-97.09987119659' />
  <node id='-2044843' action='modify' visible='true' lat='48.08952600946' lon='-97.09993086436' />
  <node id='-2044844' action='modify' visible='true' lat='48.08952992693' lon='-97.09999075955' />
  <node id='-2044845' action='modify' visible='true' lat='48.08954280044' lon='-97.10004777177' />
  <node id='-2044846' action='modify' visible='true' lat='48.08959231109' lon='-97.10014160816' />
  <node id='-2044847' action='modify' visible='true' lat='48.0896263771' lon='-97.10017355937' />
  <node id='-2044848' action='modify' visible='true' lat='48.08966439043' lon='-97.10019313475' />
  <node id='-2044849' action='modify' visible='true' lat='48.10797440338' lon='-97.0877964292' />
  <node id='-2044850' action='modify' visible='true' lat='48.10845742735' lon='-97.08790898591' />
  <node id='-2044851' action='modify' visible='true' lat='48.1092185911' lon='-97.08502744299' />
  <node id='-2044852' action='modify' visible='true' lat='48.10814112327' lon='-97.10622167123' />
  <node id='-2044853' action='modify' visible='true' lat='48.10816073454' lon='-97.10634443226' />
  <node id='-2044854' action='modify' visible='true' lat='48.10817045857' lon='-97.10638843169' />
  <node id='-2044855' action='modify' visible='true' lat='48.10820474963' lon='-97.10648065298' />
  <node id='-2044856' action='modify' visible='true' lat='48.10829371661' lon='-97.10660109769' />
  <node id='-2044857' action='modify' visible='true' lat='48.10833685906' lon='-97.10663062867' />
  <node id='-2044858' action='modify' visible='true' lat='48.10838291155' lon='-97.10665416352' />
  <node id='-2044859' action='modify' visible='true' lat='48.10844599107' lon='-97.10667973615' />
  <node id='-2044860' action='modify' visible='true' lat='48.10848598196' lon='-97.10669186904' />
  <node id='-2044861' action='modify' visible='true' lat='48.10856076763' lon='-97.10670372893' />
  <node id='-2044862' action='modify' visible='true' lat='48.10822357772' lon='-97.10661685235' />
  <node id='-2044863' action='modify' visible='true' lat='48.10820361139' lon='-97.10665961192' />
  <node id='-2044864' action='modify' visible='true' lat='48.10819283248' lon='-97.10668566813' />
  <node id='-2044865' action='modify' visible='true' lat='48.1081740753' lon='-97.10674366497' />
  <node id='-2044866' action='modify' visible='true' lat='48.10816705766' lon='-97.10677268614' />
  <node id='-2044867' action='modify' visible='true' lat='48.10815705621' lon='-97.10684078079' />
  <node id='-2044868' action='modify' visible='true' lat='48.10815535177' lon='-97.10687053403' />
  <node id='-2044869' action='modify' visible='true' lat='48.10815550104' lon='-97.10694604613' />
  <node id='-2044870' action='modify' visible='true' lat='48.10797892279' lon='-97.11328045638' />
  <node id='-2044871' action='modify' visible='true' lat='48.10797968508' lon='-97.11342997225' />
  <node id='-2044872' action='modify' visible='true' lat='48.10798600296' lon='-97.11372885339' />
  <node id='-2044873' action='modify' visible='true' lat='48.10799034602' lon='-97.11386523797' />
  <node id='-2044874' action='modify' visible='true' lat='48.10801957579' lon='-97.11417600394' />
  <node id='-2044875' action='modify' visible='true' lat='48.10803342671' lon='-97.11426371599' />
  <node id='-2044876' action='modify' visible='true' lat='48.10805714463' lon='-97.11449287627' />
  <node id='-2044877' action='modify' visible='true' lat='48.10797874134' lon='-97.11036412533' />
  <node id='-2044878' action='modify' visible='true' lat='48.1079610224' lon='-97.11055541069' />
  <node id='-2044879' action='modify' visible='true' lat='48.10801111524' lon='-97.11021552502' />
  <node id='-2044880' action='modify' visible='true' lat='48.10799003032' lon='-97.11030130745' />
  <node id='-2044881' action='modify' visible='true' lat='48.1081183472' lon='-97.10983598432' />
  <node id='-2044882' action='modify' visible='true' lat='48.10803964511' lon='-97.11012535834' />
  <node id='-2044883' action='modify' visible='true' lat='48.10796058786' lon='-97.1106063083' />
  <node id='-2044884' action='modify' visible='true' lat='48.10796216566' lon='-97.11070699251' />
  <node id='-2044885' action='modify' visible='true' lat='48.10797350931' lon='-97.11099114956' />
  <node id='-2044886' action='modify' visible='true' lat='48.10797941288' lon='-97.11128902042' />
  <node id='-2044887' action='modify' visible='true' lat='48.10818130462' lon='-97.10947643398' />
  <node id='-2044888' action='modify' visible='true' lat='48.10815291971' lon='-97.10968534763' />
  <node id='-2044889' action='modify' visible='true' lat='48.10818831491' lon='-97.1093275772' />
  <node id='-2044890' action='modify' visible='true' lat='48.10819231093' lon='-97.10907874512' />
  <node id='-2044891' action='modify' visible='true' lat='48.10808874611' lon='-97.11548306464' />
  <node id='-2044892' action='modify' visible='true' lat='48.1081963838' lon='-97.11723257641' />
  <node id='-2044893' action='modify' visible='true' lat='48.10958043829' lon='-97.11745730681' />
  <node id='-2044894' action='modify' visible='true' lat='48.10982183814' lon='-97.11854161706' />
  <node id='-2044895' action='modify' visible='true' lat='48.10994032971' lon='-97.11903333798' />
  <node id='-2044896' action='modify' visible='true' lat='48.10977337232' lon='-97.1182343495' />
  <node id='-2044897' action='modify' visible='true' lat='48.10986433196' lon='-97.11878410712' />
  <node id='-2044898' action='modify' visible='true' lat='48.10989580244' lon='-97.11890442386' />
  <node id='-2044899' action='modify' visible='true' lat='48.10936862313' lon='-97.11734076589' />
  <node id='-2044900' action='modify' visible='true' lat='48.10942571657' lon='-97.11734961083' />
  <node id='-2044901' action='modify' visible='true' lat='48.10948104931' lon='-97.11737246275' />
  <node id='-2044902' action='modify' visible='true' lat='48.1095331002' lon='-97.11740869342' />
  <node id='-2044903' action='modify' visible='true' lat='48.10962176223' lon='-97.11751696649' />
  <node id='-2044904' action='modify' visible='true' lat='48.10965593598' lon='-97.11758603233' />
  <node id='-2044905' action='modify' visible='true' lat='48.10968202007' lon='-97.11766260561' />
  <node id='-2044906' action='modify' visible='true' lat='48.10969929743' lon='-97.11774458126' />
  <node id='-2044907' action='modify' visible='true' lat='48.10808666297' lon='-97.1168783363' />
  <node id='-2044908' action='modify' visible='true' lat='48.10809120862' lon='-97.11695858833' />
  <node id='-2044909' action='modify' visible='true' lat='48.10810500686' lon='-97.11703643248' />
  <node id='-2044910' action='modify' visible='true' lat='48.10812763692' lon='-97.11710949493' />
  <node id='-2044911' action='modify' visible='true' lat='48.1081584087' lon='-97.11717554765' />
  <node id='-2044912' action='modify' visible='true' lat='48.10824040418' lon='-97.11727884213' />
  <node id='-2044913' action='modify' visible='true' lat='48.10828912744' lon='-97.11731293397' />
  <node id='-2044914' action='modify' visible='true' lat='48.10834106778' lon='-97.1173338123' />
  <node id='-2044915' action='modify' visible='true' lat='48.10839464128' lon='-97.11734084045' />
  <node id='-2044916' action='modify' visible='true' lat='48.10808498693' lon='-97.11524868289' />
  <node id='-2044917' action='modify' visible='true' lat='48.10808739109' lon='-97.11536585489' />
  <node id='-2044918' action='modify' visible='true' lat='48.10808905173' lon='-97.11560029105' />
  <node id='-2044919' action='modify' visible='true' lat='48.10806834336' lon='-97.1147150951' />
  <node id='-2044920' action='modify' visible='true' lat='48.10807815954' lon='-97.11497558356' />
  <node id='-2044921' action='modify' visible='true' lat='48.09087641892' lon='-97.11183971441' />
  <node id='-2044922' action='modify' visible='true' lat='48.090854533' lon='-97.11199790373' />
  <node id='-2044923' action='modify' visible='true' lat='48.09089481448' lon='-97.11176570041' />
  <node id='-2044924' action='modify' visible='true' lat='48.09086412694' lon='-97.1119165121' />
  <node id='-2044925' action='modify' visible='true' lat='48.09137681134' lon='-97.11200861977' />
  <node id='-2044926' action='modify' visible='true' lat='48.09138573525' lon='-97.11227014795' />
  <node id='-2044927' action='modify' visible='true' lat='48.09137925807' lon='-97.11188043887' />
  <node id='-2044928' action='modify' visible='true' lat='48.09137979621' lon='-97.11213677511' />
  <node id='-2044929' action='modify' visible='true' lat='48.09185217755' lon='-97.11220846473' />
  <node id='-2044930' action='modify' visible='true' lat='48.09210414845' lon='-97.11225137249' />
  <node id='-2044931' action='modify' visible='true' lat='48.09198415142' lon='-97.12208900417' />
  <node id='-2044932' action='modify' visible='true' lat='48.09189144494' lon='-97.12201255707' />
  <node id='-2044933' action='modify' visible='true' lat='48.09175479621' lon='-97.12201260097' />
  <node id='-2044934' action='modify' visible='true' lat='48.09194530086' lon='-97.12204730269' />
  <node id='-2044935' action='modify' visible='true' lat='48.09191962594' lon='-97.12202557652' />
  <node id='-2044936' action='modify' visible='true' lat='48.09186205712' lon='-97.1220088446' />
  <node id='-2044937' action='modify' visible='true' lat='48.09931280654' lon='-97.12651536003' />
  <node id='-2044938' action='modify' visible='true' lat='48.09930026753' lon='-97.12678414595' />
  <node id='-2044939' action='modify' visible='true' lat='48.09152176536' lon='-97.12890839338' />
  <node id='-2044940' action='modify' visible='true' lat='48.09152726882' lon='-97.12908759847' />
  <node id='-2044941' action='modify' visible='true' lat='48.09151202633' lon='-97.12882184054' />
  <node id='-2044942' action='modify' visible='true' lat='48.09152589828' lon='-97.12899594739' />
  <node id='-2044943' action='modify' visible='true' lat='48.091499387' lon='-97.12865417405' />
  <node id='-2044944' action='modify' visible='true' lat='48.09150427439' lon='-97.12876871062' />
  <node id='-2044945' action='modify' visible='true' lat='48.07853814963' lon='-97.12769419022' />
  <node id='-2044946' action='modify' visible='true' lat='48.07766767182' lon='-97.12159082428' />
  <node id='-2044947' action='modify' visible='true' lat='48.07756317403' lon='-97.12159618289' />
  <node id='-2044948' action='modify' visible='true' lat='48.07744635385' lon='-97.12160021201' />
  <node id='-2044949' action='modify' visible='true' lat='48.07750230994' lon='-97.11368767303' />
  <node id='-2044950' action='modify' visible='true' lat='48.07760315818' lon='-97.11369708315' />
  <node id='-2044951' action='modify' visible='true' lat='48.10745623613' lon='-97.08499818431' />
  <node id='-2044952' action='modify' visible='true' lat='48.10746969558' lon='-97.08527304299' />
  <node id='-2044953' action='modify' visible='true' lat='48.10749764881' lon='-97.08577951631' />
  <node id='-2044954' action='modify' visible='true' lat='48.10749933583' lon='-97.09574539441' />
  <node id='-2044955' action='modify' visible='true' lat='48.10738641506' lon='-97.09582418472' />
  <node id='-2044956' action='modify' visible='true' lat='48.10751699231' lon='-97.09566497155' />
  <node id='-2044957' action='modify' visible='true' lat='48.10751249916' lon='-97.09570731757' />
  <node id='-2044958' action='modify' visible='true' lat='48.10747883995' lon='-97.09577533276' />
  <node id='-2044959' action='modify' visible='true' lat='48.10745309429' lon='-97.09579409033' />
  <node id='-2044960' action='modify' visible='true' lat='48.10748849966' lon='-97.08558118119' />
  <node id='-2044961' action='modify' visible='true' lat='48.10750092052' lon='-97.08597826377' />
  <node id='-2044962' action='modify' visible='true' lat='48.08636552052' lon='-97.08450660244' />
  <node id='-2044963' action='modify' visible='true' lat='48.08637808009' lon='-97.08455805267' />
  <node id='-2044964' action='modify' visible='true' lat='48.08643808739' lon='-97.08459595366' />
  <node id='-2044965' action='modify' visible='true' lat='48.08637008946' lon='-97.08453532889' />
  <node id='-2044966' action='modify' visible='true' lat='48.08639238527' lon='-97.08457222549' />
  <node id='-2044967' action='modify' visible='true' lat='48.07885578317' lon='-97.08451330729' />
  <node id='-2044968' action='modify' visible='true' lat='48.09937460602' lon='-97.13791206613' />
  <node id='-2044969' action='modify' visible='true' lat='48.09934863233' lon='-97.13218353823' />
  <node id='-2044970' action='modify' visible='true' lat='48.09223103064' lon='-97.13226288269' />
  <node id='-2044971' action='modify' visible='true' lat='48.09221738191' lon='-97.13787968344' />
  <node id='-2044972' action='modify' visible='true' lat='48.09234085212' lon='-97.13219469197' />
  <node id='-2044973' action='modify' visible='true' lat='48.09230065475' lon='-97.13220266753' />
  <node id='-2044974' action='modify' visible='true' lat='48.09226319941' lon='-97.13222592443' />
  <node id='-2044975' action='modify' visible='true' lat='48.09220633384' lon='-97.13231103155' />
  <node id='-2044976' action='modify' visible='true' lat='48.09219078681' lon='-97.13236710001' />
  <node id='-2044977' action='modify' visible='true' lat='48.09218544575' lon='-97.13242727904' />
  <node id='-2044978' action='modify' visible='true' lat='48.09220762885' lon='-97.13208156048' />
  <node id='-2044979' action='modify' visible='true' lat='48.09227054605' lon='-97.13077416523' />
  <node id='-2044980' action='modify' visible='true' lat='48.09276027107' lon='-97.1305628172' />
  <node id='-2044981' action='modify' visible='true' lat='48.09276299135' lon='-97.13004615862' />
  <node id='-2044982' action='modify' visible='true' lat='48.09222134266' lon='-97.1290807633' />
  <node id='-2044983' action='modify' visible='true' lat='48.09225563797' lon='-97.12712152161' />
  <node id='-2044984' action='modify' visible='true' lat='48.0992700835' lon='-97.12706961409' />
  <node id='-2044985' action='modify' visible='true' lat='48.09934907971' lon='-97.13216476209' />
  <node id='-2044986' action='modify' visible='true' lat='48.09234178725' lon='-97.1321772007' />
  <node id='-2044987' action='modify' visible='true' lat='48.09230369312' lon='-97.13217088953' />
  <node id='-2044988' action='modify' visible='true' lat='48.09226747188' lon='-97.13215213276' />
  <node id='-2044989' action='modify' visible='true' lat='48.092234914' lon='-97.13212185757' />
  <node id='-2044990' action='modify' visible='true' lat='48.09218696517' lon='-97.13203323341' />
  <node id='-2044991' action='modify' visible='true' lat='48.09217394439' lon='-97.13197926521' />
  <node id='-2044992' action='modify' visible='true' lat='48.09216921015' lon='-97.1319223236' />
  <node id='-2044993' action='modify' visible='true' lat='48.09216265814' lon='-97.13113407159' />
  <node id='-2044994' action='modify' visible='true' lat='48.09216669698' lon='-97.13105296501' />
  <node id='-2044995' action='modify' visible='true' lat='48.09218003878' lon='-97.13097412434' />
  <node id='-2044996' action='modify' visible='true' lat='48.09220228191' lon='-97.13089992288' />
  <node id='-2044997' action='modify' visible='true' lat='48.0922327568' lon='-97.13083259426' />
  <node id='-2044998' action='modify' visible='true' lat='48.09231451212' lon='-97.13072639465' />
  <node id='-2044999' action='modify' visible='true' lat='48.0923633315' lon='-97.13069072053' />
  <node id='-2045000' action='modify' visible='true' lat='48.0924155346' lon='-97.13066821675' />
  <node id='-2045001' action='modify' visible='true' lat='48.09246954998' lon='-97.13065956071' />
  <node id='-2045002' action='modify' visible='true' lat='48.09263532175' lon='-97.13065465305' />
  <node id='-2045003' action='modify' visible='true' lat='48.0926708819' lon='-97.13064775128' />
  <node id='-2045004' action='modify' visible='true' lat='48.09270459982' lon='-97.13062948366' />
  <node id='-2045005' action='modify' visible='true' lat='48.09273487518' lon='-97.13060071719' />
  <node id='-2045006' action='modify' visible='true' lat='48.09277958213' lon='-97.13051758252' />
  <node id='-2045007' action='modify' visible='true' lat='48.09279189183' lon='-97.13046716007' />
  <node id='-2045008' action='modify' visible='true' lat='48.09279661593' lon='-97.13041394302' />
  <node id='-2045009' action='modify' visible='true' lat='48.09279862571' lon='-97.13028305209' />
  <node id='-2045010' action='modify' visible='true' lat='48.0927954358' lon='-97.13020152798' />
  <node id='-2045011' action='modify' visible='true' lat='48.09278345178' lon='-97.13012185949' />
  <node id='-2045012' action='modify' visible='true' lat='48.09273459689' lon='-97.12997643219' />
  <node id='-2045013' action='modify' visible='true' lat='48.09269902113' lon='-97.12991452864' />
  <node id='-2045014' action='modify' visible='true' lat='48.09237389774' lon='-97.12943416103' />
  <node id='-2045015' action='modify' visible='true' lat='48.09232629911' lon='-97.12935571449' />
  <node id='-2045016' action='modify' visible='true' lat='48.09228468992' lon='-97.12926997361' />
  <node id='-2045017' action='modify' visible='true' lat='48.09224956515' lon='-97.12917795834' />
  <node id='-2045018' action='modify' visible='true' lat='48.09220035819' lon='-97.12897954471' />
  <node id='-2045019' action='modify' visible='true' lat='48.09218686138' lon='-97.12887550666' />
  <node id='-2045020' action='modify' visible='true' lat='48.0921810128' lon='-97.12876988679' />
  <node id='-2045021' action='modify' visible='true' lat='48.09215631186' lon='-97.12745664699' />
  <node id='-2045022' action='modify' visible='true' lat='48.092159395' lon='-97.12738107469' />
  <node id='-2045023' action='modify' visible='true' lat='48.09217138243' lon='-97.12730751937' />
  <node id='-2045024' action='modify' visible='true' lat='48.09219189399' lon='-97.12723831359' />
  <node id='-2045025' action='modify' visible='true' lat='48.09222027922' lon='-97.12717565198' />
  <node id='-2045026' action='modify' visible='true' lat='48.09229684895' lon='-97.12707763906' />
  <node id='-2045027' action='modify' visible='true' lat='48.09234260528' lon='-97.12704539591' />
  <node id='-2045028' action='modify' visible='true' lat='48.09239145595' lon='-97.12702581463' />
  <node id='-2045029' action='modify' visible='true' lat='48.09244185182' lon='-97.12701951617' />
  <node id='-2045030' action='modify' visible='true' lat='48.09916296131' lon='-97.12700387425' />
  <node id='-2045031' action='modify' visible='true' lat='48.09920211218' lon='-97.12701145616' />
  <node id='-2045032' action='modify' visible='true' lat='48.09923864023' lon='-97.12703387306' />
  <node id='-2045033' action='modify' visible='true' lat='48.09929432276' lon='-97.12711627033' />
  <node id='-2045034' action='modify' visible='true' lat='48.09930972431' lon='-97.12717069719' />
  <node id='-2045035' action='modify' visible='true' lat='48.09931525011' lon='-97.12722922636' />
  <node id='-2045036' action='modify' visible='true' lat='48.09376453744' lon='-97.13985775076' />
  <node id='-2045037' action='modify' visible='true' lat='48.09374924934' lon='-97.13859350457' />
  <node id='-2045038' action='modify' visible='true' lat='48.09221721014' lon='-97.13865407032' />
  <node id='-2045039' action='modify' visible='true' lat='48.09223325566' lon='-97.13894363265' />
  <node id='-2045040' action='modify' visible='true' lat='48.09266400305' lon='-97.13898360997' />
  <node id='-2045041' action='modify' visible='true' lat='48.09302655739' lon='-97.13898163708' />
  <node id='-2045042' action='modify' visible='true' lat='48.09337667018' lon='-97.13929364879' />
  <node id='-2045043' action='modify' visible='true' lat='48.09359974469' lon='-97.13934448888' />
  <node id='-2045044' action='modify' visible='true' lat='48.09362958287' lon='-97.13987993488' />
  <node id='-2045045' action='modify' visible='true' lat='48.09378495921' lon='-97.13869873485' />
  <node id='-2045046' action='modify' visible='true' lat='48.09378082447' lon='-97.13865850869' />
  <node id='-2045047' action='modify' visible='true' lat='48.09376851117' lon='-97.13862222372' />
  <node id='-2045048' action='modify' visible='true' lat='48.09372496311' lon='-97.13857522012' />
  <node id='-2045049' action='modify' visible='true' lat='48.09369807853' lon='-97.13856919688' />
  <node id='-2045050' action='modify' visible='true' lat='48.09369759343' lon='-97.1399076578' />
  <node id='-2045051' action='modify' visible='true' lat='48.09372308969' lon='-97.13990200929' />
  <node id='-2045052' action='modify' visible='true' lat='48.09374616159' lon='-97.13988480909' />
  <node id='-2045053' action='modify' visible='true' lat='48.09377640795' lon='-97.13982349848' />
  <node id='-2045054' action='modify' visible='true' lat='48.09378060432' lon='-97.13978542477' />
  <node id='-2045055' action='modify' visible='true' lat='48.0936119898' lon='-97.13981522738' />
  <node id='-2045056' action='modify' visible='true' lat='48.09361650485' lon='-97.13985019051' />
  <node id='-2045057' action='modify' visible='true' lat='48.09364924789' lon='-97.13989996642' />
  <node id='-2045058' action='modify' visible='true' lat='48.09367252874' lon='-97.13990725858' />
  <node id='-2045059' action='modify' visible='true' lat='48.09356666931' lon='-97.13932334579' />
  <node id='-2045060' action='modify' visible='true' lat='48.09358460389' lon='-97.13932901892' />
  <node id='-2045061' action='modify' visible='true' lat='48.09360981062' lon='-97.139367425' />
  <node id='-2045062' action='modify' visible='true' lat='48.09361328517' lon='-97.13939437177' />
  <node id='-2045063' action='modify' visible='true' lat='48.09320383653' lon='-97.13915869914' />
  <node id='-2045064' action='modify' visible='true' lat='48.09325724767' lon='-97.13921511107' />
  <node id='-2045065' action='modify' visible='true' lat='48.0933152035' lon='-97.13926036336' />
  <node id='-2045066' action='modify' visible='true' lat='48.09344055124' lon='-97.1393143736' />
  <node id='-2045067' action='modify' visible='true' lat='48.09350570712' lon='-97.13932216809' />
  <node id='-2045068' action='modify' visible='true' lat='48.09291986314' lon='-97.13896129543' />
  <node id='-2045069' action='modify' visible='true' lat='48.09297383995' lon='-97.13896406329' />
  <node id='-2045070' action='modify' visible='true' lat='48.09307621932' lon='-97.13901341805' />
  <node id='-2045071' action='modify' visible='true' lat='48.0931211337' lon='-97.13905832337' />
  <node id='-2045072' action='modify' visible='true' lat='48.09219723092' lon='-97.13881372145' />
  <node id='-2045073' action='modify' visible='true' lat='48.09220128649' lon='-97.13886135545' />
  <node id='-2045074' action='modify' visible='true' lat='48.09221358466' lon='-97.13890570468' />
  <node id='-2045075' action='modify' visible='true' lat='48.09225890831' lon='-97.13897245702' />
  <node id='-2045076' action='modify' visible='true' lat='48.09228872838' lon='-97.13899013925' />
  <node id='-2045077' action='modify' visible='true' lat='48.09232060693' lon='-97.13899542882' />
  <node id='-2045078' action='modify' visible='true' lat='48.09229953989' lon='-97.13859046635' />
  <node id='-2045079' action='modify' visible='true' lat='48.09226807562' lon='-97.1385983376' />
  <node id='-2045080' action='modify' visible='true' lat='48.09223972682' lon='-97.1386202385' />
  <node id='-2045081' action='modify' visible='true' lat='48.09220268334' lon='-97.13869659099' />
  <node id='-2045082' action='modify' visible='true' lat='48.0921975385' lon='-97.1387437258' />
  <node id='-2045083' action='modify' visible='true' lat='48.09219232382' lon='-97.13064991045' />
  <node id='-2045084' action='modify' visible='true' lat='48.09220205158' lon='-97.12930031456' />
  <node id='-2045085' action='modify' visible='true' lat='48.09223461053' lon='-97.13067467709' />
  <node id='-2045086' action='modify' visible='true' lat='48.09221180454' lon='-97.13066865685' />
  <node id='-2045087' action='modify' visible='true' lat='48.09217919469' lon='-97.13062135013' />
  <node id='-2045088' action='modify' visible='true' lat='48.09217445676' lon='-97.13058741275' />
  <node id='-2045089' action='modify' visible='true' lat='48.0921683917' lon='-97.12940470043' />
  <node id='-2045090' action='modify' visible='true' lat='48.09217223388' lon='-97.1293652535' />
  <node id='-2045091' action='modify' visible='true' lat='48.09218380993' lon='-97.1293293539' />
  <node id='-2045092' action='modify' visible='true' lat='48.09222527541' lon='-97.12928081534' />
  <node id='-2045093' action='modify' visible='true' lat='48.09225133825' lon='-97.12927265568' />
  <node id='-2045094' action='modify' visible='true' lat='48.09113135554' lon='-97.12828776788' />
  <node id='-2045095' action='modify' visible='true' lat='48.09191045692' lon='-97.12813105772' />
  <node id='-2045096' action='modify' visible='true' lat='48.09192123641' lon='-97.12706023113' />
  <node id='-2045097' action='modify' visible='true' lat='48.08819037779' lon='-97.12704509765' />
  <node id='-2045098' action='modify' visible='true' lat='48.0881563359' lon='-97.1378302601' />
  <node id='-2045099' action='modify' visible='true' lat='48.0919022375' lon='-97.137702307' />
  <node id='-2045100' action='modify' visible='true' lat='48.09195545118' lon='-97.12993651897' />
  <node id='-2045101' action='modify' visible='true' lat='48.0911607828' lon='-97.12987739284' />
  <node id='-2045102' action='modify' visible='true' lat='48.09111635421' lon='-97.12834335071' />
  <node id='-2045103' action='modify' visible='true' lat='48.09112019985' lon='-97.12831334827' />
  <node id='-2045104' action='modify' visible='true' lat='48.09114815589' lon='-97.1282704283' />
  <node id='-2045105' action='modify' visible='true' lat='48.09116809287' lon='-97.12826391806' />
  <node id='-2045106' action='modify' visible='true' lat='48.09125645324' lon='-97.12993651897' />
  <node id='-2045107' action='modify' visible='true' lat='48.09122145598' lon='-97.12992964239' />
  <node id='-2045108' action='modify' visible='true' lat='48.09118882919' lon='-97.12990947842' />
  <node id='-2045109' action='modify' visible='true' lat='48.09113921649' lon='-97.12983555892' />
  <node id='-2045110' action='modify' visible='true' lat='48.09112559103' lon='-97.12978681021' />
  <node id='-2045111' action='modify' visible='true' lat='48.09112082934' lon='-97.12973444863' />
  <node id='-2045112' action='modify' visible='true' lat='48.09175630081' lon='-97.12824600384' />
  <node id='-2045113' action='modify' visible='true' lat='48.09180031851' lon='-97.12823733615' />
  <node id='-2045114' action='modify' visible='true' lat='48.09184199849' lon='-97.12821444145' />
  <node id='-2045115' action='modify' visible='true' lat='48.09187931565' lon='-97.12817843212' />
  <node id='-2045116' action='modify' visible='true' lat='48.09193390926' lon='-97.12807462001' />
  <node id='-2045117' action='modify' visible='true' lat='48.0919485332' lon='-97.12801186109' />
  <node id='-2045118' action='modify' visible='true' lat='48.09195361825' lon='-97.12794583019' />
  <node id='-2045119' action='modify' visible='true' lat='48.09195582775' lon='-97.12718582693' />
  <node id='-2045120' action='modify' visible='true' lat='48.09195189206' lon='-97.1271398506' />
  <node id='-2045121' action='modify' visible='true' lat='48.09194008976' lon='-97.12709699828' />
  <node id='-2045122' action='modify' visible='true' lat='48.0918966348' lon='-97.12703208984' />
  <node id='-2045123' action='modify' visible='true' lat='48.09186798494' lon='-97.12701451901' />
  <node id='-2045124' action='modify' visible='true' lat='48.09183726658' lon='-97.12700873282' />
  <node id='-2045125' action='modify' visible='true' lat='48.09174672449' lon='-97.1378150115' />
  <node id='-2045126' action='modify' visible='true' lat='48.09179101078' lon='-97.13780736404' />
  <node id='-2045127' action='modify' visible='true' lat='48.09183305606' lon='-97.13778518004' />
  <node id='-2045128' action='modify' visible='true' lat='48.09187075956' lon='-97.13774956792' />
  <node id='-2045129' action='modify' visible='true' lat='48.09192591712' lon='-97.13764575862' />
  <node id='-2045130' action='modify' visible='true' lat='48.0919406153' lon='-97.13758274816' />
  <node id='-2045131' action='modify' visible='true' lat='48.09194559767' lon='-97.13751642387' />
  <node id='-2045132' action='modify' visible='true' lat='48.09195455451' lon='-97.12823867932' />
  <node id='-2045133' action='modify' visible='true' lat='48.091954682' lon='-97.12848007586' />
  <node id='-2045134' action='modify' visible='true' lat='48.09171428658' lon='-97.12853808073' />
  <node id='-2045135' action='modify' visible='true' lat='48.09167558388' lon='-97.12880137843' />
  <node id='-2045136' action='modify' visible='true' lat='48.09179618251' lon='-97.12941120983' />
  <node id='-2045137' action='modify' visible='true' lat='48.09163345205' lon='-97.12953190356' />
  <node id='-2045138' action='modify' visible='true' lat='48.09140063115' lon='-97.12951893021' />
  <node id='-2045139' action='modify' visible='true' lat='48.09129457424' lon='-97.12896823869' />
  <node id='-2045140' action='modify' visible='true' lat='48.09118299788' lon='-97.12894757895' />
  <node id='-2045141' action='modify' visible='true' lat='48.09111847662' lon='-97.1290031047' />
  <node id='-2045142' action='modify' visible='true' lat='48.09179761521' lon='-97.12934742155' />
  <node id='-2045143' action='modify' visible='true' lat='48.09180080265' lon='-97.12937951222' />
  <node id='-2045144' action='modify' visible='true' lat='48.09178435518' lon='-97.12943839511' />
  <node id='-2045145' action='modify' visible='true' lat='48.0917668577' lon='-97.12945753518' />
  <node id='-2045146' action='modify' visible='true' lat='48.09172523962' lon='-97.12948761497' />
  <node id='-2045147' action='modify' visible='true' lat='48.09168036792' lon='-97.12951450711' />
  <node id='-2045148' action='modify' visible='true' lat='48.0915853838' lon='-97.12953947363' />
  <node id='-2045149' action='modify' visible='true' lat='48.09145627249' lon='-97.12954639958' />
  <node id='-2045150' action='modify' visible='true' lat='48.09142680924' lon='-97.12954012247' />
  <node id='-2045151' action='modify' visible='true' lat='48.09138099085' lon='-97.12948545593' />
  <node id='-2045152' action='modify' visible='true' lat='48.09137032865' lon='-97.12944385882' />
  <node id='-2045153' action='modify' visible='true' lat='48.0913172769' lon='-97.12902918468' />
  <node id='-2045154' action='modify' visible='true' lat='48.09130920492' lon='-97.12899597366' />
  <node id='-2045155' action='modify' visible='true' lat='48.09127486553' lon='-97.12894878661' />
  <node id='-2045156' action='modify' visible='true' lat='48.09125207336' lon='-97.12893958605' />
  <node id='-2045157' action='modify' visible='true' lat='48.09123902655' lon='-97.12893755465' />
  <node id='-2045158' action='modify' visible='true' lat='48.09121063812' lon='-97.12893788007' />
  <node id='-2045159' action='modify' visible='true' lat='48.09115746941' lon='-97.12896617282' />
  <node id='-2045160' action='modify' visible='true' lat='48.09167339646' lon='-97.12876007167' />
  <node id='-2045161' action='modify' visible='true' lat='48.09168231357' lon='-97.12884157124' />
  <node id='-2045162' action='modify' visible='true' lat='48.09181162447' lon='-97.12847870909' />
  <node id='-2045163' action='modify' visible='true' lat='48.09177605076' lon='-97.12848538543' />
  <node id='-2045164' action='modify' visible='true' lat='48.09174284842' lon='-97.12850563733' />
  <node id='-2045165' action='modify' visible='true' lat='48.09169231724' lon='-97.12858049836' />
  <node id='-2045166' action='modify' visible='true' lat='48.09167844185' lon='-97.1286299913' />
  <node id='-2045167' action='modify' visible='true' lat='48.0916736087' lon='-97.12868317708' />
  <node id='-2045168' action='modify' visible='true' lat='48.09111807113' lon='-97.12887705927' />
  <node id='-2045169' action='modify' visible='true' lat='48.09114998227' lon='-97.12886990988' />
  <node id='-2045170' action='modify' visible='true' lat='48.09121025952' lon='-97.12866088905' />
  <node id='-2045171' action='modify' visible='true' lat='48.09120530812' lon='-97.12839220294' />
  <node id='-2045172' action='modify' visible='true' lat='48.09137078769' lon='-97.12832458426' />
  <node id='-2045173' action='modify' visible='true' lat='48.09137275819' lon='-97.12825768488' />
  <node id='-2045174' action='modify' visible='true' lat='48.09113557005' lon='-97.12887636772' />
  <node id='-2045175' action='modify' visible='true' lat='48.09116024941' lon='-97.12885344805' />
  <node id='-2045176' action='modify' visible='true' lat='48.09118933707' lon='-97.12877115764' />
  <node id='-2045177' action='modify' visible='true' lat='48.09120367858' lon='-97.12871767356' />
  <node id='-2045178' action='modify' visible='true' lat='48.09120879087' lon='-97.1286032981' />
  <node id='-2045179' action='modify' visible='true' lat='48.09119298166' lon='-97.12843907599' />
  <node id='-2045180' action='modify' visible='true' lat='48.09119499551' lon='-97.1284131937' />
  <node id='-2045181' action='modify' visible='true' lat='48.09122121157' lon='-97.12838161554' />
  <node id='-2045182' action='modify' visible='true' lat='48.09134686989' lon='-97.12835138898' />
  <node id='-2045183' action='modify' visible='true' lat='48.09136103504' lon='-97.1283423991' />
  <node id='-2045184' action='modify' visible='true' lat='48.09137389407' lon='-97.1283020248' />
  <node id='-2045185' action='modify' visible='true' lat='48.09937138934' lon='-97.12105514248' />
  <node id='-2045186' action='modify' visible='true' lat='48.09942019933' lon='-97.12649840093' />
  <node id='-2045187' action='modify' visible='true' lat='48.10467755759' lon='-97.12640962625' />
  <node id='-2045188' action='modify' visible='true' lat='48.10468889552' lon='-97.1242705617' />
  <node id='-2045189' action='modify' visible='true' lat='48.10398382721' lon='-97.12410035539' />
  <node id='-2045190' action='modify' visible='true' lat='48.10403514136' lon='-97.12150097816' />
  <node id='-2045191' action='modify' visible='true' lat='48.10453071051' lon='-97.12127705633' />
  <node id='-2045192' action='modify' visible='true' lat='48.104659774' lon='-97.11959117636' />
  <node id='-2045193' action='modify' visible='true' lat='48.10464334568' lon='-97.11879471058' />
  <node id='-2045194' action='modify' visible='true' lat='48.10463853487' lon='-97.11798105046' />
  <node id='-2045195' action='modify' visible='true' lat='48.10509652793' lon='-97.11632541844' />
  <node id='-2045196' action='modify' visible='true' lat='48.10529219914' lon='-97.11523581691' />
  <node id='-2045197' action='modify' visible='true' lat='48.10553448793' lon='-97.11424378584' />
  <node id='-2045198' action='modify' visible='true' lat='48.10554916066' lon='-97.11358253653' />
  <node id='-2045199' action='modify' visible='true' lat='48.10538501531' lon='-97.11280132907' />
  <node id='-2045200' action='modify' visible='true' lat='48.10511255888' lon='-97.11214335961' />
  <node id='-2045201' action='modify' visible='true' lat='48.10452902827' lon='-97.11110525714' />
  <node id='-2045202' action='modify' visible='true' lat='48.10398048242' lon='-97.11051916778' />
  <node id='-2045203' action='modify' visible='true' lat='48.10336423699' lon='-97.11022501697' />
  <node id='-2045204' action='modify' visible='true' lat='48.10304040046' lon='-97.11034292856' />
  <node id='-2045205' action='modify' visible='true' lat='48.10292793557' lon='-97.12094952098' />
  <node id='-2045206' action='modify' visible='true' lat='48.10351213271' lon='-97.11026807415' />
  <node id='-2045207' action='modify' visible='true' lat='48.10343898716' lon='-97.11024036613' />
  <node id='-2045208' action='modify' visible='true' lat='48.10328881039' lon='-97.11022221726' />
  <node id='-2045209' action='modify' visible='true' lat='48.10319295513' lon='-97.11022666322' />
  <node id='-2045210' action='modify' visible='true' lat='48.1031492762' lon='-97.11023594176' />
  <node id='-2045211' action='modify' visible='true' lat='48.1031080007' lon='-97.11025926477' />
  <node id='-2045212' action='modify' visible='true' lat='48.10307111663' lon='-97.11029550892' />
  <node id='-2045213' action='modify' visible='true' lat='48.10301733161' lon='-97.1103992398' />
  <node id='-2045214' action='modify' visible='true' lat='48.10300302118' lon='-97.11046173048' />
  <node id='-2045215' action='modify' visible='true' lat='48.1029981584' lon='-97.11052739082' />
  <node id='-2045216' action='modify' visible='true' lat='48.10431832488' lon='-97.11084074646' />
  <node id='-2045217' action='modify' visible='true' lat='48.10421119453' lon='-97.11072098494' />
  <node id='-2045218' action='modify' visible='true' lat='48.10409836862' lon='-97.11061359047' />
  <node id='-2045219' action='modify' visible='true' lat='48.1038581997' lon='-97.11043824854' />
  <node id='-2045220' action='modify' visible='true' lat='48.10373220898' lon='-97.11037128841' />
  <node id='-2045221' action='modify' visible='true' lat='48.10473814456' lon='-97.1114374539' />
  <node id='-2045222' action='modify' visible='true' lat='48.10463736197' lon='-97.1112660258' />
  <node id='-2045223' action='modify' visible='true' lat='48.10441364491' lon='-97.11095589213' />
  <node id='-2045224' action='modify' visible='true' lat='48.1052637926' lon='-97.11248955399' />
  <node id='-2045225' action='modify' visible='true' lat='48.10519026689' lon='-97.11231440821' />
  <node id='-2045226' action='modify' visible='true' lat='48.10503077025' lon='-97.11197663203' />
  <node id='-2045227' action='modify' visible='true' lat='48.10494500803' lon='-97.11181444366' />
  <node id='-2045228' action='modify' visible='true' lat='48.10545347319' lon='-97.1130592721' />
  <node id='-2045229' action='modify' visible='true' lat='48.10542279528' lon='-97.11292818705' />
  <node id='-2045230' action='modify' visible='true' lat='48.10534038974' lon='-97.11267955938' />
  <node id='-2045231' action='modify' visible='true' lat='48.10555640128' lon='-97.11377630023' />
  <node id='-2045232' action='modify' visible='true' lat='48.10555536991' lon='-97.11367920142' />
  <node id='-2045233' action='modify' visible='true' lat='48.10553781322' lon='-97.11348692379' />
  <node id='-2045234' action='modify' visible='true' lat='48.10552140019' lon='-97.11339297472' />
  <node id='-2045235' action='modify' visible='true' lat='48.10548815347' lon='-97.11446990608' />
  <node id='-2045236' action='modify' visible='true' lat='48.10551476638' lon='-97.11435842938' />
  <node id='-2045237' action='modify' visible='true' lat='48.10554715415' lon='-97.11412692868' />
  <node id='-2045238' action='modify' visible='true' lat='48.10555265974' lon='-97.11400882951' />
  <node id='-2045239' action='modify' visible='true' lat='48.10520116467' lon='-97.11571785549' />
  <node id='-2045240' action='modify' visible='true' lat='48.10524364131' lon='-97.11547554843' />
  <node id='-2045241' action='modify' visible='true' lat='48.10534676884' lon='-97.11499900308' />
  <node id='-2045242' action='modify' visible='true' lat='48.10540727251' lon='-97.11476544491' />
  <node id='-2045243' action='modify' visible='true' lat='48.10495926002' lon='-97.11686380978' />
  <node id='-2045244' action='modify' visible='true' lat='48.1050335984' lon='-97.1165978757' />
  <node id='-2045245' action='modify' visible='true' lat='48.10514779543' lon='-97.11604753436' />
  <node id='-2045246' action='modify' visible='true' lat='48.10462039829' lon='-97.11837393019' />
  <node id='-2045247' action='modify' visible='true' lat='48.10461744359' lon='-97.11824227008' />
  <node id='-2045248' action='modify' visible='true' lat='48.1046235104' lon='-97.1181108493' />
  <node id='-2045249' action='modify' visible='true' lat='48.10466235895' lon='-97.11785423912' />
  <node id='-2045250' action='modify' visible='true' lat='48.10469473198' lon='-97.1177317494' />
  <node id='-2045251' action='modify' visible='true' lat='48.10464728455' lon='-97.11891501538' />
  <node id='-2045252' action='modify' visible='true' lat='48.10463748481' lon='-97.11867458147' />
  <node id='-2045253' action='modify' visible='true' lat='48.10465376659' lon='-97.11986142974' />
  <node id='-2045254' action='modify' visible='true' lat='48.10465732049' lon='-97.11932079826' />
  <node id='-2045255' action='modify' visible='true' lat='48.10429224622' lon='-97.12144311637' />
  <node id='-2045256' action='modify' visible='true' lat='48.10434603321' lon='-97.12143476362' />
  <node id='-2045257' action='modify' visible='true' lat='48.10439815952' lon='-97.12141321854' />
  <node id='-2045258' action='modify' visible='true' lat='48.10444719255' lon='-97.12137907327' />
  <node id='-2045259' action='modify' visible='true' lat='48.10449178472' lon='-97.12133326622' />
  <node id='-2045260' action='modify' visible='true' lat='48.1045629001' lon='-97.12121198844' />
  <node id='-2045261' action='modify' visible='true' lat='48.10458746885' lon='-97.12113985082' />
  <node id='-2045262' action='modify' visible='true' lat='48.10460374153' lon='-97.12106262605' />
  <node id='-2045263' action='modify' visible='true' lat='48.10461127093' lon='-97.12098243654' />
  <node id='-2045264' action='modify' visible='true' lat='48.103975102' lon='-97.1216840859' />
  <node id='-2045265' action='modify' visible='true' lat='48.10397959014' lon='-97.12163196004' />
  <node id='-2045266' action='modify' visible='true' lat='48.10399152688' lon='-97.12158253583' />
  <node id='-2045267' action='modify' visible='true' lat='48.10401034304' lon='-97.12153817002' />
  <node id='-2045268' action='modify' visible='true' lat='48.10406473937' lon='-97.1214727337' />
  <node id='-2045269' action='modify' visible='true' lat='48.10409772569' lon='-97.12145478347' />
  <node id='-2045270' action='modify' visible='true' lat='48.1041325274' lon='-97.12144798339' />
  <node id='-2045271' action='modify' visible='true' lat='48.10407692809' lon='-97.124158607' />
  <node id='-2045272' action='modify' visible='true' lat='48.10404278406' lon='-97.12415189779' />
  <node id='-2045273' action='modify' visible='true' lat='48.10401100931' lon='-97.12413201688' />
  <node id='-2045274' action='modify' visible='true' lat='48.10396313975' lon='-97.12405912877' />
  <node id='-2045275' action='modify' visible='true' lat='48.10395039451' lon='-97.12401122172' />
  <node id='-2045276' action='modify' visible='true' lat='48.10394648331' lon='-97.12395998644' />
  <node id='-2045277' action='modify' visible='true' lat='48.10476234967' lon='-97.12454407593' />
  <node id='-2045278' action='modify' visible='true' lat='48.10475808052' lon='-97.12446879899' />
  <node id='-2045279' action='modify' visible='true' lat='48.10474398568' lon='-97.12439625954' />
  <node id='-2045280' action='modify' visible='true' lat='48.10472061832' lon='-97.12432930452' />
  <node id='-2045281' action='modify' visible='true' lat='48.10465006228' lon='-97.12422233653' />
  <node id='-2045282' action='modify' visible='true' lat='48.10460564267' lon='-97.12418652171' />
  <node id='-2045283' action='modify' visible='true' lat='48.10455738' lon='-97.12416452285' />
  <node id='-2045284' action='modify' visible='true' lat='48.10450716842' lon='-97.12415720333' />
  <node id='-2045285' action='modify' visible='true' lat='48.10445667084' lon='-97.12656215771' />
  <node id='-2045286' action='modify' visible='true' lat='48.10450662013' lon='-97.12655569791' />
  <node id='-2045287' action='modify' visible='true' lat='48.10455508173' lon='-97.12653646157' />
  <node id='-2045288' action='modify' visible='true' lat='48.10460060954' lon='-97.12650502272' />
  <node id='-2045289' action='modify' visible='true' lat='48.10464184498' lon='-97.12646231952' />
  <node id='-2045290' action='modify' visible='true' lat='48.10470668169' lon='-97.1263485153' />
  <node id='-2045291' action='modify' visible='true' lat='48.10472834821' lon='-97.12628081026' />
  <node id='-2045292' action='modify' visible='true' lat='48.10474191062' lon='-97.12620853148' />
  <node id='-2045293' action='modify' visible='true' lat='48.10474696423' lon='-97.1261338358' />
  <node id='-2045294' action='modify' visible='true' lat='48.09934989106' lon='-97.12627896345' />
  <node id='-2045295' action='modify' visible='true' lat='48.09935451185' lon='-97.12634139112' />
  <node id='-2045296' action='modify' visible='true' lat='48.09936830313' lon='-97.12640070925' />
  <node id='-2045297' action='modify' visible='true' lat='48.09939057193' lon='-97.12645393736' />
  <node id='-2045298' action='modify' visible='true' lat='48.09945569666' lon='-97.12653186587' />
  <node id='-2045299' action='modify' visible='true' lat='48.09949528031' lon='-97.12655265069' />
  <node id='-2045300' action='modify' visible='true' lat='48.09953696136' lon='-97.12655971103' />
  <node id='-2045301' action='modify' visible='true' lat='48.09943399641' lon='-97.12100744516' />
  <node id='-2045302' action='modify' visible='true' lat='48.09941009094' lon='-97.12101310747' />
  <node id='-2045303' action='modify' visible='true' lat='48.09938851979' lon='-97.1210295415' />
  <node id='-2045304' action='modify' visible='true' lat='48.09936037236' lon='-97.12108741053' />
  <node id='-2045305' action='modify' visible='true' lat='48.09935654465' lon='-97.12112319473' />
  <node id='-2045306' action='modify' visible='true' lat='48.1029947614' lon='-97.12074191344' />
  <node id='-2045307' action='modify' visible='true' lat='48.10299029654' lon='-97.1208010075' />
  <node id='-2045308' action='modify' visible='true' lat='48.10297716503' lon='-97.12085713357' />
  <node id='-2045309' action='modify' visible='true' lat='48.10295602492' lon='-97.12090747905' />
  <node id='-2045310' action='modify' visible='true' lat='48.1028943046' lon='-97.12098115255' />
  <node id='-2045311' action='modify' visible='true' lat='48.10285681734' lon='-97.12100078861' />
  <node id='-2045312' action='modify' visible='true' lat='48.10281735237' lon='-97.12100744516' />
  <node id='-2045313' action='modify' visible='true' lat='48.10468258767' lon='-97.12150620463' />
  <node id='-2045314' action='modify' visible='true' lat='48.10542824503' lon='-97.12398231279' />
  <node id='-2045315' action='modify' visible='true' lat='48.10509143563' lon='-97.12320440006' />
  <node id='-2045316' action='modify' visible='true' lat='48.1047619628' lon='-97.12167334402' />
  <node id='-2045317' action='modify' visible='true' lat='48.10474365555' lon='-97.12160958606' />
  <node id='-2045318' action='modify' visible='true' lat='48.10471679593' lon='-97.12155302802' />
  <node id='-2045319' action='modify' visible='true' lat='48.10464256385' lon='-97.12147121437' />
  <node id='-2045320' action='modify' visible='true' lat='48.10459851819' lon='-97.12144962535' />
  <node id='-2045321' action='modify' visible='true' lat='48.10455242466' lon='-97.12144240514' />
  <node id='-2045322' action='modify' visible='true' lat='48.10522083136' lon='-97.12350068638' />
  <node id='-2045323' action='modify' visible='true' lat='48.10517247981' lon='-97.12340718615' />
  <node id='-2045324' action='modify' visible='true' lat='48.1051292563' lon='-97.1233082143' />
  <node id='-2045325' action='modify' visible='true' lat='48.10505925826' lon='-97.12309640344' />
  <node id='-2045326' action='modify' visible='true' lat='48.10503292878' lon='-97.12298491104' />
  <node id='-2045327' action='modify' visible='true' lat='48.10535336873' lon='-97.12406289283' />
  <node id='-2045328' action='modify' visible='true' lat='48.10538446481' lon='-97.12405064281' />
  <node id='-2045329' action='modify' visible='true' lat='48.10541057583' lon='-97.12402254277' />
  <node id='-2045330' action='modify' visible='true' lat='48.10543513324' lon='-97.12393527883' />
  <node id='-2045331' action='modify' visible='true' lat='48.10543032854' lon='-97.12388766761' />
  <node id='-2045332' action='modify' visible='true' lat='48.10541446701' lon='-97.12384578226' />
  <node id='-2045333' action='modify' visible='true' lat='48.10292503604' lon='-97.11615515695' />
  <node id='-2045334' action='modify' visible='true' lat='48.10297676146' lon='-97.12098062307' />
  <node id='-2045335' action='modify' visible='true' lat='48.09927839601' lon='-97.12095411032' />
  <node id='-2045336' action='modify' visible='true' lat='48.09618383913' lon='-97.11923496252' />
  <node id='-2045337' action='modify' visible='true' lat='48.09608742418' lon='-97.11730492785' />
  <node id='-2045338' action='modify' visible='true' lat='48.09683435953' lon='-97.11484018548' />
  <node id='-2045339' action='modify' visible='true' lat='48.09835986107' lon='-97.11471049711' />
  <node id='-2045340' action='modify' visible='true' lat='48.1000918847' lon='-97.10997715765' />
  <node id='-2045341' action='modify' visible='true' lat='48.10146164566' lon='-97.11018608052' />
  <node id='-2045342' action='modify' visible='true' lat='48.10279352266' lon='-97.11031565632' />
  <node id='-2045343' action='modify' visible='true' lat='48.10081366219' lon='-97.11000031266' />
  <node id='-2045344' action='modify' visible='true' lat='48.10102759596' lon='-97.1100776913' />
  <node id='-2045345' action='modify' visible='true' lat='48.10124375535' lon='-97.11013966119' />
  <node id='-2045346' action='modify' visible='true' lat='48.10168076824' lon='-97.11021684306' />
  <node id='-2045347' action='modify' visible='true' lat='48.10190062163' lon='-97.11023187841' />
  <node id='-2045348' action='modify' visible='true' lat='48.10212070271' lon='-97.11023115217' />
  <node id='-2045349' action='modify' visible='true' lat='48.10243166199' lon='-97.11556298396' />
  <node id='-2045350' action='modify' visible='true' lat='48.09812021309' lon='-97.1161205816' />
  <node id='-2045351' action='modify' visible='true' lat='48.0982048449' lon='-97.11613913033' />
  <node id='-2045352' action='modify' visible='true' lat='48.09976236447' lon='-97.11050755972' />
  <node id='-2045353' action='modify' visible='true' lat='48.09980630393' lon='-97.11037505202' />
  <node id='-2045354' action='modify' visible='true' lat='48.09986250476' lon='-97.11025337517' />
  <node id='-2045355' action='modify' visible='true' lat='48.09992980015' lon='-97.11014505528' />
  <node id='-2045356' action='modify' visible='true' lat='48.10000679296' lon='-97.11005234116' />
  <node id='-2045357' action='modify' visible='true' lat='48.10018330876' lon='-97.10992106561' />
  <node id='-2045358' action='modify' visible='true' lat='48.10027916708' lon='-97.10988522957' />
  <node id='-2045359' action='modify' visible='true' lat='48.10037746952' lon='-97.10987039351' />
  <node id='-2045360' action='modify' visible='true' lat='48.10047617524' lon='-97.10987686544' />
  <node id='-2045361' action='modify' visible='true' lat='48.10057323503' lon='-97.109904511' />
  <node id='-2045362' action='modify' visible='true' lat='48.0982258958' lon='-97.11460555774' />
  <node id='-2045363' action='modify' visible='true' lat='48.09826475938' lon='-97.114612878' />
  <node id='-2045364' action='modify' visible='true' lat='48.09830137614' lon='-97.11463370599' />
  <node id='-2045365' action='modify' visible='true' lat='48.09833368335' lon='-97.1146668684' />
  <node id='-2045366' action='modify' visible='true' lat='48.09837843464' lon='-97.11476213438' />
  <node id='-2045367' action='modify' visible='true' lat='48.09838835778' lon='-97.11481887134' />
  <node id='-2045368' action='modify' visible='true' lat='48.09838907148' lon='-97.11487751184' />
  <node id='-2045369' action='modify' visible='true' lat='48.09838053555' lon='-97.1149347525' />
  <node id='-2045370' action='modify' visible='true' lat='48.0981158399' lon='-97.11606005601' />
  <node id='-2045371' action='modify' visible='true' lat='48.09811343886' lon='-97.11609106196' />
  <node id='-2045372' action='modify' visible='true' lat='48.09813483492' lon='-97.11614282935' />
  <node id='-2045373' action='modify' visible='true' lat='48.09815443859' lon='-97.11615344487' />
  <node id='-2045374' action='modify' visible='true' lat='48.09815685422' lon='-97.11615389499' />
  <node id='-2045375' action='modify' visible='true' lat='48.09818166158' lon='-97.11615243002' />
  <node id='-2045376' action='modify' visible='true' lat='48.09822395526' lon='-97.11611540084' />
  <node id='-2045377' action='modify' visible='true' lat='48.09823697394' lon='-97.11608374818' />
  <node id='-2045378' action='modify' visible='true' lat='48.09850313659' lon='-97.11515769503' />
  <node id='-2045379' action='modify' visible='true' lat='48.10071713139' lon='-97.11574497813' />
  <node id='-2045380' action='modify' visible='true' lat='48.10073410662' lon='-97.11566037799' />
  <node id='-2045381' action='modify' visible='true' lat='48.09860809998' lon='-97.11492109953' />
  <node id='-2045382' action='modify' visible='true' lat='48.09649595859' lon='-97.1154903255' />
  <node id='-2045383' action='modify' visible='true' lat='48.09654132757' lon='-97.11533740181' />
  <node id='-2045384' action='modify' visible='true' lat='48.09659878832' lon='-97.11519388128' />
  <node id='-2045385' action='modify' visible='true' lat='48.09666748667' lon='-97.11506189725' />
  <node id='-2045386' action='modify' visible='true' lat='48.09674640143' lon='-97.11494341157' />
  <node id='-2045387' action='modify' visible='true' lat='48.0969300535' lon='-97.11475375334' />
  <node id='-2045388' action='modify' visible='true' lat='48.09703206085' lon='-97.11468539994' />
  <node id='-2045389' action='modify' visible='true' lat='48.09713886528' lon='-97.11463614129' />
  <node id='-2045390' action='modify' visible='true' lat='48.09724887919' lon='-97.1146067096' />
  <node id='-2045391' action='modify' visible='true' lat='48.09736046727' lon='-97.11459754235' />
  <node id='-2045392' action='modify' visible='true' lat='48.09606527221' lon='-97.11791104411' />
  <node id='-2045393' action='modify' visible='true' lat='48.09606357705' lon='-97.11770841413' />
  <node id='-2045394' action='modify' visible='true' lat='48.09607097216' lon='-97.11750607099' />
  <node id='-2045395' action='modify' visible='true' lat='48.09611285883' lon='-97.11710589249' />
  <node id='-2045396' action='modify' visible='true' lat='48.09614716132' lon='-97.11690986317' />
  <node id='-2045397' action='modify' visible='true' lat='48.09619017683' lon='-97.11671772458' />
  <node id='-2045398' action='modify' visible='true' lat='48.09647330155' lon='-97.11956925046' />
  <node id='-2045399' action='modify' visible='true' lat='48.09640445946' lon='-97.11952687814' />
  <node id='-2045400' action='modify' visible='true' lat='48.09633999619' lon='-97.11947116415' />
  <node id='-2045401' action='modify' visible='true' lat='48.09628105876' lon='-97.11940309982' />
  <node id='-2045402' action='modify' visible='true' lat='48.09622869584' lon='-97.11932389619' />
  <node id='-2045403' action='modify' visible='true' lat='48.09614728678' lon='-97.11913788118' />
  <node id='-2045404' action='modify' visible='true' lat='48.09611968918' lon='-97.11903437954' />
  <node id='-2045405' action='modify' visible='true' lat='48.09610153738' lon='-97.11892629915' />
  <node id='-2045406' action='modify' visible='true' lat='48.09609315437' lon='-97.11881556309' />
  <node id='-2045407' action='modify' visible='true' lat='48.09945331219' lon='-97.12097551554' />
  <node id='-2045408' action='modify' visible='true' lat='48.09936556605' lon='-97.12097009184' />
  <node id='-2045409' action='modify' visible='true' lat='48.09919236774' lon='-97.12092767469' />
  <node id='-2045410' action='modify' visible='true' lat='48.09910803949' lon='-97.12089095649' />
  <node id='-2045411' action='modify' visible='true' lat='48.09842621579' lon='-97.11527750353' />
  <node id='-2045412' action='modify' visible='true' lat='48.09844379124' lon='-97.11522702141' />
  <node id='-2045413' action='modify' visible='true' lat='48.09847014083' lon='-97.11518598044' />
  <node id='-2045414' action='modify' visible='true' lat='48.09854011382' lon='-97.11514444947' />
  <node id='-2045415' action='modify' visible='true' lat='48.09857808628' lon='-97.11514731347' />
  <node id='-2045416' action='modify' visible='true' lat='48.09875845691' lon='-97.11508582819' />
  <node id='-2045417' action='modify' visible='true' lat='48.09871250712' lon='-97.11506475302' />
  <node id='-2045418' action='modify' visible='true' lat='48.09867080688' lon='-97.11502898616' />
  <node id='-2045419' action='modify' visible='true' lat='48.09863542056' lon='-97.11498029823' />
  <node id='-2045420' action='modify' visible='true' lat='48.09859019765' lon='-97.11485432069' />
  <node id='-2045421' action='modify' visible='true' lat='48.09858259983' lon='-97.11478326758' />
  <node id='-2045422' action='modify' visible='true' lat='48.09858568267' lon='-97.11471145768' />
  <node id='-2045423' action='modify' visible='true' lat='48.09859929353' lon='-97.11464244594' />
  <node id='-2045424' action='modify' visible='true' lat='48.10073547495' lon='-97.11569792974' />
  <node id='-2045425' action='modify' visible='true' lat='48.10073761628' lon='-97.11567892302' />
  <node id='-2045426' action='modify' visible='true' lat='48.10072562437' lon='-97.11564587928' />
  <node id='-2045427' action='modify' visible='true' lat='48.10071380907' lon='-97.11563822937' />
  <node id='-2045428' action='modify' visible='true' lat='48.1006752305' lon='-97.11576201476' />
  <node id='-2045429' action='modify' visible='true' lat='48.10069750827' lon='-97.11576081613' />
  <node id='-2045430' action='modify' visible='true' lat='48.10073004731' lon='-97.11571777159' />
  <node id='-2045431' action='modify' visible='true' lat='48.09971364384' lon='-97.11537981268' />
  <node id='-2045432' action='modify' visible='true' lat='48.09969451746' lon='-97.11549869128' />
  <node id='-2045433' action='modify' visible='true' lat='48.09904549505' lon='-97.11519451628' />
  <node id='-2045434' action='modify' visible='true' lat='48.09919329403' lon='-97.11536029843' />
  <node id='-2045435' action='modify' visible='true' lat='48.09917253537' lon='-97.11523280563' />
  <node id='-2045436' action='modify' visible='true' lat='48.0989195265' lon='-97.11514897259' />
  <node id='-2045437' action='modify' visible='true' lat='48.09892654219' lon='-97.11527234041' />
  <node id='-2045438' action='modify' visible='true' lat='48.09905964751' lon='-97.11531816056' />
  <node id='-2045439' action='modify' visible='true' lat='48.09932743632' lon='-97.11539873969' />
  <node id='-2045440' action='modify' visible='true' lat='48.10268940993' lon='-97.11370490511' />
  <node id='-2045441' action='modify' visible='true' lat='48.10238471689' lon='-97.1140627856' />
  <node id='-2045442' action='modify' visible='true' lat='48.1025893567' lon='-97.11498945418' />
  <node id='-2045443' action='modify' visible='true' lat='48.10254571676' lon='-97.11598461773' />
  <node id='-2045444' action='modify' visible='true' lat='48.10278310906' lon='-97.11605239768' />
  <node id='-2045445' action='modify' visible='true' lat='48.10282350714' lon='-97.11605940849' />
  <node id='-2045446' action='modify' visible='true' lat='48.10286186508' lon='-97.11607964311' />
  <node id='-2045447' action='modify' visible='true' lat='48.10289627777' lon='-97.11611209655' />
  <node id='-2045448' action='modify' visible='true' lat='48.10294671157' lon='-97.11620668563' />
  <node id='-2045449' action='modify' visible='true' lat='48.10296022781' lon='-97.11626412333' />
  <node id='-2045450' action='modify' visible='true' lat='48.10296491347' lon='-97.11632461729' />
  <node id='-2045451' action='modify' visible='true' lat='48.10246234381' lon='-97.115810319' />
  <node id='-2045452' action='modify' visible='true' lat='48.1024817153' lon='-97.11587679531' />
  <node id='-2045453' action='modify' visible='true' lat='48.10250991982' lon='-97.1159357594' />
  <node id='-2045454' action='modify' visible='true' lat='48.10258753156' lon='-97.11602122122' />
  <node id='-2045455' action='modify' visible='true' lat='48.10263352496' lon='-97.11604395985' />
  <node id='-2045456' action='modify' visible='true' lat='48.10268167391' lon='-97.11605183345' />
  <node id='-2045457' action='modify' visible='true' lat='48.10246148395' lon='-97.11541379318' />
  <node id='-2045458' action='modify' visible='true' lat='48.10244159796' lon='-97.11548615862' />
  <node id='-2045459' action='modify' visible='true' lat='48.10243206855' lon='-97.11564123444' />
  <node id='-2045460' action='modify' visible='true' lat='48.10244280157' lon='-97.11571781898' />
  <node id='-2045461' action='modify' visible='true' lat='48.10257219477' lon='-97.11485495715' />
  <node id='-2045462' action='modify' visible='true' lat='48.10258587757' lon='-97.11492074588' />
  <node id='-2045463' action='modify' visible='true' lat='48.10258245483' lon='-97.11505758021' />
  <node id='-2045464' action='modify' visible='true' lat='48.10256552373' lon='-97.1151216518' />
  <node id='-2045465' action='modify' visible='true' lat='48.10245957819' lon='-97.11393884011' />
  <node id='-2045466' action='modify' visible='true' lat='48.10242777007' lon='-97.11397004046' />
  <node id='-2045467' action='modify' visible='true' lat='48.10240226377' lon='-97.11401227044' />
  <node id='-2045468' action='modify' visible='true' lat='48.10237626979' lon='-97.11411830305' />
  <node id='-2045469' action='modify' visible='true' lat='48.10237747143' lon='-97.11417521483' />
  <node id='-2045470' action='modify' visible='true' lat='48.10238824372' lon='-97.11422982233' />
  <node id='-2045471' action='modify' visible='true' lat='48.10273851499' lon='-97.11348705872' />
  <node id='-2045472' action='modify' visible='true' lat='48.10273082378' lon='-97.11356363803' />
  <node id='-2045473' action='modify' visible='true' lat='48.10271428461' lon='-97.11363701135' />
  <node id='-2045474' action='modify' visible='true' lat='48.10265697053' lon='-97.11376521551' />
  <node id='-2045475' action='modify' visible='true' lat='48.10261797158' lon='-97.11381607374' />
  <node id='-2045476' action='modify' visible='true' lat='48.10257362151' lon='-97.11385590388' />
  <node id='-2045477' action='modify' visible='true' lat='48.10262231325' lon='-97.11021092939' />
  <node id='-2045478' action='modify' visible='true' lat='48.10266967627' lon='-97.11021638442' />
  <node id='-2045479' action='modify' visible='true' lat='48.10271527469' lon='-97.11023632411' />
  <node id='-2045480' action='modify' visible='true' lat='48.10275715491' lon='-97.11026989416' />
  <node id='-2045481' action='modify' visible='true' lat='48.10282281983' lon='-97.11037164999' />
  <node id='-2045482' action='modify' visible='true' lat='48.10284379125' lon='-97.11043547621' />
  <node id='-2045483' action='modify' visible='true' lat='48.10285553845' lon='-97.11050440045' />
  <node id='-2045484' action='modify' visible='true' lat='48.10285755813' lon='-97.11057546976' />
  <node id='-2045485' action='modify' visible='true' lat='48.10299785758' lon='-97.11143195734' />
  <node id='-2045486' action='modify' visible='true' lat='48.10282265638' lon='-97.1114291066' />
  <node id='-2045487' action='modify' visible='true' lat='48.1029962689' lon='-97.11620897175' />
  <node id='-2045488' action='modify' visible='true' lat='48.0963176489' lon='-97.11590885486' />
  <node id='-2045489' action='modify' visible='true' lat='48.09682331805' lon='-97.11470361553' />
  <node id='-2045490' action='modify' visible='true' lat='48.09842017043' lon='-97.114477926' />
  <node id='-2045491' action='modify' visible='true' lat='48.09955755945' lon='-97.11018175901' />
  <node id='-2045492' action='modify' visible='true' lat='48.09923595858' lon='-97.11002951438' />
  <node id='-2045493' action='modify' visible='true' lat='48.09930347627' lon='-97.1089582224' />
  <node id='-2045494' action='modify' visible='true' lat='48.09876687596' lon='-97.1080333384' />
  <node id='-2045495' action='modify' visible='true' lat='48.09823533494' lon='-97.1070063141' />
  <node id='-2045496' action='modify' visible='true' lat='48.09722599474' lon='-97.10485871456' />
  <node id='-2045497' action='modify' visible='true' lat='48.09676109547' lon='-97.10391731226' />
  <node id='-2045498' action='modify' visible='true' lat='48.09554412525' lon='-97.10338648813' />
  <node id='-2045499' action='modify' visible='true' lat='48.09465490101' lon='-97.10430461888' />
  <node id='-2045500' action='modify' visible='true' lat='48.09451019708' lon='-97.10585725409' />
  <node id='-2045501' action='modify' visible='true' lat='48.09437052467' lon='-97.10676417384' />
  <node id='-2045502' action='modify' visible='true' lat='48.09437315369' lon='-97.10741620279' />
  <node id='-2045503' action='modify' visible='true' lat='48.09435166933' lon='-97.10775695175' />
  <node id='-2045504' action='modify' visible='true' lat='48.09440577042' lon='-97.1084163428' />
  <node id='-2045505' action='modify' visible='true' lat='48.09440470635' lon='-97.10896113178' />
  <node id='-2045506' action='modify' visible='true' lat='48.09442776924' lon='-97.10929681412' />
  <node id='-2045507' action='modify' visible='true' lat='48.09439313913' lon='-97.10987054893' />
  <node id='-2045508' action='modify' visible='true' lat='48.09470624075' lon='-97.11066280543' />
  <node id='-2045509' action='modify' visible='true' lat='48.09549449479' lon='-97.11042859174' />
  <node id='-2045510' action='modify' visible='true' lat='48.09619243194' lon='-97.11041783172' />
  <node id='-2045511' action='modify' visible='true' lat='48.09696375659' lon='-97.11082151058' />
  <node id='-2045512' action='modify' visible='true' lat='48.09821826379' lon='-97.11124699545' />
  <node id='-2045513' action='modify' visible='true' lat='48.09834940912' lon='-97.11164299065' />
  <node id='-2045514' action='modify' visible='true' lat='48.09821249987' lon='-97.11217018323' />
  <node id='-2045515' action='modify' visible='true' lat='48.09702013365' lon='-97.11283154885' />
  <node id='-2045516' action='modify' visible='true' lat='48.09654020096' lon='-97.11258011313' />
  <node id='-2045517' action='modify' visible='true' lat='48.0958923594' lon='-97.11277700258' />
  <node id='-2045518' action='modify' visible='true' lat='48.0942200011' lon='-97.11274970636' />
  <node id='-2045519' action='modify' visible='true' lat='48.09200973175' lon='-97.11240773699' />
  <node id='-2045520' action='modify' visible='true' lat='48.09205989233' lon='-97.11587631927' />
  <node id='-2045521' action='modify' visible='true' lat='48.09887959142' lon='-97.11274162187' />
  <node id='-2045522' action='modify' visible='true' lat='48.09901508309' lon='-97.10945791217' />
  <node id='-2045523' action='modify' visible='true' lat='48.09956625818' lon='-97.11035594295' />
  <node id='-2045524' action='modify' visible='true' lat='48.09957607715' lon='-97.11029748698' />
  <node id='-2045525' action='modify' visible='true' lat='48.09957307532' lon='-97.11023737822' />
  <node id='-2045526' action='modify' visible='true' lat='48.09953111506' lon='-97.11013631294' />
  <node id='-2045527' action='modify' visible='true' lat='48.0994964444' lon='-97.11010568402' />
  <node id='-2045528' action='modify' visible='true' lat='48.09945709037' lon='-97.11009300213' />
  <node id='-2045529' action='modify' visible='true' lat='48.0993794966' lon='-97.11008701829' />
  <node id='-2045530' action='modify' visible='true' lat='48.09933000988' lon='-97.11007797465' />
  <node id='-2045531' action='modify' visible='true' lat='48.09928184983' lon='-97.11005868087' />
  <node id='-2045532' action='modify' visible='true' lat='48.09919323388' lon='-97.10999104576' />
  <node id='-2045533' action='modify' visible='true' lat='48.09915451154' lon='-97.10994402752' />
  <node id='-2045534' action='modify' visible='true' lat='48.09912054905' lon='-97.10988937947' />
  <node id='-2045535' action='modify' visible='true' lat='48.09925293319' lon='-97.10908918103' />
  <node id='-2045536' action='modify' visible='true' lat='48.09927811501' lon='-97.10905357365' />
  <node id='-2045537' action='modify' visible='true' lat='48.09929544515' lon='-97.10900867073' />
  <node id='-2045538' action='modify' visible='true' lat='48.09930153764' lon='-97.10890644189' />
  <node id='-2045539' action='modify' visible='true' lat='48.09928979118' lon='-97.10885765373' />
  <node id='-2045540' action='modify' visible='true' lat='48.09926921789' lon='-97.10881593251' />
  <node id='-2045541' action='modify' visible='true' lat='48.09906519445' lon='-97.10978676932' />
  <node id='-2045542' action='modify' visible='true' lat='48.09903933784' lon='-97.1097287489' />
  <node id='-2045543' action='modify' visible='true' lat='48.09902092397' lon='-97.10966467771' />
  <node id='-2045544' action='modify' visible='true' lat='48.09901056145' lon='-97.10959667346' />
  <node id='-2045545' action='modify' visible='true' lat='48.0990085928' lon='-97.10952698381' />
  <node id='-2045546' action='modify' visible='true' lat='48.09902981779' lon='-97.1093917415' />
  <node id='-2045547' action='modify' visible='true' lat='48.09905230989' lon='-97.10933065888' />
  <node id='-2045548' action='modify' visible='true' lat='48.09908181596' lon='-97.10927668322' />
  <node id='-2045549' action='modify' visible='true' lat='48.09911736075' lon='-97.10923159853' />
  <node id='-2045550' action='modify' visible='true' lat='48.09899283716' lon='-97.10839845134' />
  <node id='-2045551' action='modify' visible='true' lat='48.09887780474' lon='-97.10821874208' />
  <node id='-2045552' action='modify' visible='true' lat='48.09866017651' lon='-97.10784245032' />
  <node id='-2045553' action='modify' visible='true' lat='48.09855782727' lon='-97.10764629406' />
  <node id='-2045554' action='modify' visible='true' lat='48.0975589744' lon='-97.10559198677' />
  <node id='-2045555' action='modify' visible='true' lat='48.09738951095' lon='-97.10522837827' />
  <node id='-2045556' action='modify' visible='true' lat='48.0970685223' lon='-97.10448321372' />
  <node id='-2045557' action='modify' visible='true' lat='48.09698488692' lon='-97.10427829711' />
  <node id='-2045558' action='modify' visible='true' lat='48.0969382668' lon='-97.10417592747' />
  <node id='-2045559' action='modify' visible='true' lat='48.09688506501' lon='-97.10408102412' />
  <node id='-2045560' action='modify' visible='true' lat='48.09682581125' lon='-97.10399453198' />
  <node id='-2045561' action='modify' visible='true' lat='48.09669156203' lon='-97.10385013382' />
  <node id='-2045562' action='modify' visible='true' lat='48.09661790324' lon='-97.10379366554' />
  <node id='-2045563' action='modify' visible='true' lat='48.09654085249' lon='-97.10374846966' />
  <node id='-2045564' action='modify' visible='true' lat='48.09588483977' lon='-97.10341918378' />
  <node id='-2045565' action='modify' visible='true' lat='48.09580145007' lon='-97.10338615611' />
  <node id='-2045566' action='modify' visible='true' lat='48.09571590727' lon='-97.10336955845' />
  <node id='-2045567' action='modify' visible='true' lat='48.09562964909' lon='-97.10336966975' />
  <node id='-2045568' action='modify' visible='true' lat='48.09546077313' lon='-97.10341973094' />
  <node id='-2045569' action='modify' visible='true' lat='48.09538099366' lon='-97.10346883947' />
  <node id='-2045570' action='modify' visible='true' lat='48.09530612767' lon='-97.10353298836' />
  <node id='-2045571' action='modify' visible='true' lat='48.09486105162' lon='-97.10397403149' />
  <node id='-2045572' action='modify' visible='true' lat='48.09480010766' lon='-97.1040424548' />
  <node id='-2045573' action='modify' visible='true' lat='48.09474494225' lon='-97.10412110479' />
  <node id='-2045574' action='modify' visible='true' lat='48.09469631644' lon='-97.10420889651' />
  <node id='-2045575' action='modify' visible='true' lat='48.09462126731' lon='-97.10440695141' />
  <node id='-2045576' action='modify' visible='true' lat='48.09459587933' lon='-97.10451448244' />
  <node id='-2045577' action='modify' visible='true' lat='48.09457908731' lon='-97.10462572858' />
  <node id='-2045578' action='modify' visible='true' lat='48.0945711229' lon='-97.10473915522' />
  <node id='-2045579' action='modify' visible='true' lat='48.0945552859' lon='-97.10525442471' />
  <node id='-2045580' action='modify' visible='true' lat='48.09454612664' lon='-97.10545628734' />
  <node id='-2045581' action='modify' visible='true' lat='48.09453108747' lon='-97.10565735838' />
  <node id='-2045582' action='modify' visible='true' lat='48.09448349535' lon='-97.10605559296' />
  <node id='-2045583' action='modify' visible='true' lat='48.09445103321' lon='-97.10625199646' />
  <node id='-2045584' action='modify' visible='true' lat='48.09439867385' lon='-97.10654150884' />
  <node id='-2045585' action='modify' visible='true' lat='48.09438172115' lon='-97.10665202571' />
  <node id='-2045586' action='modify' visible='true' lat='48.09436515141' lon='-97.10687728218' />
  <node id='-2045587' action='modify' visible='true' lat='48.0943656335' lon='-97.10699067397' />
  <node id='-2045588' action='modify' visible='true' lat='48.0943739701' lon='-97.10726754085' />
  <node id='-2045589' action='modify' visible='true' lat='48.0943617826' lon='-97.10756389171' />
  <node id='-2045590' action='modify' visible='true' lat='48.09435789236' lon='-97.10759822581' />
  <node id='-2045591' action='modify' visible='true' lat='48.0943518782' lon='-97.10767733368' />
  <node id='-2045592' action='modify' visible='true' lat='48.09435726827' lon='-97.1078361279' />
  <node id='-2045593' action='modify' visible='true' lat='48.09438367435' lon='-97.10808082144' />
  <node id='-2045594' action='modify' visible='true' lat='48.09439819165' lon='-97.10824806996' />
  <node id='-2045595' action='modify' visible='true' lat='48.09440638163' lon='-97.1085849953' />
  <node id='-2045596' action='modify' visible='true' lat='48.09440244815' lon='-97.10881565829' />
  <node id='-2045597' action='modify' visible='true' lat='48.0944164148' lon='-97.10910558476' />
  <node id='-2045598' action='modify' visible='true' lat='48.09442127108' lon='-97.10914806224' />
  <node id='-2045599' action='modify' visible='true' lat='48.09442711103' lon='-97.10922218447' />
  <node id='-2045600' action='modify' visible='true' lat='48.09442323859' lon='-97.10937114138' />
  <node id='-2045601' action='modify' visible='true' lat='48.09439539498' lon='-97.10966043061' />
  <node id='-2045602' action='modify' visible='true' lat='48.09438980364' lon='-97.10976538235' />
  <node id='-2045603' action='modify' visible='true' lat='48.09440534767' lon='-97.10997423515' />
  <node id='-2045604' action='modify' visible='true' lat='48.09442623247' lon='-97.11007476968' />
  <node id='-2045605' action='modify' visible='true' lat='48.09448867812' lon='-97.11031939326' />
  <node id='-2045606' action='modify' visible='true' lat='48.09451651567' lon='-97.11040704703' />
  <node id='-2045607' action='modify' visible='true' lat='48.09455319508' lon='-97.11048707462' />
  <node id='-2045608' action='modify' visible='true' lat='48.09459780753' lon='-97.11055749319' />
  <node id='-2045609' action='modify' visible='true' lat='48.09464924761' lon='-97.11061655795' />
  <node id='-2045610' action='modify' visible='true' lat='48.09476737482' lon='-97.11069508974' />
  <node id='-2045611' action='modify' visible='true' lat='48.09483113506' lon='-97.11071261098' />
  <node id='-2045612' action='modify' visible='true' lat='48.09489594166' lon='-97.11071493501' />
  <node id='-2045613' action='modify' visible='true' lat='48.09496018889' lon='-97.11070200425' />
  <node id='-2045614' action='modify' visible='true' lat='48.09502228488' lon='-97.11067413909' />
  <node id='-2045615' action='modify' visible='true' lat='48.09529603992' lon='-97.11051517208' />
  <node id='-2045616' action='modify' visible='true' lat='48.09539401693' lon='-97.11046545621' />
  <node id='-2045617' action='modify' visible='true' lat='48.09559672306' lon='-97.11040485399' />
  <node id='-2045618' action='modify' visible='true' lat='48.09569993823' lon='-97.11039442025' />
  <node id='-2045619' action='modify' visible='true' lat='48.09595912779' lon='-97.11038503136' />
  <node id='-2045620' action='modify' visible='true' lat='48.09603739001' lon='-97.11038679879' />
  <node id='-2045621' action='modify' visible='true' lat='48.09611531821' lon='-97.11039775476' />
  <node id='-2045622' action='modify' visible='true' lat='48.09626825575' lon='-97.11044690589' />
  <node id='-2045623' action='modify' visible='true' lat='48.09634232213' lon='-97.110484798' />
  <node id='-2045624' action='modify' visible='true' lat='48.09667262414' lon='-97.11067577551' />
  <node id='-2045625' action='modify' visible='true' lat='48.09681707404' lon='-97.11075364349' />
  <node id='-2045626' action='modify' visible='true' lat='48.09711236311' lon='-97.11087923395' />
  <node id='-2045627' action='modify' visible='true' lat='48.09726258086' lon='-97.11092669215' />
  <node id='-2045628' action='modify' visible='true' lat='48.09808797002' lon='-97.11115798558' />
  <node id='-2045629' action='modify' visible='true' lat='48.09813443457' lon='-97.11117694248' />
  <node id='-2045630' action='modify' visible='true' lat='48.09817824835' lon='-97.11120687376' />
  <node id='-2045631' action='modify' visible='true' lat='48.09825343283' lon='-97.1112962567' />
  <node id='-2045632' action='modify' visible='true' lat='48.09828283434' lon='-97.11135336727' />
  <node id='-2045633' action='modify' visible='true' lat='48.09830569825' lon='-97.11141683131' />
  <node id='-2045634' action='modify' visible='true' lat='48.09832247091' lon='-97.11147403597' />
  <node id='-2045635' action='modify' visible='true' lat='48.09834101268' lon='-97.11155670001' />
  <node id='-2045636' action='modify' visible='true' lat='48.09834739091' lon='-97.11173013998' />
  <node id='-2045637' action='modify' visible='true' lat='48.09833502279' lon='-97.11181535252' />
  <node id='-2045638' action='modify' visible='true' lat='48.09831558377' lon='-97.11190823706' />
  <node id='-2045639' action='modify' visible='true' lat='48.09829028612' lon='-97.11200309043' />
  <node id='-2045640' action='modify' visible='true' lat='48.09825565677' lon='-97.11209108697' />
  <node id='-2045641' action='modify' visible='true' lat='48.09816181757' lon='-97.11223854245' />
  <node id='-2045642' action='modify' visible='true' lat='48.0981047868' lon='-97.1122945772' />
  <node id='-2045643' action='modify' visible='true' lat='48.0980427319' lon='-97.11233698625' />
  <node id='-2045644' action='modify' visible='true' lat='48.09720801015' lon='-97.11279592569' />
  <node id='-2045645' action='modify' visible='true' lat='48.09714682205' lon='-97.11282193332' />
  <node id='-2045646' action='modify' visible='true' lat='48.09708372018' lon='-97.11283389803' />
  <node id='-2045647' action='modify' visible='true' lat='48.09695750252' lon='-97.11281493898' />
  <node id='-2045648' action='modify' visible='true' lat='48.09689724523' lon='-97.1127844446' />
  <node id='-2045649' action='modify' visible='true' lat='48.09684072648' lon='-97.11274075632' />
  <node id='-2045650' action='modify' visible='true' lat='48.09680268944' lon='-97.11270569057' />
  <node id='-2045651' action='modify' visible='true' lat='48.09674138272' lon='-97.11265658363' />
  <node id='-2045652' action='modify' visible='true' lat='48.09667655759' lon='-97.11261894573' />
  <node id='-2045653' action='modify' visible='true' lat='48.09660916684' lon='-97.11259333007' />
  <node id='-2045654' action='modify' visible='true' lat='48.09647067361' lon='-97.1125794892' />
  <node id='-2045655' action='modify' visible='true' lat='48.0964016067' lon='-97.11259146743' />
  <node id='-2045656' action='modify' visible='true' lat='48.09633401536' lon='-97.11261587176' />
  <node id='-2045657' action='modify' visible='true' lat='48.09615858894' lon='-97.11269634018' />
  <node id='-2045658' action='modify' visible='true' lat='48.09602679016' lon='-97.11274640735' />
  <node id='-2045659' action='modify' visible='true' lat='48.0957565767' lon='-97.11278783455' />
  <node id='-2045660' action='modify' visible='true' lat='48.09495559771' lon='-97.11279313516' />
  <node id='-2045661' action='modify' visible='true' lat='48.09471015234' lon='-97.11278939007' />
  <node id='-2045662' action='modify' visible='true' lat='48.09446488367' lon='-97.11277490968' />
  <node id='-2045663' action='modify' visible='true' lat='48.09397571374' lon='-97.11271380163' />
  <node id='-2045664' action='modify' visible='true' lat='48.09373223016' lon='-97.11266722615' />
  <node id='-2045665' action='modify' visible='true' lat='48.09215208075' lon='-97.11232977037' />
  <node id='-2045666' action='modify' visible='true' lat='48.09211271753' lon='-97.11232867493' />
  <node id='-2045667' action='modify' visible='true' lat='48.09207436292' lon='-97.11234197563' />
  <node id='-2045668' action='modify' visible='true' lat='48.09203933006' lon='-97.11236887031' />
  <node id='-2045669' action='modify' visible='true' lat='48.09198735304' lon='-97.11245623166' />
  <node id='-2045670' action='modify' visible='true' lat='48.09197354356' lon='-97.11251142966' />
  <node id='-2045671' action='modify' visible='true' lat='48.09196913617' lon='-97.11257000208' />
  <node id='-2045672' action='modify' visible='true' lat='48.09199147894' lon='-97.11563385845' />
  <node id='-2045673' action='modify' visible='true' lat='48.09199633537' lon='-97.11570084806' />
  <node id='-2045674' action='modify' visible='true' lat='48.09200974365' lon='-97.11576517145' />
  <node id='-2045675' action='modify' visible='true' lat='48.09203119871' lon='-97.11582440563' />
  <node id='-2045676' action='modify' visible='true' lat='48.09209474364' lon='-97.11591895686' />
  <node id='-2045677' action='modify' visible='true' lat='48.09213443982' lon='-97.11595071226' />
  <node id='-2045678' action='modify' visible='true' lat='48.09217748552' lon='-97.11597038927' />
  <node id='-2045679' action='modify' visible='true' lat='48.09222225926' lon='-97.11597724668' />
  <node id='-2045680' action='modify' visible='true' lat='48.09653529135' lon='-97.11523427123' />
  <node id='-2045681' action='modify' visible='true' lat='48.09657452473' lon='-97.11510846642' />
  <node id='-2045682' action='modify' visible='true' lat='48.09662375377' lon='-97.11499080375' />
  <node id='-2045683' action='modify' visible='true' lat='48.09668223715' lon='-97.11488305499' />
  <node id='-2045684' action='modify' visible='true' lat='48.09674909416' lon='-97.11478684266' />
  <node id='-2045685' action='modify' visible='true' lat='48.0969037911' lon='-97.11463462686' />
  <node id='-2045686' action='modify' visible='true' lat='48.0969893015' lon='-97.1145809155' />
  <node id='-2045687' action='modify' visible='true' lat='48.0970785616' lon='-97.11454329023' />
  <node id='-2045688' action='modify' visible='true' lat='48.09717022729' lon='-97.11452231763' />
  <node id='-2045689' action='modify' visible='true' lat='48.09726291823' lon='-97.11451831352' />
  <node id='-2045690' action='modify' visible='true' lat='48.09613491519' lon='-97.11600506378' />
  <node id='-2045691' action='modify' visible='true' lat='48.09618408073' lon='-97.11599909004' />
  <node id='-2045692' action='modify' visible='true' lat='48.0962318448' lon='-97.11598064514' />
  <node id='-2045693' action='modify' visible='true' lat='48.09627680695' lon='-97.11595026987' />
  <node id='-2045694' action='modify' visible='true' lat='48.09635317316' lon='-97.1158576144' />
  <node id='-2045695' action='modify' visible='true' lat='48.09638233818' lon='-97.11579805085' />
  <node id='-2045696' action='modify' visible='true' lat='48.09640428885' lon='-97.11573191062' />
  <node id='-2045697' action='modify' visible='true' lat='48.09824585334' lon='-97.11456623862' />
  <node id='-2045698' action='modify' visible='true' lat='48.0982927221' lon='-97.11456222352' />
  <node id='-2045699' action='modify' visible='true' lat='48.09833836009' lon='-97.11454575003' />
  <node id='-2045700' action='modify' visible='true' lat='48.09838130234' lon='-97.11451734694' />
  <node id='-2045701' action='modify' visible='true' lat='48.0984537167' lon='-97.11442875259' />
  <node id='-2045702' action='modify' visible='true' lat='48.09848086434' lon='-97.11437140518' />
  <node id='-2045703' action='modify' visible='true' lat='48.09850074193' lon='-97.1143077246' />
  <node id='-2045704' action='modify' visible='true' lat='48.09243595223' lon='-97.12646661864' />
  <node id='-2045705' action='modify' visible='true' lat='48.09928380227' lon='-97.12646153005' />
  <node id='-2045706' action='modify' visible='true' lat='48.09924578761' lon='-97.12107086774' />
  <node id='-2045707' action='modify' visible='true' lat='48.09617139927' lon='-97.11931832366' />
  <node id='-2045708' action='modify' visible='true' lat='48.09604790314' lon='-97.11787969142' />
  <node id='-2045709' action='modify' visible='true' lat='48.09608161492' lon='-97.1170528122' />
  <node id='-2045710' action='modify' visible='true' lat='48.09617168368' lon='-97.11661398679' />
  <node id='-2045711' action='modify' visible='true' lat='48.09621129954' lon='-97.11611564637' />
  <node id='-2045712' action='modify' visible='true' lat='48.09204957478' lon='-97.11613858027' />
  <node id='-2045713' action='modify' visible='true' lat='48.09218891601' lon='-97.12287204363' />
  <node id='-2045714' action='modify' visible='true' lat='48.09352483162' lon='-97.12275554182' />
  <node id='-2045715' action='modify' visible='true' lat='48.09358065915' lon='-97.12426486074' />
  <node id='-2045716' action='modify' visible='true' lat='48.09221905473' lon='-97.12471149327' />
  <node id='-2045717' action='modify' visible='true' lat='48.09912713935' lon='-97.12657501018' />
  <node id='-2045718' action='modify' visible='true' lat='48.0991717534' lon='-97.12656734473' />
  <node id='-2045719' action='modify' visible='true' lat='48.09921411244' lon='-97.12654501807' />
  <node id='-2045720' action='modify' visible='true' lat='48.0992520959' lon='-97.12650914794' />
  <node id='-2045721' action='modify' visible='true' lat='48.09930764426' lon='-97.12640454826' />
  <node id='-2045722' action='modify' visible='true' lat='48.09932242831' lon='-97.1263410552' />
  <node id='-2045723' action='modify' visible='true' lat='48.09932741431' lon='-97.12627422946' />
  <node id='-2045724' action='modify' visible='true' lat='48.09932464844' lon='-97.12138870528' />
  <node id='-2045725' action='modify' visible='true' lat='48.09931948385' lon='-97.12130259376' />
  <node id='-2045726' action='modify' visible='true' lat='48.09930424976' lon='-97.12121919917' />
  <node id='-2045727' action='modify' visible='true' lat='48.0992794245' lon='-97.12114114014' />
  <node id='-2045728' action='modify' visible='true' lat='48.09920439527' lon='-97.12101058858' />
  <node id='-2045729' action='modify' visible='true' lat='48.0991565472' lon='-97.12096219544' />
  <node id='-2045730' action='modify' visible='true' lat='48.09910374584' lon='-97.12092720789' />
  <node id='-2045731' action='modify' visible='true' lat='48.09637524675' lon='-97.11953739163' />
  <node id='-2045732' action='modify' visible='true' lat='48.09631671607' lon='-97.11950017765' />
  <node id='-2045733' action='modify' visible='true' lat='48.0962624675' lon='-97.11945050317' />
  <node id='-2045734' action='modify' visible='true' lat='48.09621367625' lon='-97.11938944428' />
  <node id='-2045735' action='modify' visible='true' lat='48.09613655241' lon='-97.11923868197' />
  <node id='-2045736' action='modify' visible='true' lat='48.09610989057' lon='-97.11915224448' />
  <node id='-2045737' action='modify' visible='true' lat='48.09609199132' lon='-97.11906088364' />
  <node id='-2045738' action='modify' visible='true' lat='48.09608324241' lon='-97.11896657857' />
  <node id='-2045739' action='modify' visible='true' lat='48.09606139612' lon='-97.1184590822' />
  <node id='-2045740' action='modify' visible='true' lat='48.09605179463' lon='-97.11816953586' />
  <node id='-2045741' action='modify' visible='true' lat='48.09604972503' lon='-97.11758980125' />
  <node id='-2045742' action='modify' visible='true' lat='48.09605268111' lon='-97.11740667425' />
  <node id='-2045743' action='modify' visible='true' lat='48.09606137354' lon='-97.11722868475' />
  <node id='-2045744' action='modify' visible='true' lat='48.09611321236' lon='-97.11688073248' />
  <node id='-2045745' action='modify' visible='true' lat='48.09624020468' lon='-97.1163267222' />
  <node id='-2045746' action='modify' visible='true' lat='48.09624794348' lon='-97.11627146776' />
  <node id='-2045747' action='modify' visible='true' lat='48.09624545965' lon='-97.11621513409' />
  <node id='-2045748' action='modify' visible='true' lat='48.09623293666' lon='-97.11616188243' />
  <node id='-2045749' action='modify' visible='true' lat='48.09618214659' lon='-97.11607984129' />
  <node id='-2045750' action='modify' visible='true' lat='48.09614763126' lon='-97.11605711203' />
  <node id='-2045751' action='modify' visible='true' lat='48.09611030311' lon='-97.11604913754' />
  <node id='-2045752' action='modify' visible='true' lat='48.09221744111' lon='-97.11601760867' />
  <node id='-2045753' action='modify' visible='true' lat='48.09216961082' lon='-97.1160253796' />
  <node id='-2045754' action='modify' visible='true' lat='48.09212417582' lon='-97.11604906792' />
  <node id='-2045755' action='modify' visible='true' lat='48.09208346753' lon='-97.11608745811' />
  <node id='-2045756' action='modify' visible='true' lat='48.09202423673' lon='-97.11619981121' />
  <node id='-2045757' action='modify' visible='true' lat='48.09200875354' lon='-97.116268009' />
  <node id='-2045758' action='modify' visible='true' lat='48.0920039197' lon='-97.11633967424' />
  <node id='-2045759' action='modify' visible='true' lat='48.09205651903' lon='-97.122461432' />
  <node id='-2045760' action='modify' visible='true' lat='48.09206280461' lon='-97.12255499741' />
  <node id='-2045761' action='modify' visible='true' lat='48.09207986023' lon='-97.12264550163' />
  <node id='-2045762' action='modify' visible='true' lat='48.09210716634' lon='-97.12273018784' />
  <node id='-2045763' action='modify' visible='true' lat='48.09214389116' lon='-97.12280647644' />
  <node id='-2045764' action='modify' visible='true' lat='48.09224086937' lon='-97.12292489216' />
  <node id='-2045765' action='modify' visible='true' lat='48.09229816869' lon='-97.12296341224' />
  <node id='-2045766' action='modify' visible='true' lat='48.09235906858' lon='-97.12298643052' />
  <node id='-2045767' action='modify' visible='true' lat='48.09242171397' lon='-97.12299324584' />
  <node id='-2045768' action='modify' visible='true' lat='48.09248419663' lon='-97.12298365061' />
  <node id='-2045769' action='modify' visible='true' lat='48.09341123011' lon='-97.1227173132' />
  <node id='-2045770' action='modify' visible='true' lat='48.09345097505' lon='-97.12271417452' />
  <node id='-2045771' action='modify' visible='true' lat='48.09348980643' lon='-97.12272724187' />
  <node id='-2045772' action='modify' visible='true' lat='48.09355344153' lon='-97.12279696625' />
  <node id='-2045773' action='modify' visible='true' lat='48.09357350495' lon='-97.12284842935' />
  <node id='-2045774' action='modify' visible='true' lat='48.09358352732' lon='-97.12290609754' />
  <node id='-2045775' action='modify' visible='true' lat='48.09366175222' lon='-97.12389685231' />
  <node id='-2045776' action='modify' visible='true' lat='48.09366337452' lon='-97.12397673278' />
  <node id='-2045777' action='modify' visible='true' lat='48.09365570735' lon='-97.12405582143' />
  <node id='-2045778' action='modify' visible='true' lat='48.09363898368' lon='-97.12413171515' />
  <node id='-2045779' action='modify' visible='true' lat='48.09361371166' lon='-97.12420210789' />
  <node id='-2045780' action='modify' visible='true' lat='48.09354083047' lon='-97.12431806696' />
  <node id='-2045781' action='modify' visible='true' lat='48.09349543579' lon='-97.12436010985' />
  <node id='-2045782' action='modify' visible='true' lat='48.09344585443' lon='-97.12438971195' />
  <node id='-2045783' action='modify' visible='true' lat='48.09339359292' lon='-97.12440597378' />
  <node id='-2045784' action='modify' visible='true' lat='48.0923751542' lon='-97.12458619112' />
  <node id='-2045785' action='modify' visible='true' lat='48.09233089459' lon='-97.12460040291' />
  <node id='-2045786' action='modify' visible='true' lat='48.09228917575' lon='-97.12462670189' />
  <node id='-2045787' action='modify' visible='true' lat='48.09225145622' lon='-97.12466416864' />
  <node id='-2045788' action='modify' visible='true' lat='48.09219310407' lon='-97.12476702127' />
  <node id='-2045789' action='modify' visible='true' lat='48.09217451153' lon='-97.12482881132' />
  <node id='-2045790' action='modify' visible='true' lat='48.09216392711' lon='-97.12489470317' />
  <node id='-2045791' action='modify' visible='true' lat='48.09216172088' lon='-97.12496239318' />
  <node id='-2045792' action='modify' visible='true' lat='48.09221168923' lon='-97.12605797507' />
  <node id='-2045793' action='modify' visible='true' lat='48.0927870681' lon='-97.12658799205' />
  <node id='-2045794' action='modify' visible='true' lat='48.09235714538' lon='-97.12637020805' />
  <node id='-2045795' action='modify' visible='true' lat='48.09239316553' lon='-97.12642461225' />
  <node id='-2045796' action='modify' visible='true' lat='48.0924836364' lon='-97.12649439224' />
  <node id='-2045797' action='modify' visible='true' lat='48.09218979355' lon='-97.12589849573' />
  <node id='-2045798' action='modify' visible='true' lat='48.09219652877' lon='-97.1259795318' />
  <node id='-2045799' action='modify' visible='true' lat='48.09223489793' lon='-97.1261318748' />
  <node id='-2045800' action='modify' visible='true' lat='48.0922655777' lon='-97.12619939325' />
  <node id='-2045801' action='modify' visible='true' lat='48.0925717727' lon='-97.12653039009' />
  <node id='-2045802' action='modify' visible='true' lat='48.0926785592' lon='-97.12656640714' />
  <node id='-2045803' action='modify' visible='true' lat='48.09289643102' lon='-97.1265949721' />
  <node id='-2045804' action='modify' visible='true' lat='48.093605581' lon='-97.12654568998' />
  <node id='-2045805' action='modify' visible='true' lat='48.09381162872' lon='-97.12634590639' />
  <node id='-2045806' action='modify' visible='true' lat='48.09400823809' lon='-97.12656764406' />
  <node id='-2045807' action='modify' visible='true' lat='48.09510577777' lon='-97.12655430948' />
  <node id='-2045808' action='modify' visible='true' lat='48.09532141302' lon='-97.12633412714' />
  <node id='-2045809' action='modify' visible='true' lat='48.09563167658' lon='-97.12656621844' />
  <node id='-2045810' action='modify' visible='true' lat='48.09663567714' lon='-97.12653132846' />
  <node id='-2045811' action='modify' visible='true' lat='48.09685164594' lon='-97.12631933492' />
  <node id='-2045812' action='modify' visible='true' lat='48.09704016538' lon='-97.12655398629' />
  <node id='-2045813' action='modify' visible='true' lat='48.09812127149' lon='-97.12651791196' />
  <node id='-2045814' action='modify' visible='true' lat='48.0986246906' lon='-97.1265484056' />
  <node id='-2045815' action='modify' visible='true' lat='48.09835417021' lon='-97.12630408711' />
  <node id='-2045816' action='modify' visible='true' lat='48.09827333345' lon='-97.12634241312' />
  <node id='-2045817' action='modify' visible='true' lat='48.09829731137' lon='-97.12631770007' />
  <node id='-2045818' action='modify' visible='true' lat='48.09832506261' lon='-97.12630454276' />
  <node id='-2045819' action='modify' visible='true' lat='48.09838209907' lon='-97.12631637282' />
  <node id='-2045820' action='modify' visible='true' lat='48.09840641675' lon='-97.12634032987' />
  <node id='-2045821' action='modify' visible='true' lat='48.09677868922' lon='-97.12634958821' />
  <node id='-2045822' action='modify' visible='true' lat='48.09680014825' lon='-97.12632692237' />
  <node id='-2045823' action='modify' visible='true' lat='48.09682545671' lon='-97.1263164276' />
  <node id='-2045824' action='modify' visible='true' lat='48.09687564399' lon='-97.12633530331' />
  <node id='-2045825' action='modify' visible='true' lat='48.09689463592' lon='-97.1263624597' />
  <node id='-2045826' action='modify' visible='true' lat='48.09523060268' lon='-97.12640083164' />
  <node id='-2045827' action='modify' visible='true' lat='48.09525685124' lon='-97.12636750869' />
  <node id='-2045828' action='modify' visible='true' lat='48.09528774737' lon='-97.12634481402' />
  <node id='-2045829' action='modify' visible='true' lat='48.09535580182' lon='-97.12633609765' />
  <node id='-2045830' action='modify' visible='true' lat='48.09538882342' lon='-97.12635060579' />
  <node id='-2045831' action='modify' visible='true' lat='48.0954184706' lon='-97.12637676966' />
  <node id='-2045832' action='modify' visible='true' lat='48.09373130454' lon='-97.12638973412' />
  <node id='-2045833' action='modify' visible='true' lat='48.09375487841' lon='-97.12636370789' />
  <node id='-2045834' action='modify' visible='true' lat='48.09378239789' lon='-97.12634869228' />
  <node id='-2045835' action='modify' visible='true' lat='48.09384019773' lon='-97.1263555764' />
  <node id='-2045836' action='modify' visible='true' lat='48.09386578546' lon='-97.12637691721' />
  <node id='-2045837' action='modify' visible='true' lat='48.09388631449' lon='-97.12640819621' />
  <node id='-2045838' action='modify' visible='true' lat='48.0934732544' lon='-97.12659312417' />
  <node id='-2045839' action='modify' visible='true' lat='48.09351883112' lon='-97.12658767003' />
  <node id='-2045840' action='modify' visible='true' lat='48.09356329647' lon='-97.12657173085' />
  <node id='-2045841' action='modify' visible='true' lat='48.09364466773' lon='-97.12651017374' />
  <node id='-2045842' action='modify' visible='true' lat='48.0936796166' lon='-97.12646603633' />
  <node id='-2045843' action='modify' visible='true' lat='48.09390789195' lon='-97.12645216273' />
  <node id='-2045844' action='modify' visible='true' lat='48.09393628392' lon='-97.12649989126' />
  <node id='-2045845' action='modify' visible='true' lat='48.09397012957' lon='-97.12653884185' />
  <node id='-2045846' action='modify' visible='true' lat='48.09404926868' lon='-97.12658528455' />
  <node id='-2045847' action='modify' visible='true' lat='48.09409177772' lon='-97.12659114264' />
  <node id='-2045848' action='modify' visible='true' lat='48.09499857917' lon='-97.12658823751' />
  <node id='-2045849' action='modify' visible='true' lat='48.09505335069' lon='-97.12657957602' />
  <node id='-2045850' action='modify' visible='true' lat='48.09515363961' lon='-97.12651350818' />
  <node id='-2045851' action='modify' visible='true' lat='48.09519490878' lon='-97.12645890047' />
  <node id='-2045852' action='modify' visible='true' lat='48.09549539127' lon='-97.12646545251' />
  <node id='-2045853' action='modify' visible='true' lat='48.09553772561' lon='-97.12650792531' />
  <node id='-2045854' action='modify' visible='true' lat='48.09558341771' lon='-97.12654170889' />
  <node id='-2045855' action='modify' visible='true' lat='48.09568166681' lon='-97.12658102965' />
  <node id='-2045856' action='modify' visible='true' lat='48.09573252302' lon='-97.12658588614' />
  <node id='-2045857' action='modify' visible='true' lat='48.09649182093' lon='-97.1265834535' />
  <node id='-2045858' action='modify' visible='true' lat='48.09654140298' lon='-97.12657745904' />
  <node id='-2045859' action='modify' visible='true' lat='48.09658975079' lon='-97.12655994064' />
  <node id='-2045860' action='modify' visible='true' lat='48.0966780543' lon='-97.1264923251' />
  <node id='-2045861' action='modify' visible='true' lat='48.09671584167' lon='-97.12644388831' />
  <node id='-2045862' action='modify' visible='true' lat='48.09692267643' lon='-97.12641928422' />
  <node id='-2045863' action='modify' visible='true' lat='48.09695595789' lon='-97.126474969' />
  <node id='-2045864' action='modify' visible='true' lat='48.096995583' lon='-97.12652039951' />
  <node id='-2045865' action='modify' visible='true' lat='48.09708814523' lon='-97.12657455424' />
  <node id='-2045866' action='modify' visible='true' lat='48.09713784386' lon='-97.12658138374' />
  <node id='-2045867' action='modify' visible='true' lat='48.09794505273' lon='-97.12657879753' />
  <node id='-2045868' action='modify' visible='true' lat='48.09800560912' lon='-97.12657180002' />
  <node id='-2045869' action='modify' visible='true' lat='48.09806479033' lon='-97.12655135225' />
  <node id='-2045870' action='modify' visible='true' lat='48.09817378818' lon='-97.1264722278' />
  <node id='-2045871' action='modify' visible='true' lat='48.09822116473' lon='-97.12641532247' />
  <node id='-2045872' action='modify' visible='true' lat='48.09845642567' lon='-97.12640734712' />
  <node id='-2045873' action='modify' visible='true' lat='48.09850769759' lon='-97.12646654002' />
  <node id='-2045874' action='modify' visible='true' lat='48.09856418897' lon='-97.12651389741' />
  <node id='-2045875' action='modify' visible='true' lat='48.09868790739' lon='-97.12656932592' />
  <node id='-2045876' action='modify' visible='true' lat='48.09875248616' lon='-97.12657621056' />
  <node id='-2045877' action='modify' visible='true' lat='48.09214983275' lon='-97.1246324493' />
  <node id='-2045878' action='modify' visible='true' lat='48.09332583885' lon='-97.12274184637' />
  <node id='-2045879' action='modify' visible='true' lat='48.09338987588' lon='-97.12411083215' />
  <node id='-2045880' action='modify' visible='true' lat='48.09331457955' lon='-97.12414508535' />
  <node id='-2045881' action='modify' visible='true' lat='48.09320342553' lon='-97.12365748093' />
  <node id='-2045882' action='modify' visible='true' lat='48.09303755692' lon='-97.12356216302' />
  <node id='-2045883' action='modify' visible='true' lat='48.09267380124' lon='-97.12410297417' />
  <node id='-2045884' action='modify' visible='true' lat='48.09252462496' lon='-97.12412623221' />
  <node id='-2045885' action='modify' visible='true' lat='48.09237473668' lon='-97.12371346369' />
  <node id='-2045886' action='modify' visible='true' lat='48.09227534217' lon='-97.12367563521' />
  <node id='-2045887' action='modify' visible='true' lat='48.09223515971' lon='-97.12332964832' />
  <node id='-2045888' action='modify' visible='true' lat='48.09212086802' lon='-97.12334107081' />
  <node id='-2045889' action='modify' visible='true' lat='48.09340266901' lon='-97.12405643924' />
  <node id='-2045890' action='modify' visible='true' lat='48.09340019983' lon='-97.12408570627' />
  <node id='-2045891' action='modify' visible='true' lat='48.09337354134' lon='-97.12412732866' />
  <node id='-2045892' action='modify' visible='true' lat='48.09334100392' lon='-97.12414681451' />
  <node id='-2045893' action='modify' visible='true' lat='48.09332766739' lon='-97.12415020943' />
  <node id='-2045894' action='modify' visible='true' lat='48.09330406024' lon='-97.12413235054' />
  <node id='-2045895' action='modify' visible='true' lat='48.09329797404' lon='-97.12411426225' />
  <node id='-2045896' action='modify' visible='true' lat='48.09323335074' lon='-97.12374242702' />
  <node id='-2045897' action='modify' visible='true' lat='48.09322167641' lon='-97.12369735733' />
  <node id='-2045898' action='modify' visible='true' lat='48.09317956594' lon='-97.12362491247' />
  <node id='-2045899' action='modify' visible='true' lat='48.09315136291' lon='-97.12360137906' />
  <node id='-2045900' action='modify' visible='true' lat='48.09310078027' lon='-97.12356997824' />
  <node id='-2045901' action='modify' visible='true' lat='48.09306957733' lon='-97.12355865891' />
  <node id='-2045902' action='modify' visible='true' lat='48.09300778495' lon='-97.12358015506' />
  <node id='-2045903' action='modify' visible='true' lat='48.09298311205' lon='-97.12361091231' />
  <node id='-2045904' action='modify' visible='true' lat='48.09272858793' lon='-97.1240444009' />
  <node id='-2045905' action='modify' visible='true' lat='48.09270344961' lon='-97.12407841542' />
  <node id='-2045906' action='modify' visible='true' lat='48.09264119817' lon='-97.1241167888' />
  <node id='-2045907' action='modify' visible='true' lat='48.09256261084' lon='-97.1241359008' />
  <node id='-2045908' action='modify' visible='true' lat='48.09254308119' lon='-97.12413579307' />
  <node id='-2045909' action='modify' visible='true' lat='48.09250922705' lon='-97.12410824645' />
  <node id='-2045910' action='modify' visible='true' lat='48.09249854344' lon='-97.12408377006' />
  <node id='-2045911' action='modify' visible='true' lat='48.09240553962' lon='-97.12376697173' />
  <node id='-2045912' action='modify' visible='true' lat='48.09239281363' lon='-97.12373676539' />
  <node id='-2045913' action='modify' visible='true' lat='48.09235289409' lon='-97.12369911016' />
  <node id='-2045914' action='modify' visible='true' lat='48.09232920142' lon='-97.1236949636' />
  <node id='-2045915' action='modify' visible='true' lat='48.09230204437' lon='-97.12369627516' />
  <node id='-2045916' action='modify' visible='true' lat='48.09228690069' lon='-97.12369115338' />
  <node id='-2045917' action='modify' visible='true' lat='48.09227029753' lon='-97.12365365267' />
  <node id='-2045918' action='modify' visible='true' lat='48.09225667343' lon='-97.12338759943' />
  <node id='-2045919' action='modify' visible='true' lat='48.09225015076' lon='-97.12335510051' />
  <node id='-2045920' action='modify' visible='true' lat='48.09221443932' lon='-97.12331589325' />
  <node id='-2045921' action='modify' visible='true' lat='48.09219177543' lon='-97.12331634851' />
  <node id='-2045922' action='modify' visible='true' lat='48.08814110572' lon='-97.13783159986' />
  <node id='-2045923' action='modify' visible='true' lat='48.08817604347' lon='-97.12704576686' />
  <node id='-2045924' action='modify' visible='true' lat='48.0849052023' lon='-97.12714354371' />
  <node id='-2045925' action='modify' visible='true' lat='48.08485220622' lon='-97.1378655104' />
  <node id='-2045926' action='modify' visible='true' lat='48.08507050644' lon='-97.12702581487' />
  <node id='-2045927' action='modify' visible='true' lat='48.0850235403' lon='-97.12703340014' />
  <node id='-2045928' action='modify' visible='true' lat='48.08497887921' lon='-97.12705643974' />
  <node id='-2045929' action='modify' visible='true' lat='48.08493876266' lon='-97.12709377837' />
  <node id='-2045930' action='modify' visible='true' lat='48.08487988098' lon='-97.12720324032' />
  <node id='-2045931' action='modify' visible='true' lat='48.08486406843' lon='-97.12726987477' />
  <node id='-2045932' action='modify' visible='true' lat='48.08485855758' lon='-97.12734010572' />
  <node id='-2045933' action='modify' visible='true' lat='48.08483490255' lon='-97.13388506457' />
  <node id='-2045934' action='modify' visible='true' lat='48.08474029971' lon='-97.12711357808' />
  <node id='-2045935' action='modify' visible='true' lat='48.07981160389' lon='-97.12718971522' />
  <node id='-2045936' action='modify' visible='true' lat='48.07969905111' lon='-97.12833656776' />
  <node id='-2045937' action='modify' visible='true' lat='48.07780288131' lon='-97.12845338362' />
  <node id='-2045938' action='modify' visible='true' lat='48.07773498635' lon='-97.13389914751' />
  <node id='-2045939' action='modify' visible='true' lat='48.07795439875' lon='-97.12835981131' />
  <node id='-2045940' action='modify' visible='true' lat='48.0779126135' lon='-97.12836588579' />
  <node id='-2045941' action='modify' visible='true' lat='48.07787242273' lon='-97.12838404406' />
  <node id='-2045942' action='modify' visible='true' lat='48.07783537076' lon='-97.12841358842' />
  <node id='-2045943' action='modify' visible='true' lat='48.07777620279' lon='-97.12850190055' />
  <node id='-2045944' action='modify' visible='true' lat='48.07775636031' lon='-97.12855727497' />
  <node id='-2045945' action='modify' visible='true' lat='48.07774411632' lon='-97.12861737914' />
  <node id='-2045946' action='modify' visible='true' lat='48.07773994131' lon='-97.12867990356' />
  <node id='-2045947' action='modify' visible='true' lat='48.07973858474' lon='-97.12822295311' />
  <node id='-2045948' action='modify' visible='true' lat='48.07973365077' lon='-97.12826645084' />
  <node id='-2045949' action='modify' visible='true' lat='48.07972003468' lon='-97.12830558178' />
  <node id='-2045950' action='modify' visible='true' lat='48.07967272608' lon='-97.12835641701' />
  <node id='-2045951' action='modify' visible='true' lat='48.0796436013' lon='-97.12836321306' />
  <node id='-2045952' action='modify' visible='true' lat='48.08002537694' lon='-97.1270405893' />
  <node id='-2045953' action='modify' visible='true' lat='48.07997696971' lon='-97.12704718231' />
  <node id='-2045954' action='modify' visible='true' lat='48.07993003932' lon='-97.12706612762' />
  <node id='-2045955' action='modify' visible='true' lat='48.07988598188' lon='-97.12709686165' />
  <node id='-2045956' action='modify' visible='true' lat='48.07984610801' lon='-97.1271384701' />
  <node id='-2045957' action='modify' visible='true' lat='48.07978349596' lon='-97.12724907255' />
  <node id='-2045958' action='modify' visible='true' lat='48.0797626204' lon='-97.12731477635' />
  <node id='-2045959' action='modify' visible='true' lat='48.07974959821' lon='-97.12738487205' />
  <node id='-2045960' action='modify' visible='true' lat='48.07974481678' lon='-97.12745727444' />
  <node id='-2045961' action='modify' visible='true' lat='48.08484568456' lon='-97.12745266691' />
  <node id='-2045962' action='modify' visible='true' lat='48.08484132163' lon='-97.12737579459' />
  <node id='-2045963' action='modify' visible='true' lat='48.08482806713' lon='-97.12730124035' />
  <node id='-2045964' action='modify' visible='true' lat='48.08480632757' lon='-97.12723129056' />
  <node id='-2045965' action='modify' visible='true' lat='48.08477676961' lon='-97.12716809041' />
  <node id='-2045966' action='modify' visible='true' lat='48.0846980363' lon='-97.12706942533' />
  <node id='-2045967' action='modify' visible='true' lat='48.08465127546' lon='-97.12703698619' />
  <node id='-2045968' action='modify' visible='true' lat='48.08460145125' lon='-97.12701725551' />
  <node id='-2045969' action='modify' visible='true' lat='48.08455009161' lon='-97.12701083836' />
  <node id='-2045970' action='modify' visible='true' lat='48.07732592453' lon='-97.139241255' />
  <node id='-2045971' action='modify' visible='true' lat='48.07736855685' lon='-97.12711104727' />
  <node id='-2045972' action='modify' visible='true' lat='48.0705085884' lon='-97.12721704021' />
  <node id='-2045973' action='modify' visible='true' lat='48.07048438194' lon='-97.12816195051' />
  <node id='-2045974' action='modify' visible='true' lat='48.07333701492' lon='-97.12827086717' />
  <node id='-2045975' action='modify' visible='true' lat='48.07349643054' lon='-97.13632819237' />
  <node id='-2045976' action='modify' visible='true' lat='48.07541349397' lon='-97.13798449155' />
  <node id='-2045977' action='modify' visible='true' lat='48.07602534184' lon='-97.13829844086' />
  <node id='-2045978' action='modify' visible='true' lat='48.07708403882' lon='-97.13923563739' />
  <node id='-2045979' action='modify' visible='true' lat='48.07712986606' lon='-97.13926781974' />
  <node id='-2045980' action='modify' visible='true' lat='48.077179187' lon='-97.13928487913' />
  <node id='-2045981' action='modify' visible='true' lat='48.07722980167' lon='-97.13928605461' />
  <node id='-2045982' action='modify' visible='true' lat='48.07727945241' lon='-97.13927129377' />
  <node id='-2045983' action='modify' visible='true' lat='48.07736714516' lon='-97.13919727818' />
  <node id='-2045984' action='modify' visible='true' lat='48.07740127567' lon='-97.13914132491' />
  <node id='-2045985' action='modify' visible='true' lat='48.07742679367' lon='-97.13907589099' />
  <node id='-2045986' action='modify' visible='true' lat='48.07744256096' lon='-97.13900389509' />
  <node id='-2045987' action='modify' visible='true' lat='48.07744787423' lon='-97.13892854861' />
  <node id='-2045988' action='modify' visible='true' lat='48.07582993942' lon='-97.13818805078' />
  <node id='-2045989' action='modify' visible='true' lat='48.07592876939' lon='-97.1382387705' />
  <node id='-2045990' action='modify' visible='true' lat='48.0761192953' lon='-97.13836683852' />
  <node id='-2045991' action='modify' visible='true' lat='48.07621027808' lon='-97.13844370743' />
  <node id='-2045992' action='modify' visible='true' lat='48.07506272575' lon='-97.13773509248' />
  <node id='-2045993' action='modify' visible='true' lat='48.07523511429' lon='-97.13786923034' />
  <node id='-2045994' action='modify' visible='true' lat='48.07559694342' lon='-97.13808028079' />
  <node id='-2045995' action='modify' visible='true' lat='48.07341193411' lon='-97.13593610822' />
  <node id='-2045996' action='modify' visible='true' lat='48.07341813399' lon='-97.13604012586' />
  <node id='-2045997' action='modify' visible='true' lat='48.07343456131' lon='-97.13614162133' />
  <node id='-2045998' action='modify' visible='true' lat='48.07346085355' lon='-97.13623835501' />
  <node id='-2045999' action='modify' visible='true' lat='48.07354050721' lon='-97.13640915102' />
  <node id='-2046000' action='modify' visible='true' lat='48.07359211093' lon='-97.13647944452' />
  <node id='-2046001' action='modify' visible='true' lat='48.07365010299' lon='-97.13653752177' />
  <node id='-2046002' action='modify' visible='true' lat='48.07042137319' lon='-97.12792513281' />
  <node id='-2046003' action='modify' visible='true' lat='48.07042492976' lon='-97.12799023411' />
  <node id='-2046004' action='modify' visible='true' lat='48.07043698391' lon='-97.12805301224' />
  <node id='-2046005' action='modify' visible='true' lat='48.07045706346' lon='-97.12811100825' />
  <node id='-2046006' action='modify' visible='true' lat='48.07051786928' lon='-97.12820384368' />
  <node id='-2046007' action='modify' visible='true' lat='48.07055621384' lon='-97.12823504686' />
  <node id='-2046008' action='modify' visible='true' lat='48.07059791368' lon='-97.12825433785' />
  <node id='-2046009' action='modify' visible='true' lat='48.07064133547' lon='-97.12826096106' />
  <node id='-2046010' action='modify' visible='true' lat='48.07077067589' lon='-97.12703523603' />
  <node id='-2046011' action='modify' visible='true' lat='48.07071139032' lon='-97.12704321334' />
  <node id='-2046012' action='modify' visible='true' lat='48.07065389469' lon='-97.12706627412' />
  <node id='-2046013' action='modify' visible='true' lat='48.07059988943' lon='-97.12710373634' />
  <node id='-2046014' action='modify' visible='true' lat='48.07055097175' lon='-97.12715449207' />
  <node id='-2046015' action='modify' visible='true' lat='48.0704739929' lon='-97.12728953091' />
  <node id='-2046016' action='modify' visible='true' lat='48.0704482084' lon='-97.12736982025' />
  <node id='-2046017' action='modify' visible='true' lat='48.0704319975' lon='-97.1274555337' />
  <node id='-2046018' action='modify' visible='true' lat='48.07042583965' lon='-97.12754413628' />
  <node id='-2046019' action='modify' visible='true' lat='48.0774429329' lon='-97.1273787568' />
  <node id='-2046020' action='modify' visible='true' lat='48.07743802861' lon='-97.12730485303' />
  <node id='-2046021' action='modify' visible='true' lat='48.07742356813' lon='-97.12723380928' />
  <node id='-2046022' action='modify' visible='true' lat='48.07740010926' lon='-97.12716836591' />
  <node id='-2046023' action='modify' visible='true' lat='48.07733012795' lon='-97.1270640643' />
  <node id='-2046024' action='modify' visible='true' lat='48.07728630487' lon='-97.12702922927' />
  <node id='-2046025' action='modify' visible='true' lat='48.07723877797' lon='-97.12700788585' />
  <node id='-2046026' action='modify' visible='true' lat='48.0771893805' lon='-97.12700085735' />
  <node id='-2046027' action='modify' visible='true' lat='48.10291049019' lon='-97.11048782408'>
    <tag k='natural' v='tree' />
  </node>
  <node id='-2046030' action='modify' visible='true' lat='48.07775821854' lon='-97.12833654646' />
  <node id='-2046031' action='modify' visible='true' lat='48.07971228281' lon='-97.12712838981' />
  <node id='-2046032' action='modify' visible='true' lat='48.07891251979' lon='-97.12706248042' />
  <node id='-2046033' action='modify' visible='true' lat='48.07841725142' lon='-97.1269913547' />
  <node id='-2046034' action='modify' visible='true' lat='48.07771561803' lon='-97.12704031262' />
  <node id='-2046035' action='modify' visible='true' lat='48.07769013539' lon='-97.12783596037' />
  <node id='-2046036' action='modify' visible='true' lat='48.07974745278' lon='-97.12726142682' />
  <node id='-2046037' action='modify' visible='true' lat='48.07974380162' lon='-97.12721290947' />
  <node id='-2046038' action='modify' visible='true' lat='48.07973179979' lon='-97.12716751027' />
  <node id='-2046039' action='modify' visible='true' lat='48.0796866094' lon='-97.12709827153' />
  <node id='-2046040' action='modify' visible='true' lat='48.07965656685' lon='-97.12707925218' />
  <node id='-2046041' action='modify' visible='true' lat='48.07962424663' lon='-97.12707265584' />
  <node id='-2046042' action='modify' visible='true' lat='48.07906215635' lon='-97.1270699573' />
  <node id='-2046043' action='modify' visible='true' lat='48.07876345616' lon='-97.1270415139' />
  <node id='-2046044' action='modify' visible='true' lat='48.07861078001' lon='-97.12701306365' />
  <node id='-2046045' action='modify' visible='true' lat='48.07851419372' lon='-97.12699865605' />
  <node id='-2046046' action='modify' visible='true' lat='48.07832018636' lon='-97.12699117717' />
  <node id='-2046047' action='modify' visible='true' lat='48.07776179549' lon='-97.12701065892' />
  <node id='-2046048' action='modify' visible='true' lat='48.07773679141' lon='-97.12701880403' />
  <node id='-2046049' action='modify' visible='true' lat='48.07770132747' lon='-97.12707208426' />
  <node id='-2046050' action='modify' visible='true' lat='48.0776959797' lon='-97.1271095391' />
  <node id='-2046051' action='modify' visible='true' lat='48.07768806336' lon='-97.12771579489' />
  <node id='-2046052' action='modify' visible='true' lat='48.07769946988' lon='-97.12795535118' />
  <node id='-2046053' action='modify' visible='true' lat='48.07773410949' lon='-97.12827291351' />
  <node id='-2046054' action='modify' visible='true' lat='48.07774236142' lon='-97.12830795749' />
  <node id='-2046055' action='modify' visible='true' lat='48.0777797141' lon='-97.12835513451' />
  <node id='-2046056' action='modify' visible='true' lat='48.07780418199' lon='-97.12836141619' />
  <node id='-2046057' action='modify' visible='true' lat='48.07915057722' lon='-97.12707038179' />
  <node id='-2046058' action='modify' visible='true' lat='48.07910276523' lon='-97.12789772326' />
  <node id='-2046059' action='modify' visible='true' lat='48.07892572075' lon='-97.1280499493' />
  <node id='-2046060' action='modify' visible='true' lat='48.07876405182' lon='-97.12792327585' />
  <node id='-2046061' action='modify' visible='true' lat='48.07838228064' lon='-97.12796074886' />
  <node id='-2046062' action='modify' visible='true' lat='48.07835491367' lon='-97.12836061786' />
  <node id='-2046063' action='modify' visible='true' lat='48.07911832811' lon='-97.12782458159' />
  <node id='-2046064' action='modify' visible='true' lat='48.07911354746' lon='-97.12786258288' />
  <node id='-2046065' action='modify' visible='true' lat='48.0790866223' lon='-97.12792791404' />
  <node id='-2046066' action='modify' visible='true' lat='48.07906607819' lon='-97.12795136071' />
  <node id='-2046067' action='modify' visible='true' lat='48.07897291334' lon='-97.1280329237' />
  <node id='-2046068' action='modify' visible='true' lat='48.07895015548' lon='-97.12804664302' />
  <node id='-2046069' action='modify' visible='true' lat='48.07890168802' lon='-97.12804256126' />
  <node id='-2046070' action='modify' visible='true' lat='48.07888010198' lon='-97.12802510745' />
  <node id='-2046071' action='modify' visible='true' lat='48.07884450912' lon='-97.1279853049' />
  <node id='-2046072' action='modify' visible='true' lat='48.0788060045' lon='-97.12794928062' />
  <node id='-2046073' action='modify' visible='true' lat='48.07871980476' lon='-97.12790800571' />
  <node id='-2046074' action='modify' visible='true' lat='48.07867448005' lon='-97.1279038901' />
  <node id='-2046075' action='modify' visible='true' lat='48.07844660479' lon='-97.1279115375' />
  <node id='-2046076' action='modify' visible='true' lat='48.07842215362' lon='-97.12791791211' />
  <node id='-2046077' action='modify' visible='true' lat='48.0784000539' lon='-97.12793481956' />
  <node id='-2046078' action='modify' visible='true' lat='48.0783704222' lon='-97.12799338277' />
  <node id='-2046079' action='modify' visible='true' lat='48.07836553835' lon='-97.12802980487' />
  <node id='-2046080' action='modify' visible='true' lat='48.07804308385' lon='-97.12700084505' />
  <node id='-2046081' action='modify' visible='true' lat='48.07781732162' lon='-97.12729568954' />
  <node id='-2046082' action='modify' visible='true' lat='48.07782568161' lon='-97.12742731578' />
  <node id='-2046083' action='modify' visible='true' lat='48.07802950063' lon='-97.12748861141' />
  <node id='-2046084' action='modify' visible='true' lat='48.07840638743' lon='-97.12723966678' />
  <node id='-2046085' action='modify' visible='true' lat='48.07841560949' lon='-97.12715294049' />
  <node id='-2046086' action='modify' visible='true' lat='48.07838001019' lon='-97.12699128659' />
  <node id='-2046087' action='modify' visible='true' lat='48.07837402266' lon='-97.12728293648' />
  <node id='-2046088' action='modify' visible='true' lat='48.07839270304' lon='-97.12726548744' />
  <node id='-2046089' action='modify' visible='true' lat='48.07841348846' lon='-97.12720846966' />
  <node id='-2046090' action='modify' visible='true' lat='48.07841472586' lon='-97.12719678731' />
  <node id='-2046091' action='modify' visible='true' lat='48.07840909947' lon='-97.12711016959' />
  <node id='-2046092' action='modify' visible='true' lat='48.07797367288' lon='-97.12748867369' />
  <node id='-2046093' action='modify' visible='true' lat='48.07800158878' lon='-97.1274926875' />
  <node id='-2046094' action='modify' visible='true' lat='48.07805637165' lon='-97.12747659682' />
  <node id='-2046095' action='modify' visible='true' lat='48.07781372414' lon='-97.12737745633' />
  <node id='-2046096' action='modify' visible='true' lat='48.07781680406' lon='-97.12740394347' />
  <node id='-2046097' action='modify' visible='true' lat='48.07783931282' lon='-97.12744482475' />
  <node id='-2046098' action='modify' visible='true' lat='48.07785609469' lon='-97.12745441136' />
  <node id='-2046099' action='modify' visible='true' lat='48.07784420076' lon='-97.12723691101' />
  <node id='-2046100' action='modify' visible='true' lat='48.0778277925' lon='-97.12726325902' />
  <node id='-2046101' action='modify' visible='true' lat='48.07781372414' lon='-97.1273313036' />
  <node id='-2046102' action='modify' visible='true' lat='48.07782937904' lon='-97.13817231787' />
  <node id='-2046103' action='modify' visible='true' lat='48.07865814977' lon='-97.13833676975' />
  <node id='-2046104' action='modify' visible='true' lat='48.07877070837' lon='-97.13896712807' />
  <node id='-2046105' action='modify' visible='true' lat='48.08052323539' lon='-97.13928685188' />
  <node id='-2046106' action='modify' visible='true' lat='48.08065333642' lon='-97.14119415002' />
  <node id='-2046107' action='modify' visible='true' lat='48.08121866105' lon='-97.14134501946' />
  <node id='-2046108' action='modify' visible='true' lat='48.08161590652' lon='-97.14144081724' />
  <node id='-2046109' action='modify' visible='true' lat='48.08485729998' lon='-97.14138955012' />
  <node id='-2046110' action='modify' visible='true' lat='48.08483322196' lon='-97.13391993212' />
  <node id='-2046112' action='modify' visible='true' lat='48.07773498635' lon='-97.13393669844' />
  <node id='-2046114' action='modify' visible='true' lat='48.09191330602' lon='-97.12656825137' />
  <node id='-2046115' action='modify' visible='true' lat='48.09180861595' lon='-97.12348728598' />
  <node id='-2046116' action='modify' visible='true' lat='48.09105489638' lon='-97.12333758022' />
  <node id='-2046117' action='modify' visible='true' lat='48.09106879686' lon='-97.12211957929' />
  <node id='-2046118' action='modify' visible='true' lat='48.0918414443' lon='-97.12192611578' />
  <node id='-2046119' action='modify' visible='true' lat='48.09173598623' lon='-97.11333632737' />
  <node id='-2046121' action='modify' visible='true' lat='48.09006532703' lon='-97.11342212671' />
  <node id='-2046122' action='modify' visible='true' lat='48.0900627441' lon='-97.11230726027' />
  <node id='-2046123' action='modify' visible='true' lat='48.09013978164' lon='-97.11209256422' />
  <node id='-2046125' action='modify' visible='true' lat='48.08464930681' lon='-97.11107064075' />
  <node id='-2046126' action='modify' visible='true' lat='48.08493263267' lon='-97.12659060434' />
  <node id='-2046131' action='modify' visible='true' lat='48.0902514729' lon='-97.1109783872' />
  <node id='-2046132' action='modify' visible='true' lat='48.09009315832' lon='-97.11223195463' />
  <node id='-2046133' action='modify' visible='true' lat='48.09012013855' lon='-97.11216500963' />
  <node id='-2046134' action='modify' visible='true' lat='48.09015160267' lon='-97.11201640681' />
  <node id='-2046135' action='modify' visible='true' lat='48.09004489479' lon='-97.1124354097' />
  <node id='-2046136' action='modify' visible='true' lat='48.09004935273' lon='-97.11236994057' />
  <node id='-2046137' action='modify' visible='true' lat='48.09008449177' lon='-97.11225007017' />
  <node id='-2046138' action='modify' visible='true' lat='48.09011029771' lon='-97.11344730868' />
  <node id='-2046139' action='modify' visible='true' lat='48.09008609223' lon='-97.11344160265' />
  <node id='-2046140' action='modify' visible='true' lat='48.09005133717' lon='-97.11339200885' />
  <node id='-2046141' action='modify' visible='true' lat='48.09004636956' lon='-97.11335608626' />
  <node id='-2046142' action='modify' visible='true' lat='48.09179451642' lon='-97.12195801969' />
  <node id='-2046143' action='modify' visible='true' lat='48.09182007804' lon='-97.12194898366' />
  <node id='-2046144' action='modify' visible='true' lat='48.09185542629' lon='-97.12189282909' />
  <node id='-2046145' action='modify' visible='true' lat='48.09185993717' lon='-97.12185409168' />
  <node id='-2046146' action='modify' visible='true' lat='48.09188728044' lon='-97.12371759057' />
  <node id='-2046147' action='modify' visible='true' lat='48.09188129319' lon='-97.1236514262' />
  <node id='-2046148' action='modify' visible='true' lat='48.09186558169' lon='-97.12358893804' />
  <node id='-2046149' action='modify' visible='true' lat='48.09184094054' lon='-97.12353328643' />
  <node id='-2046150' action='modify' visible='true' lat='48.09177024274' lon='-97.12345326316' />
  <node id='-2046151' action='modify' visible='true' lat='48.09172776162' lon='-97.12343293868' />
  <node id='-2046152' action='modify' visible='true' lat='48.09168332108' lon='-97.12342734046' />
  <node id='-2046153' action='modify' visible='true' lat='48.09187564724' lon='-97.12659223537' />
  <node id='-2046154' action='modify' visible='true' lat='48.09189608721' lon='-97.1265859117' />
  <node id='-2046155' action='modify' visible='true' lat='48.0919246272' lon='-97.12654199946' />
  <node id='-2046156' action='modify' visible='true' lat='48.09192829102' lon='-97.12651123651' />
  <node id='-2046157' action='modify' visible='true' lat='48.08489201999' lon='-97.12645195667' />
  <node id='-2046158' action='modify' visible='true' lat='48.08489733574' lon='-97.12650294552' />
  <node id='-2046159' action='modify' visible='true' lat='48.08491117977' lon='-97.12655020767' />
  <node id='-2046160' action='modify' visible='true' lat='48.08496026969' lon='-97.12662145268' />
  <node id='-2046161' action='modify' visible='true' lat='48.08499225538' lon='-97.12664070399' />
  <node id='-2046162' action='modify' visible='true' lat='48.08502646551' lon='-97.12664707975' />
  <node id='-2046163' action='modify' visible='true' lat='48.08469773712' lon='-97.11103959642' />
  <node id='-2046164' action='modify' visible='true' lat='48.08467143475' lon='-97.11104782217' />
  <node id='-2046165' action='modify' visible='true' lat='48.08463479991' lon='-97.11110449799' />
  <node id='-2046166' action='modify' visible='true' lat='48.0846301736' lon='-97.11114412036' />
  <node id='-2046167' action='modify' visible='true' lat='48.08149160698' lon='-97.14141600971' />
  <node id='-2046168' action='modify' visible='true' lat='48.08174122521' lon='-97.14144754447' />
  <node id='-2046169' action='modify' visible='true' lat='48.08099968258' lon='-97.14131490964' />
  <node id='-2046170' action='modify' visible='true' lat='48.0811093965' lon='-97.14132630523' />
  <node id='-2046171' action='modify' visible='true' lat='48.08132725842' lon='-97.14137101503' />
  <node id='-2046172' action='modify' visible='true' lat='48.08055652566' lon='-97.14086809711' />
  <node id='-2046173' action='modify' visible='true' lat='48.08056035126' lon='-97.14094134265' />
  <node id='-2046174' action='modify' visible='true' lat='48.08057240512' lon='-97.14101256182' />
  <node id='-2046175' action='modify' visible='true' lat='48.08059233933' lon='-97.141079699' />
  <node id='-2046176' action='modify' visible='true' lat='48.0806195785' lon='-97.14114081642' />
  <node id='-2046177' action='modify' visible='true' lat='48.08069263872' lon='-97.14123816042' />
  <node id='-2046178' action='modify' visible='true' lat='48.080736351' lon='-97.14127157736' />
  <node id='-2046179' action='modify' visible='true' lat='48.08078321157' lon='-97.1412934363' />
  <node id='-2046180' action='modify' visible='true' lat='48.08083186788' lon='-97.14130310633' />
  <node id='-2046181' action='modify' visible='true' lat='48.08037585214' lon='-97.13916896525' />
  <node id='-2046182' action='modify' visible='true' lat='48.08041830803' lon='-97.13917952438' />
  <node id='-2046183' action='modify' visible='true' lat='48.08045824278' lon='-97.13920354248' />
  <node id='-2046184' action='modify' visible='true' lat='48.08049377622' lon='-97.13923988873' />
  <node id='-2046185' action='modify' visible='true' lat='48.08054523331' lon='-97.13934222085' />
  <node id='-2046186' action='modify' visible='true' lat='48.08055873429' lon='-97.13940338877' />
  <node id='-2046187' action='modify' visible='true' lat='48.0805631027' lon='-97.13946747577' />
  <node id='-2046188' action='modify' visible='true' lat='48.07869482275' lon='-97.13871653769' />
  <node id='-2046189' action='modify' visible='true' lat='48.07869949196' lon='-97.13878705998' />
  <node id='-2046190' action='modify' visible='true' lat='48.07871423448' lon='-97.1388544048' />
  <node id='-2046191' action='modify' visible='true' lat='48.07873835336' lon='-97.13891538849' />
  <node id='-2046192' action='modify' visible='true' lat='48.07880976996' lon='-97.1390071776' />
  <node id='-2046193' action='modify' visible='true' lat='48.07885369149' lon='-97.13903364377' />
  <node id='-2046194' action='modify' visible='true' lat='48.07890039661' lon='-97.13904527541' />
  <node id='-2046195' action='modify' visible='true' lat='48.07851870717' lon='-97.13823603579' />
  <node id='-2046196' action='modify' visible='true' lat='48.07855844087' lon='-97.13824262131' />
  <node id='-2046197' action='modify' visible='true' lat='48.07859617483' lon='-97.1382623803' />
  <node id='-2046198' action='modify' visible='true' lat='48.07862998562' lon='-97.13829430556' />
  <node id='-2046199' action='modify' visible='true' lat='48.07867923168' lon='-97.13838760831' />
  <node id='-2046200' action='modify' visible='true' lat='48.07869215673' lon='-97.13844422981' />
  <node id='-2046201' action='modify' visible='true' lat='48.07869626607' lon='-97.13850374803' />
  <node id='-2046202' action='modify' visible='true' lat='48.07775152852' lon='-97.13793356501' />
  <node id='-2046203' action='modify' visible='true' lat='48.07775692717' lon='-97.13800163421' />
  <node id='-2046204' action='modify' visible='true' lat='48.07777228974' lon='-97.13806620975' />
  <node id='-2046205' action='modify' visible='true' lat='48.07779684912' lon='-97.13812406727' />
  <node id='-2046206' action='modify' visible='true' lat='48.07786825521' lon='-97.13820855234' />
  <node id='-2046207' action='modify' visible='true' lat='48.07791153649' lon='-97.13823096143' />
  <node id='-2046208' action='modify' visible='true' lat='48.07795706176' lon='-97.13823842624' />
  <node id='-2046210' action='modify' visible='true' lat='48.08620831229' lon='-97.11088613661' />
  <node id='-2046211' action='modify' visible='true' lat='48.0862857099' lon='-97.11005542755' />
  <node id='-2046212' action='modify' visible='true' lat='48.08662624626' lon='-97.10989197835' />
  <node id='-2046213' action='modify' visible='true' lat='48.08662980078' lon='-97.1094238331' />
  <node id='-2046214' action='modify' visible='true' lat='48.08627208294' lon='-97.10929554857' />
  <node id='-2046215' action='modify' visible='true' lat='48.08578486591' lon='-97.10883529246' />
  <node id='-2046216' action='modify' visible='true' lat='48.08489016141' lon='-97.10869623178' />
  <node id='-2046218' action='modify' visible='true' lat='48.08478461634' lon='-97.10589703459' />
  <node id='-2046219' action='modify' visible='true' lat='48.08531106993' lon='-97.10572549428' />
  <node id='-2046222' action='modify' visible='true' lat='48.08927467303' lon='-97.10583277109' />
  <node id='-2046223' action='modify' visible='true' lat='48.08946726474' lon='-97.10761742344' />
  <node id='-2046224' action='modify' visible='true' lat='48.08919331529' lon='-97.10773778661' />
  <node id='-2046225' action='modify' visible='true' lat='48.08531335372' lon='-97.10737287116' />
  <node id='-2046226' action='modify' visible='true' lat='48.08530498983' lon='-97.10750967558' />
  <node id='-2046227' action='modify' visible='true' lat='48.08922842328' lon='-97.10786702176' />
  <node id='-2046228' action='modify' visible='true' lat='48.08950731486' lon='-97.10803894776' />
  <node id='-2046229' action='modify' visible='true' lat='48.0897991604' lon='-97.1093698886' />
  <node id='-2046230' action='modify' visible='true' lat='48.09030131744' lon='-97.11069515207' />
  <node id='-2046231' action='modify' visible='true' lat='48.08529243801' lon='-97.10745179824' />
  <node id='-2046232' action='modify' visible='true' lat='48.08529478867' lon='-97.10748264448' />
  <node id='-2046233' action='modify' visible='true' lat='48.08532142579' lon='-97.10752861027' />
  <node id='-2046234' action='modify' visible='true' lat='48.08534149339' lon='-97.10753644962' />
  <node id='-2046235' action='modify' visible='true' lat='48.08535417542' lon='-97.10735260668' />
  <node id='-2046236' action='modify' visible='true' lat='48.08533243492' lon='-97.1073567367' />
  <node id='-2046237' action='modify' visible='true' lat='48.08529976783' lon='-97.10739861204' />
  <node id='-2046238' action='modify' visible='true' lat='48.08529369649' lon='-97.10743013351' />
  <node id='-2046239' action='modify' visible='true' lat='48.0893502497' lon='-97.10771572531' />
  <node id='-2046240' action='modify' visible='true' lat='48.08927207997' lon='-97.1077314977' />
  <node id='-2046241' action='modify' visible='true' lat='48.08911446815' lon='-97.10773455112' />
  <node id='-2046242' action='modify' visible='true' lat='48.08909369494' lon='-97.10784538902' />
  <node id='-2046243' action='modify' visible='true' lat='48.08936092888' lon='-97.10790943682' />
  <node id='-2046244' action='modify' visible='true' lat='48.08949393947' lon='-97.10744681491' />
  <node id='-2046245' action='modify' visible='true' lat='48.08949510866' lon='-97.10750652657' />
  <node id='-2046246' action='modify' visible='true' lat='48.08948601451' lon='-97.10756469175' />
  <node id='-2046247' action='modify' visible='true' lat='48.08944011233' lon='-97.10766119777' />
  <node id='-2046248' action='modify' visible='true' lat='48.08940637179' lon='-97.10769308942' />
  <node id='-2046249' action='modify' visible='true' lat='48.08936829788' lon='-97.10771096717' />
  <node id='-2046250' action='modify' visible='true' lat='48.08938214637' lon='-97.10791797343' />
  <node id='-2046251' action='modify' visible='true' lat='48.08942918755' lon='-97.10794497444' />
  <node id='-2046252' action='modify' visible='true' lat='48.08947151362' lon='-97.10798588225' />
  <node id='-2046253' action='modify' visible='true' lat='48.08953506056' lon='-97.10810190209' />
  <node id='-2046254' action='modify' visible='true' lat='48.08955356442' lon='-97.1081720535' />
  <node id='-2046255' action='modify' visible='true' lat='48.08908814946' lon='-97.10571385229' />
  <node id='-2046256' action='modify' visible='true' lat='48.08913988902' lon='-97.10572161034' />
  <node id='-2046257' action='modify' visible='true' lat='48.08918953909' lon='-97.10574473998' />
  <node id='-2046258' action='modify' visible='true' lat='48.08923508356' lon='-97.10578230198' />
  <node id='-2046259' action='modify' visible='true' lat='48.08930669992' lon='-97.10589409791' />
  <node id='-2046260' action='modify' visible='true' lat='48.08932986373' lon='-97.10596379216' />
  <node id='-2046261' action='modify' visible='true' lat='48.08934322388' lon='-97.10603902381' />
  <node id='-2046262' action='modify' visible='true' lat='48.0850315593' lon='-97.1057692078' />
  <node id='-2046263' action='modify' visible='true' lat='48.08517093876' lon='-97.10574196299' />
  <node id='-2046264' action='modify' visible='true' lat='48.08545158124' lon='-97.10571984535' />
  <node id='-2046265' action='modify' visible='true' lat='48.08474108559' lon='-97.10608229607' />
  <node id='-2046266' action='modify' visible='true' lat='48.08474548671' lon='-97.10601589162' />
  <node id='-2046267' action='modify' visible='true' lat='48.08476027802' lon='-97.10595294162' />
  <node id='-2046268' action='modify' visible='true' lat='48.08481711422' lon='-97.10585135754' />
  <node id='-2046269' action='modify' visible='true' lat='48.08485591908' lon='-97.10581851433' />
  <node id='-2046270' action='modify' visible='true' lat='48.08489881883' lon='-97.10580037721' />
  <node id='-2046271' action='modify' visible='true' lat='48.08516304396' lon='-97.10884882162' />
  <node id='-2046272' action='modify' visible='true' lat='48.08510333068' lon='-97.10884529002' />
  <node id='-2046273' action='modify' visible='true' lat='48.08504474413' lon='-97.10882764983' />
  <node id='-2046274' action='modify' visible='true' lat='48.08498876237' lon='-97.10879634609' />
  <node id='-2046275' action='modify' visible='true' lat='48.0849367978' lon='-97.10875216856' />
  <node id='-2046276' action='modify' visible='true' lat='48.08485002982' lon='-97.10862994698' />
  <node id='-2046277' action='modify' visible='true' lat='48.08481741552' lon='-97.10855498646' />
  <node id='-2046278' action='modify' visible='true' lat='48.08479314134' lon='-97.10847324138' />
  <node id='-2046279' action='modify' visible='true' lat='48.0847778197' lon='-97.10838677408' />
  <node id='-2046280' action='modify' visible='true' lat='48.08477183717' lon='-97.10829776603' />
  <node id='-2046281' action='modify' visible='true' lat='48.08593856506' lon='-97.10894572485' />
  <node id='-2046282' action='modify' visible='true' lat='48.08589093477' lon='-97.10889831639' />
  <node id='-2046283' action='modify' visible='true' lat='48.08583936878' lon='-97.10886126638' />
  <node id='-2046284' action='modify' visible='true' lat='48.08572848186' lon='-97.10882089775' />
  <node id='-2046285' action='modify' visible='true' lat='48.08567130876' lon='-97.10881836106' />
  <node id='-2046286' action='modify' visible='true' lat='48.08639676333' lon='-97.10933780148' />
  <node id='-2046287' action='modify' visible='true' lat='48.08633340105' lon='-97.10932343394' />
  <node id='-2046288' action='modify' visible='true' lat='48.08621408885' lon='-97.10925472739' />
  <node id='-2046289' action='modify' visible='true' lat='48.08616062928' lon='-97.10920182245' />
  <node id='-2046290' action='modify' visible='true' lat='48.08668468325' lon='-97.10964015003' />
  <node id='-2046291' action='modify' visible='true' lat='48.08668372394' lon='-97.10958042915' />
  <node id='-2046292' action='modify' visible='true' lat='48.0866738512' lon='-97.10952254811' />
  <node id='-2046293' action='modify' visible='true' lat='48.08665556696' lon='-97.10946944959' />
  <node id='-2046294' action='modify' visible='true' lat='48.0865978626' lon='-97.10938801779' />
  <node id='-2046295' action='modify' visible='true' lat='48.08656137616' lon='-97.1093638245' />
  <node id='-2046296' action='modify' visible='true' lat='48.08652219639' lon='-97.10935248321' />
  <node id='-2046297' action='modify' visible='true' lat='48.08646102026' lon='-97.10999976531' />
  <node id='-2046298' action='modify' visible='true' lat='48.08650721142' lon='-97.1099935461' />
  <node id='-2046299' action='modify' visible='true' lat='48.08655146412' lon='-97.10997277204' />
  <node id='-2046300' action='modify' visible='true' lat='48.08659175614' lon='-97.10993839243' />
  <node id='-2046301' action='modify' visible='true' lat='48.08665335838' lon='-97.10983565078' />
  <node id='-2046302' action='modify' visible='true' lat='48.08667185355' lon='-97.10977198375' />
  <node id='-2046303' action='modify' visible='true' lat='48.08668088663' lon='-97.10970388666' />
  <node id='-2046304' action='modify' visible='true' lat='48.08623103441' lon='-97.11020446979' />
  <node id='-2046305' action='modify' visible='true' lat='48.08624099222' lon='-97.11014862952' />
  <node id='-2046306' action='modify' visible='true' lat='48.08625957642' lon='-97.11009797006' />
  <node id='-2046307' action='modify' visible='true' lat='48.08631787799' lon='-97.11002346768' />
  <node id='-2046308' action='modify' visible='true' lat='48.08635421627' lon='-97.11000394279' />
  <node id='-2046309' action='modify' visible='true' lat='48.08639261865' lon='-97.1099979845' />
  <node id='-2046310' action='modify' visible='true' lat='48.08634092988' lon='-97.11099108231' />
  <node id='-2046311' action='modify' visible='true' lat='48.08630225743' lon='-97.11098416814' />
  <node id='-2046312' action='modify' visible='true' lat='48.08626585934' lon='-97.11096342147' />
  <node id='-2046313' action='modify' visible='true' lat='48.08623390849' lon='-97.11093008084' />
  <node id='-2046314' action='modify' visible='true' lat='48.08619059878' lon='-97.11083421214' />
  <node id='-2046315' action='modify' visible='true' lat='48.08618182543' lon='-97.11077740722' />
  <node id='-2046316' action='modify' visible='true' lat='48.08618251599' lon='-97.11071911297' />
  <node id='-2046317' action='modify' visible='true' lat='48.08969794216' lon='-97.10894547001' />
  <node id='-2046318' action='modify' visible='true' lat='48.08974355878' lon='-97.10916034786' />
  <node id='-2046319' action='modify' visible='true' lat='48.08986447142' lon='-97.10957305376' />
  <node id='-2046320' action='modify' visible='true' lat='48.08993916813' lon='-97.10976883648' />
  <node id='-2046321' action='modify' visible='true' lat='48.09027422589' lon='-97.11057938946' />
  <node id='-2046322' action='modify' visible='true' lat='48.09029198639' lon='-97.11063506004' />
  <node id='-2046323' action='modify' visible='true' lat='48.0903017807' lon='-97.11075684257' />
  <node id='-2046329' action='modify' visible='true' lat='48.09025248523' lon='-97.11096775499' />
  <node id='-2046330' action='modify' visible='true' lat='48.07741264105' lon='-97.12668724784' />
  <node id='-2046331' action='modify' visible='true' lat='48.07737002584' lon='-97.12166592968' />
  <node id='-2046332' action='modify' visible='true' lat='48.07037255245' lon='-97.12170808816' />
  <node id='-2046333' action='modify' visible='true' lat='48.07044297996' lon='-97.12673246585' />
  <node id='-2046334' action='modify' visible='true' lat='48.07741413495' lon='-97.12182067518' />
  <node id='-2046335' action='modify' visible='true' lat='48.07740868173' lon='-97.12176388836' />
  <node id='-2046336' action='modify' visible='true' lat='48.07739364038' lon='-97.12171111964' />
  <node id='-2046337' action='modify' visible='true' lat='48.07733943152' lon='-97.12163136775' />
  <node id='-2046338' action='modify' visible='true' lat='48.07730392181' lon='-97.12160976597' />
  <node id='-2046339' action='modify' visible='true' lat='48.07726589278' lon='-97.12160258195' />
  <node id='-2046340' action='modify' visible='true' lat='48.07731166094' lon='-97.12675097932' />
  <node id='-2046341' action='modify' visible='true' lat='48.07734870467' lon='-97.12674339864' />
  <node id='-2046342' action='modify' visible='true' lat='48.07738315544' lon='-97.12672165576' />
  <node id='-2046343' action='modify' visible='true' lat='48.07743513118' lon='-97.12664254412' />
  <node id='-2046344' action='modify' visible='true' lat='48.07744907724' lon='-97.12659062282' />
  <node id='-2046345' action='modify' visible='true' lat='48.07745351894' lon='-97.12653505912' />
  <node id='-2046346' action='modify' visible='true' lat='48.07036994463' lon='-97.12650813878' />
  <node id='-2046347' action='modify' visible='true' lat='48.07037496164' lon='-97.12657209209' />
  <node id='-2046348' action='modify' visible='true' lat='48.07038935997' lon='-97.12663277247' />
  <node id='-2046349' action='modify' visible='true' lat='48.07041241796' lon='-97.12668713865' />
  <node id='-2046350' action='modify' visible='true' lat='48.07047951421' lon='-97.1267664823' />
  <node id='-2046351' action='modify' visible='true' lat='48.07052018962' lon='-97.12678748311' />
  <node id='-2046352' action='modify' visible='true' lat='48.07056296759' lon='-97.12679441575' />
  <node id='-2046353' action='modify' visible='true' lat='48.07044717483' lon='-97.12165052527' />
  <node id='-2046354' action='modify' visible='true' lat='48.07041862453' lon='-97.12165749831' />
  <node id='-2046355' action='modify' visible='true' lat='48.07039291141' lon='-97.12167733313' />
  <node id='-2046356' action='modify' visible='true' lat='48.07035954052' lon='-97.12174675291' />
  <node id='-2046357' action='modify' visible='true' lat='48.0703551493' lon='-97.12178954263' />
  <node id='-2046364' action='modify' visible='true' lat='48.07737239991' lon='-97.12150925859' />
  <node id='-2046365' action='modify' visible='true' lat='48.07727268896' lon='-97.11121565209' />
  <node id='-2046366' action='modify' visible='true' lat='48.07390692988' lon='-97.11125225097' />
  <node id='-2046367' action='modify' visible='true' lat='48.07396338204' lon='-97.12159149416' />
  <node id='-2046368' action='modify' visible='true' lat='48.0772650668' lon='-97.12157675479' />
  <node id='-2046369' action='modify' visible='true' lat='48.07730442676' lon='-97.12156877873' />
  <node id='-2046370' action='modify' visible='true' lat='48.07734104505' lon='-97.1215457514' />
  <node id='-2046371' action='modify' visible='true' lat='48.07739633209' lon='-97.12146181341' />
  <node id='-2046372' action='modify' visible='true' lat='48.07741119348' lon='-97.12140668323' />
  <node id='-2046373' action='modify' visible='true' lat='48.07741596064' lon='-97.12134766463' />
  <node id='-2046374' action='modify' visible='true' lat='48.07734139996' lon='-97.11145360568' />
  <node id='-2046375' action='modify' visible='true' lat='48.07733650805' lon='-97.11138758167' />
  <node id='-2046376' action='modify' visible='true' lat='48.07732302032' lon='-97.11132429462' />
  <node id='-2046377' action='modify' visible='true' lat='48.07730146559' lon='-97.11126622585' />
  <node id='-2046378' action='modify' visible='true' lat='48.07723781865' lon='-97.11117455618' />
  <node id='-2046379' action='modify' visible='true' lat='48.07719822183' lon='-97.11114454939' />
  <node id='-2046380' action='modify' visible='true' lat='48.07715545098' lon='-97.11112680819' />
  <node id='-2046381' action='modify' visible='true' lat='48.07711118302' lon='-97.11112202818' />
  <node id='-2046382' action='modify' visible='true' lat='48.08480929372' lon='-97.1265431544' />
  <node id='-2046383' action='modify' visible='true' lat='48.08473644416' lon='-97.12097256865' />
  <node id='-2046384' action='modify' visible='true' lat='48.07773379982' lon='-97.1210460372' />
  <node id='-2046385' action='modify' visible='true' lat='48.07782305914' lon='-97.12655858331' />
  <node id='-2046386' action='modify' visible='true' lat='48.07774439461' lon='-97.12628338014' />
  <node id='-2046387' action='modify' visible='true' lat='48.07775013655' lon='-97.12635953156' />
  <node id='-2046388' action='modify' visible='true' lat='48.07776560815' lon='-97.126432584' />
  <node id='-2046389' action='modify' visible='true' lat='48.07779022542' lon='-97.12649978003' />
  <node id='-2046390' action='modify' visible='true' lat='48.07786286998' lon='-97.12660677427' />
  <node id='-2046391' action='modify' visible='true' lat='48.07790815524' lon='-97.1266425339' />
  <node id='-2046392' action='modify' visible='true' lat='48.07795720557' lon='-97.12666451244' />
  <node id='-2046393' action='modify' visible='true' lat='48.07800816955' lon='-97.1266718803' />
  <node id='-2046394' action='modify' visible='true' lat='48.08462213764' lon='-97.12666194549' />
  <node id='-2046395' action='modify' visible='true' lat='48.08467398751' lon='-97.12665407868' />
  <node id='-2046396' action='modify' visible='true' lat='48.0847237595' lon='-97.12663094773' />
  <node id='-2046397' action='modify' visible='true' lat='48.08476946909' lon='-97.12659347492' />
  <node id='-2046398' action='modify' visible='true' lat='48.08484164551' lon='-97.12648199255' />
  <node id='-2046399' action='modify' visible='true' lat='48.08486523453' lon='-97.12641242808' />
  <node id='-2046400' action='modify' visible='true' lat='48.08487912022' lon='-97.12633723468' />
  <node id='-2046401' action='modify' visible='true' lat='48.08488274894' lon='-97.12625941051' />
  <node id='-2046402' action='modify' visible='true' lat='48.08477850512' lon='-97.12111467063' />
  <node id='-2046403' action='modify' visible='true' lat='48.08477289335' lon='-97.12106236471' />
  <node id='-2046404' action='modify' visible='true' lat='48.08475855708' lon='-97.12101392996' />
  <node id='-2046405' action='modify' visible='true' lat='48.08470801657' lon='-97.12094101537' />
  <node id='-2046406' action='modify' visible='true' lat='48.08467515378' lon='-97.12092135628' />
  <node id='-2046407' action='modify' visible='true' lat='48.08464002852' lon='-97.12091489113' />
  <node id='-2046408' action='modify' visible='true' lat='48.07783477405' lon='-97.1209818896' />
  <node id='-2046409' action='modify' visible='true' lat='48.07779770706' lon='-97.12098960526' />
  <node id='-2046410' action='modify' visible='true' lat='48.07776325797' lon='-97.12101149031' />
  <node id='-2046411' action='modify' visible='true' lat='48.07771136181' lon='-97.12109086621' />
  <node id='-2046412' action='modify' visible='true' lat='48.07769748957' lon='-97.1211428893' />
  <node id='-2046413' action='modify' visible='true' lat='48.07769313871' lon='-97.12119852291' />
  <node id='-2046419' action='modify' visible='true' lat='48.09121673309' lon='-97.1234474218' />
  <node id='-2046420' action='modify' visible='true' lat='48.09117100818' lon='-97.12344159905' />
  <node id='-2046421' action='modify' visible='true' lat='48.0911273342' lon='-97.12342050706' />
  <node id='-2046422' action='modify' visible='true' lat='48.09108795568' lon='-97.12338522979' />
  <node id='-2046423' action='modify' visible='true' lat='48.09102985532' lon='-97.1232800072' />
  <node id='-2046424' action='modify' visible='true' lat='48.09101411944' lon='-97.12321546952' />
  <node id='-2046425' action='modify' visible='true' lat='48.09100849743' lon='-97.12314728395' />
  <node id='-2046429' action='modify' visible='true' lat='48.09100322383' lon='-97.12234257787' />
  <node id='-2046430' action='modify' visible='true' lat='48.09100724905' lon='-97.12228020461' />
  <node id='-2046431' action='modify' visible='true' lat='48.0910199607' lon='-97.12222050062' />
  <node id='-2046432' action='modify' visible='true' lat='48.09104078825' lon='-97.12216614563' />
  <node id='-2046433' action='modify' visible='true' lat='48.09110272941' lon='-97.12208289164' />
  <node id='-2046434' action='modify' visible='true' lat='48.09114106287' lon='-97.12205772936' />
  <node id='-2046435' action='modify' visible='true' lat='48.09118207669' lon='-97.12204522182' />
  <node id='-2046436' action='modify' visible='true' lat='48.08473868299' lon='-97.12084673084' />
  <node id='-2046437' action='modify' visible='true' lat='48.08465346633' lon='-97.11508201353' />
  <node id='-2046438' action='modify' visible='true' lat='48.0776699588' lon='-97.11518634401' />
  <node id='-2046439' action='modify' visible='true' lat='48.07773157848' lon='-97.12092393709' />
  <node id='-2046440' action='modify' visible='true' lat='48.07768576708' lon='-97.12079329807' />
  <node id='-2046441' action='modify' visible='true' lat='48.07769154753' lon='-97.12084337444' />
  <node id='-2046442' action='modify' visible='true' lat='48.07770732669' lon='-97.12088837139' />
  <node id='-2046443' action='modify' visible='true' lat='48.0777619574' lon='-97.12094663185' />
  <node id='-2046444' action='modify' visible='true' lat='48.0777955254' lon='-97.12095426076' />
  <node id='-2046445' action='modify' visible='true' lat='48.07776627451' lon='-97.11512485039' />
  <node id='-2046446' action='modify' visible='true' lat='48.07773090432' lon='-97.11513233283' />
  <node id='-2046447' action='modify' visible='true' lat='48.07769804707' lon='-97.11515331083' />
  <node id='-2046448' action='modify' visible='true' lat='48.0776485681' lon='-97.11522916425' />
  <node id='-2046449' action='modify' visible='true' lat='48.07763534373' lon='-97.11527883142' />
  <node id='-2046450' action='modify' visible='true' lat='48.07763119369' lon='-97.11533193529' />
  <node id='-2046451' action='modify' visible='true' lat='48.08468873607' lon='-97.1152029356' />
  <node id='-2046452' action='modify' visible='true' lat='48.08468418325' lon='-97.11515846818' />
  <node id='-2046453' action='modify' visible='true' lat='48.08467215808' lon='-97.11511723995' />
  <node id='-2046454' action='modify' visible='true' lat='48.0846293605' lon='-97.11505514937' />
  <node id='-2046455' action='modify' visible='true' lat='48.08460145585' lon='-97.11503844758' />
  <node id='-2046456' action='modify' visible='true' lat='48.08457162222' lon='-97.11503302731' />
  <node id='-2046462' action='modify' visible='true' lat='48.08465754597' lon='-97.12089841855' />
  <node id='-2046463' action='modify' visible='true' lat='48.08468735207' lon='-97.12089223371' />
  <node id='-2046464' action='modify' visible='true' lat='48.08471504019' lon='-97.1208745952' />
  <node id='-2046465' action='modify' visible='true' lat='48.08475663469' lon='-97.12081058026' />
  <node id='-2046466' action='modify' visible='true' lat='48.08476764569' lon='-97.12076865989' />
  <node id='-2046467' action='modify' visible='true' lat='48.08477094953' lon='-97.1207238878' />
  <node id='-2046468' action='modify' visible='true' lat='48.09939968405' lon='-97.1430189921' />
  <node id='-2046469' action='modify' visible='true' lat='48.09937460557' lon='-97.137938217' />
  <node id='-2046470' action='modify' visible='true' lat='48.09219507252' lon='-97.13797324036' />
  <node id='-2046471' action='modify' visible='true' lat='48.09218889689' lon='-97.13856861906' />
  <node id='-2046472' action='modify' visible='true' lat='48.092197854' lon='-97.13998166711' />
  <node id='-2046473' action='modify' visible='true' lat='48.09221533833' lon='-97.14303459998' />
  <node id='-2046475' action='modify' visible='true' lat='48.09856518377' lon='-97.14302203044' />
  <node id='-2046476' action='modify' visible='true' lat='48.09833450121' lon='-97.14297988582' />
  <node id='-2046477' action='modify' visible='true' lat='48.09778442801' lon='-97.14298665959' />
  <node id='-2046478' action='modify' visible='true' lat='48.0976026652' lon='-97.14303217898' />
  <node id='-2046479' action='modify' visible='true' lat='48.09847839512' lon='-97.14300738816' />
  <node id='-2046480' action='modify' visible='true' lat='48.09865247385' lon='-97.14302634753' />
  <node id='-2046481' action='modify' visible='true' lat='48.09824354829' lon='-97.14297538761' />
  <node id='-2046482' action='modify' visible='true' lat='48.09842493136' lon='-97.14299514243' />
  <node id='-2046483' action='modify' visible='true' lat='48.09769527598' lon='-97.1430077274' />
  <node id='-2046484' action='modify' visible='true' lat='48.09787453906' lon='-97.14297902001' />
  <node id='-2046485' action='modify' visible='true' lat='48.09754257966' lon='-97.14303727298' />
  <node id='-2046486' action='modify' visible='true' lat='48.09766211111' lon='-97.14301813115' />
  <node id='-2046487' action='modify' visible='true' lat='48.0922726859' lon='-97.13992348666' />
  <node id='-2046488' action='modify' visible='true' lat='48.0922440514' lon='-97.13993072501' />
  <node id='-2046489' action='modify' visible='true' lat='48.09221827949' lon='-97.13995076221' />
  <node id='-2046490' action='modify' visible='true' lat='48.09218474348' lon='-97.14002046118' />
  <node id='-2046491' action='modify' visible='true' lat='48.09218021151' lon='-97.14006340555' />
  <node id='-2046492' action='modify' visible='true' lat='48.09217860461' lon='-97.14290220542' />
  <node id='-2046493' action='modify' visible='true' lat='48.09218286123' lon='-97.14295069753' />
  <node id='-2046494' action='modify' visible='true' lat='48.09219539316' lon='-97.14299586474' />
  <node id='-2046495' action='modify' visible='true' lat='48.09224132468' lon='-97.14306423866' />
  <node id='-2046496' action='modify' visible='true' lat='48.09227156463' lon='-97.14308274192' />
  <node id='-2046497' action='modify' visible='true' lat='48.09230397794' lon='-97.14308883693' />
  <node id='-2046498' action='modify' visible='true' lat='48.09217105813' lon='-97.13850262606' />
  <node id='-2046499' action='modify' visible='true' lat='48.09217541366' lon='-97.13853838778' />
  <node id='-2046500' action='modify' visible='true' lat='48.09220929023' lon='-97.13858834776' />
  <node id='-2046501' action='modify' visible='true' lat='48.0922332396' lon='-97.13859432912' />
  <node id='-2046502' action='modify' visible='true' lat='48.0922623209' lon='-97.13792297014' />
  <node id='-2046503' action='modify' visible='true' lat='48.09223674923' lon='-97.13792888985' />
  <node id='-2046504' action='modify' visible='true' lat='48.09221359894' lon='-97.13794619539' />
  <node id='-2046505' action='modify' visible='true' lat='48.09218293252' lon='-97.13800745176' />
  <node id='-2046506' action='modify' visible='true' lat='48.09217833393' lon='-97.1380455748' />
  <node id='-2046507' action='modify' visible='true' lat='48.0921804165' lon='-97.13777075113' />
  <node id='-2046508' action='modify' visible='true' lat='48.09218477884' lon='-97.13781234486' />
  <node id='-2046509' action='modify' visible='true' lat='48.09219751668' lon='-97.13784988163' />
  <node id='-2046510' action='modify' visible='true' lat='48.09224242805' lon='-97.13789883016' />
  <node id='-2046511' action='modify' visible='true' lat='48.09227020096' lon='-97.13790544573' />
  <node id='-2046516' action='modify' visible='true' lat='48.09187124769' lon='-97.13790480827' />
  <node id='-2046517' action='modify' visible='true' lat='48.0848523721' lon='-97.13788457282' />
  <node id='-2046518' action='modify' visible='true' lat='48.0849649057' lon='-97.1438104447' />
  <node id='-2046519' action='modify' visible='true' lat='48.08676310314' lon='-97.14678289665' />
  <node id='-2046520' action='modify' visible='true' lat='48.08736434857' lon='-97.14739633888' />
  <node id='-2046521' action='modify' visible='true' lat='48.08782628615' lon='-97.14764543899' />
  <node id='-2046522' action='modify' visible='true' lat='48.08829779173' lon='-97.14770865662' />
  <node id='-2046523' action='modify' visible='true' lat='48.08875026096' lon='-97.14759260068' />
  <node id='-2046524' action='modify' visible='true' lat='48.08932336812' lon='-97.14735468866' />
  <node id='-2046525' action='modify' visible='true' lat='48.08988253873' lon='-97.14700945347' />
  <node id='-2046526' action='modify' visible='true' lat='48.09041965658' lon='-97.14673291546' />
  <node id='-2046527' action='modify' visible='true' lat='48.0907055864' lon='-97.14653419482' />
  <node id='-2046528' action='modify' visible='true' lat='48.09089230157' lon='-97.14637003488' />
  <node id='-2046529' action='modify' visible='true' lat='48.09114118672' lon='-97.14627385408' />
  <node id='-2046530' action='modify' visible='true' lat='48.09186926935' lon='-97.14591199237' />
  <node id='-2046532' action='modify' visible='true' lat='48.08488766233' lon='-97.14322896275' />
  <node id='-2046533' action='modify' visible='true' lat='48.08489328268' lon='-97.14337774972' />
  <node id='-2046534' action='modify' visible='true' lat='48.08490812912' lon='-97.1435251079' />
  <node id='-2046535' action='modify' visible='true' lat='48.08493207274' lon='-97.14366975811' />
  <node id='-2046536' action='modify' visible='true' lat='48.08500634296' lon='-97.14394594643' />
  <node id='-2046537' action='modify' visible='true' lat='48.0850560248' lon='-97.14407508706' />
  <node id='-2046538' action='modify' visible='true' lat='48.08511351993' lon='-97.14419674556' />
  <node id='-2046539' action='modify' visible='true' lat='48.08517832924' lon='-97.14430986587' />
  <node id='-2046540' action='modify' visible='true' lat='48.08652947544' lon='-97.14645714526' />
  <node id='-2046541' action='modify' visible='true' lat='48.08664273134' lon='-97.1466257396' />
  <node id='-2046542' action='modify' visible='true' lat='48.08689007642' lon='-97.14692794486' />
  <node id='-2046543' action='modify' visible='true' lat='48.0871575921' lon='-97.14721332514' />
  <node id='-2046544' action='modify' visible='true' lat='48.08725836643' lon='-97.14731142477' />
  <node id='-2046545' action='modify' visible='true' lat='48.08747477054' lon='-97.14746745218' />
  <node id='-2046546' action='modify' visible='true' lat='48.08762689259' lon='-97.14755413126' />
  <node id='-2046547' action='modify' visible='true' lat='48.08772556993' lon='-97.14760477471' />
  <node id='-2046548' action='modify' visible='true' lat='48.08792859148' lon='-97.14767594251' />
  <node id='-2046549' action='modify' visible='true' lat='48.08803202905' lon='-97.14769614905' />
  <node id='-2046550' action='modify' visible='true' lat='48.0881031053' lon='-97.14770643175' />
  <node id='-2046551' action='modify' visible='true' lat='48.08820041563' lon='-97.14771401183' />
  <node id='-2046552' action='modify' visible='true' lat='48.08839446788' lon='-97.14769040824' />
  <node id='-2046553' action='modify' visible='true' lat='48.08855985003' lon='-97.14764796516' />
  <node id='-2046554' action='modify' visible='true' lat='48.08893885502' lon='-97.1475247191' />
  <node id='-2046555' action='modify' visible='true' lat='48.0890873145' lon='-97.14746606902' />
  <node id='-2046556' action='modify' visible='true' lat='48.08920622168' lon='-97.14741455985' />
  <node id='-2046557' action='modify' visible='true' lat='48.08943849163' lon='-97.14728658947' />
  <node id='-2046558' action='modify' visible='true' lat='48.08977026102' lon='-97.14707662065' />
  <node id='-2046559' action='modify' visible='true' lat='48.08999650441' lon='-97.14694899369' />
  <node id='-2046560' action='modify' visible='true' lat='48.09030069162' lon='-97.14679769901' />
  <node id='-2046561' action='modify' visible='true' lat='48.09053600165' lon='-97.14665822604' />
  <node id='-2046562' action='modify' visible='true' lat='48.09063269165' lon='-97.14659127672' />
  <node id='-2046563' action='modify' visible='true' lat='48.09077442579' lon='-97.14646676633' />
  <node id='-2046564' action='modify' visible='true' lat='48.09077777344' lon='-97.1464631268' />
  <node id='-2046565' action='modify' visible='true' lat='48.09083300306' lon='-97.14641097085' />
  <node id='-2046566' action='modify' visible='true' lat='48.0909546576' lon='-97.14634101706' />
  <node id='-2046567' action='modify' visible='true' lat='48.09168491685' lon='-97.14608606988' />
  <node id='-2046568' action='modify' visible='true' lat='48.09173772396' lon='-97.14606068284' />
  <node id='-2046569' action='modify' visible='true' lat='48.09178695243' lon='-97.14602243438' />
  <node id='-2046570' action='modify' visible='true' lat='48.0918312163' lon='-97.14597240135' />
  <node id='-2046571' action='modify' visible='true' lat='48.09190004027' lon='-97.14584290822' />
  <node id='-2046572' action='modify' visible='true' lat='48.09192266272' lon='-97.1457670939' />
  <node id='-2046573' action='modify' visible='true' lat='48.09193649982' lon='-97.14568668389' />
  <node id='-2046574' action='modify' visible='true' lat='48.09194116198' lon='-97.14560394208' />
  <node id='-2046575' action='modify' visible='true' lat='48.0919419824' lon='-97.13812414979' />
  <node id='-2046576' action='modify' visible='true' lat='48.09193727581' lon='-97.13806168227' />
  <node id='-2046577' action='modify' visible='true' lat='48.09192337957' lon='-97.13800236103' />
  <node id='-2046578' action='modify' visible='true' lat='48.09190099409' lon='-97.13794917612' />
  <node id='-2046579' action='modify' visible='true' lat='48.09183563969' lon='-97.13787149378' />
  <node id='-2046580' action='modify' visible='true' lat='48.09179596486' lon='-97.13785091184' />
  <node id='-2046581' action='modify' visible='true' lat='48.09175422297' lon='-97.13784409987' />
  <node id='-2046582' action='modify' visible='true' lat='48.09187751884' lon='-97.12341875106' />
  <node id='-2046583' action='modify' visible='true' lat='48.09186497665' lon='-97.12194923379' />
  <node id='-2046586' action='modify' visible='true' lat='48.0917297149' lon='-97.11178600922' />
  <node id='-2046587' action='modify' visible='true' lat='48.09170015424' lon='-97.11162239447' />
  <node id='-2046588' action='modify' visible='true' lat='48.09163924131' lon='-97.11146414414' />
  <node id='-2046589' action='modify' visible='true' lat='48.09153264351' lon='-97.11133539811' />
  <node id='-2046590' action='modify' visible='true' lat='48.09068254144' lon='-97.11106986076' />
  <node id='-2046591' action='modify' visible='true' lat='48.09040663477' lon='-97.11083650723' />
  <node id='75866352' timestamp='2009-10-08T10:48:55Z' uid='147510' user='woodpeck_fixbot' visible='true' version='2' changeset='2780909' lat='48.16247' lon='-97.14717' />
  <node id='75867072' timestamp='2009-10-08T10:49:08Z' uid='147510' user='woodpeck_fixbot' visible='true' version='2' changeset='2780909' lat='48.148903' lon='-97.147324' />
  <node id='75867901' action='modify' timestamp='2009-10-08T10:49:24Z' uid='147510' user='woodpeck_fixbot' visible='true' version='2' changeset='2780909' lat='48.08140335256' lon='-97.105622' />
  <node id='75867902' action='modify' timestamp='2009-10-08T10:49:24Z' uid='147510' user='woodpeck_fixbot' visible='true' version='2' changeset='2780909' lat='48.08138152088' lon='-97.10534017139' />
  <node id='75867903' action='modify' timestamp='2009-10-08T10:49:24Z' uid='147510' user='woodpeck_fixbot' visible='true' version='2' changeset='2780909' lat='48.08131819998' lon='-97.1050954273' />
  <node id='75867904' action='modify' timestamp='2009-10-08T10:49:24Z' uid='147510' user='woodpeck_fixbot' visible='true' version='2' changeset='2780909' lat='48.08128255881' lon='-97.10500137435' />
  <node id='75867905' timestamp='2009-10-08T10:49:24Z' uid='147510' user='woodpeck_fixbot' visible='true' version='2' changeset='2780909' lat='48.081237' lon='-97.10495' />
  <node id='75867906' action='modify' timestamp='2009-10-08T10:49:24Z' uid='147510' user='woodpeck_fixbot' visible='true' version='2' changeset='2780909' lat='48.08117911455' lon='-97.10495016591' />
  <node id='75867907' timestamp='2009-10-08T10:49:25Z' uid='147510' user='woodpeck_fixbot' visible='true' version='2' changeset='2780909' lat='48.081106' lon='-97.104968' />
  <node id='75867909' action='modify' timestamp='2009-10-08T10:49:25Z' uid='147510' user='woodpeck_fixbot' visible='true' version='2' changeset='2780909' lat='48.08107745602' lon='-97.10501174679' />
  <node id='75867910' timestamp='2009-10-08T10:49:25Z' uid='147510' user='woodpeck_fixbot' visible='true' version='2' changeset='2780909' lat='48.081067' lon='-97.105101' />
  <node id='75867911' action='modify' timestamp='2009-10-08T10:49:25Z' uid='147510' user='woodpeck_fixbot' visible='true' version='2' changeset='2780909' lat='48.08105851414' lon='-97.10546212469' />
  <node id='75867912' action='modify' timestamp='2009-10-08T10:49:25Z' uid='147510' user='woodpeck_fixbot' visible='true' version='2' changeset='2780909' lat='48.08097562646' lon='-97.10563169387' />
  <node id='75871066' timestamp='2009-10-08T10:50:29Z' uid='147510' user='woodpeck_fixbot' visible='true' version='2' changeset='2780909' lat='48.151012' lon='-97.147285' />
  <node id='75871745' timestamp='2009-10-08T10:50:57Z' uid='147510' user='woodpeck_fixbot' visible='true' version='2' changeset='2780909' lat='48.165275' lon='-97.147124' />
  <node id='75872253' timestamp='2009-10-08T10:51:09Z' uid='147510' user='woodpeck_fixbot' visible='true' version='2' changeset='2780909' lat='48.164316' lon='-97.147155' />
  <node id='75872256' timestamp='2020-08-11T02:51:25Z' uid='214969' user='AndrewBuck' visible='true' version='3' changeset='89222714' lat='48.1634547' lon='-97.1471711' />
  <node id='75872871' timestamp='2009-10-08T10:51:21Z' uid='147510' user='woodpeck_fixbot' visible='true' version='2' changeset='2780909' lat='48.06946' lon='-97.105875' />
  <node id='75872873' timestamp='2009-10-08T10:51:21Z' uid='147510' user='woodpeck_fixbot' visible='true' version='2' changeset='2780909' lat='48.069527' lon='-97.105776' />
  <node id='75872875' timestamp='2009-10-08T10:51:21Z' uid='147510' user='woodpeck_fixbot' visible='true' version='2' changeset='2780909' lat='48.069621' lon='-97.105729' />
  <node id='75872877' timestamp='2009-10-08T10:51:21Z' uid='147510' user='woodpeck_fixbot' visible='true' version='2' changeset='2780909' lat='48.069838' lon='-97.1057' />
  <node id='75872879' timestamp='2009-10-08T10:51:21Z' uid='147510' user='woodpeck_fixbot' visible='true' version='2' changeset='2780909' lat='48.070475' lon='-97.10569' />
  <node id='75872882' timestamp='2009-10-08T10:51:21Z' uid='147510' user='woodpeck_fixbot' visible='true' version='2' changeset='2780909' lat='48.070987' lon='-97.105708' />
  <node id='75872884' timestamp='2009-10-08T10:51:21Z' uid='147510' user='woodpeck_fixbot' visible='true' version='2' changeset='2780909' lat='48.071151' lon='-97.105721' />
  <node id='75872886' timestamp='2009-10-08T10:51:21Z' uid='147510' user='woodpeck_fixbot' visible='true' version='2' changeset='2780909' lat='48.071323' lon='-97.10579' />
  <node id='75872888' timestamp='2009-10-08T10:51:21Z' uid='147510' user='woodpeck_fixbot' visible='true' version='2' changeset='2780909' lat='48.072117' lon='-97.10636' />
  <node id='75872890' timestamp='2009-10-08T10:51:21Z' uid='147510' user='woodpeck_fixbot' visible='true' version='2' changeset='2780909' lat='48.072348' lon='-97.106489' />
  <node id='75872893' timestamp='2009-10-08T10:51:21Z' uid='147510' user='woodpeck_fixbot' visible='true' version='2' changeset='2780909' lat='48.072596' lon='-97.106576' />
  <node id='75872896' timestamp='2009-10-08T10:51:21Z' uid='147510' user='woodpeck_fixbot' visible='true' version='2' changeset='2780909' lat='48.072955' lon='-97.106684' />
  <node id='75872899' timestamp='2009-10-08T10:51:21Z' uid='147510' user='woodpeck_fixbot' visible='true' version='2' changeset='2780909' lat='48.073351' lon='-97.10678' />
  <node id='75872901' timestamp='2009-10-08T10:51:21Z' uid='147510' user='woodpeck_fixbot' visible='true' version='2' changeset='2780909' lat='48.073505' lon='-97.10679' />
  <node id='75872904' timestamp='2009-10-08T10:51:21Z' uid='147510' user='woodpeck_fixbot' visible='true' version='2' changeset='2780909' lat='48.073628' lon='-97.106763' />
  <node id='75872905' timestamp='2009-10-08T10:51:21Z' uid='147510' user='woodpeck_fixbot' visible='true' version='2' changeset='2780909' lat='48.073741' lon='-97.1067' />
  <node id='75872906' timestamp='2009-10-08T10:51:21Z' uid='147510' user='woodpeck_fixbot' visible='true' version='2' changeset='2780909' lat='48.07387' lon='-97.10671' />
  <node id='75872908' timestamp='2009-10-08T10:51:21Z' uid='147510' user='woodpeck_fixbot' visible='true' version='2' changeset='2780909' lat='48.074121' lon='-97.106929' />
  <node id='75872910' timestamp='2009-10-08T10:51:21Z' uid='147510' user='woodpeck_fixbot' visible='true' version='2' changeset='2780909' lat='48.074303' lon='-97.107203' />
  <node id='75873415' timestamp='2009-10-08T10:51:30Z' uid='147510' user='woodpeck_fixbot' visible='true' version='2' changeset='2780909' lat='48.082721' lon='-97.148749' />
  <node id='75873417' timestamp='2020-08-20T19:18:12Z' uid='214969' user='AndrewBuck' visible='true' version='3' changeset='89708593' lat='48.0826825' lon='-97.1457602' />
  <node id='75873420' timestamp='2020-08-20T19:18:12Z' uid='214969' user='AndrewBuck' visible='true' version='3' changeset='89708593' lat='48.0827174' lon='-97.1455926' />
  <node id='75873422' timestamp='2020-08-20T19:18:12Z' uid='214969' user='AndrewBuck' visible='true' version='3' changeset='89708593' lat='48.0826816' lon='-97.1454531' />
  <node id='75873424' timestamp='2020-08-20T19:18:12Z' uid='214969' user='AndrewBuck' visible='true' version='3' changeset='89708593' lat='48.0829342' lon='-97.1453471' />
  <node id='75873426' timestamp='2020-08-20T19:18:12Z' uid='214969' user='AndrewBuck' visible='true' version='3' changeset='89708593' lat='48.0830346' lon='-97.1452694' />
  <node id='75885098' timestamp='2012-07-18T22:54:25Z' uid='722137' user='OSMF Redaction Account' visible='true' version='5' changeset='12301101' lat='48.07765' lon='-97.16406' />
  <node id='75885101' timestamp='2009-10-08T10:55:56Z' uid='147510' user='woodpeck_fixbot' visible='true' version='2' changeset='2780909' lat='48.077817' lon='-97.164045' />
  <node id='75885103' timestamp='2009-10-08T10:55:56Z' uid='147510' user='woodpeck_fixbot' visible='true' version='2' changeset='2780909' lat='48.078173' lon='-97.163924' />
  <node id='75885105' timestamp='2009-10-08T10:55:56Z' uid='147510' user='woodpeck_fixbot' visible='true' version='2' changeset='2780909' lat='48.078621' lon='-97.163666' />
  <node id='75887096' timestamp='2009-10-08T10:56:52Z' uid='147510' user='woodpeck_fixbot' visible='true' version='2' changeset='2780909' lat='48.071968' lon='-97.165412' />
  <node id='75887097' timestamp='2009-10-08T10:56:52Z' uid='147510' user='woodpeck_fixbot' visible='true' version='2' changeset='2780909' lat='48.072237' lon='-97.165296' />
  <node id='75887101' timestamp='2009-10-08T10:56:52Z' uid='147510' user='woodpeck_fixbot' visible='true' version='2' changeset='2780909' lat='48.072452' lon='-97.165264' />
  <node id='75887103' timestamp='2009-10-08T10:56:52Z' uid='147510' user='woodpeck_fixbot' visible='true' version='2' changeset='2780909' lat='48.072565' lon='-97.165254' />
  <node id='75887229' timestamp='2009-10-08T10:56:55Z' uid='147510' user='woodpeck_fixbot' visible='true' version='2' changeset='2780909' lat='48.071964' lon='-97.167943' />
  <node id='75887242' timestamp='2009-10-08T10:56:55Z' uid='147510' user='woodpeck_fixbot' visible='true' version='2' changeset='2780909' lat='48.071964' lon='-97.164431' />
  <node id='75887244' timestamp='2009-10-08T10:56:55Z' uid='147510' user='woodpeck_fixbot' visible='true' version='2' changeset='2780909' lat='48.071587' lon='-97.164392' />
  <node id='75887246' timestamp='2009-10-08T10:56:55Z' uid='147510' user='woodpeck_fixbot' visible='true' version='2' changeset='2780909' lat='48.071554' lon='-97.164363' />
  <node id='75887248' timestamp='2009-10-08T10:56:55Z' uid='147510' user='woodpeck_fixbot' visible='true' version='2' changeset='2780909' lat='48.071552' lon='-97.163965' />
  <node id='75895073' timestamp='2009-10-08T11:00:26Z' uid='147510' user='woodpeck_fixbot' visible='true' version='2' changeset='2780909' lat='48.121014' lon='-97.130388' />
  <node id='75895075' timestamp='2009-10-08T11:00:26Z' uid='147510' user='woodpeck_fixbot' visible='true' version='2' changeset='2780909' lat='48.121316' lon='-97.13038' />
  <node id='75895077' timestamp='2009-10-08T11:00:26Z' uid='147510' user='woodpeck_fixbot' visible='true' version='2' changeset='2780909' lat='48.121615' lon='-97.130334' />
  <node id='75895094' timestamp='2009-10-08T11:00:27Z' uid='147510' user='woodpeck_fixbot' visible='true' version='2' changeset='2780909' lat='48.120842' lon='-97.158337' />
  <node id='75895096' timestamp='2009-10-08T11:00:27Z' uid='147510' user='woodpeck_fixbot' visible='true' version='2' changeset='2780909' lat='48.121249' lon='-97.158309' />
  <node id='75895098' timestamp='2009-10-08T11:00:27Z' uid='147510' user='woodpeck_fixbot' visible='true' version='2' changeset='2780909' lat='48.121347' lon='-97.158267' />
  <node id='75895101' timestamp='2009-10-08T11:00:27Z' uid='147510' user='woodpeck_fixbot' visible='true' version='2' changeset='2780909' lat='48.121363' lon='-97.158238' />
  <node id='75895103' timestamp='2009-10-08T11:00:27Z' uid='147510' user='woodpeck_fixbot' visible='true' version='2' changeset='2780909' lat='48.121374' lon='-97.158174' />
  <node id='75895105' timestamp='2009-10-08T11:00:27Z' uid='147510' user='woodpeck_fixbot' visible='true' version='2' changeset='2780909' lat='48.121373' lon='-97.158104' />
  <node id='75895107' timestamp='2009-10-08T11:00:27Z' uid='147510' user='woodpeck_fixbot' visible='true' version='2' changeset='2780909' lat='48.121324' lon='-97.157993' />
  <node id='75895108' timestamp='2009-10-08T11:00:27Z' uid='147510' user='woodpeck_fixbot' visible='true' version='2' changeset='2780909' lat='48.121276' lon='-97.1579' />
  <node id='75895111' timestamp='2009-10-08T11:00:27Z' uid='147510' user='woodpeck_fixbot' visible='true' version='2' changeset='2780909' lat='48.121202' lon='-97.157846' />
  <node id='75895112' timestamp='2009-10-08T11:00:28Z' uid='147510' user='woodpeck_fixbot' visible='true' version='2' changeset='2780909' lat='48.121088' lon='-97.157784' />
  <node id='75895114' timestamp='2009-10-08T11:00:28Z' uid='147510' user='woodpeck_fixbot' visible='true' version='2' changeset='2780909' lat='48.120836' lon='-97.157715' />
  <node id='75895251' timestamp='2009-10-08T11:00:32Z' uid='147510' user='woodpeck_fixbot' visible='true' version='2' changeset='2780909' lat='48.120872' lon='-97.165474' />
  <node id='75895252' timestamp='2009-10-08T11:00:32Z' uid='147510' user='woodpeck_fixbot' visible='true' version='2' changeset='2780909' lat='48.120003' lon='-97.16535' />
  <node id='75895254' timestamp='2009-10-08T11:00:32Z' uid='147510' user='woodpeck_fixbot' visible='true' version='2' changeset='2780909' lat='48.119736' lon='-97.165317' />
  <node id='75895257' timestamp='2009-10-08T11:00:32Z' uid='147510' user='woodpeck_fixbot' visible='true' version='2' changeset='2780909' lat='48.119628' lon='-97.165321' />
  <node id='75895259' timestamp='2009-10-08T11:00:32Z' uid='147510' user='woodpeck_fixbot' visible='true' version='2' changeset='2780909' lat='48.119537' lon='-97.165377' />
  <node id='75895261' timestamp='2009-10-08T11:00:32Z' uid='147510' user='woodpeck_fixbot' visible='true' version='2' changeset='2780909' lat='48.119423' lon='-97.165487' />
  <node id='75895263' timestamp='2009-10-08T11:00:32Z' uid='147510' user='woodpeck_fixbot' visible='true' version='2' changeset='2780909' lat='48.119336' lon='-97.165623' />
  <node id='75895265' timestamp='2009-10-08T11:00:33Z' uid='147510' user='woodpeck_fixbot' visible='true' version='2' changeset='2780909' lat='48.119264' lon='-97.165816' />
  <node id='75895340' timestamp='2009-10-08T11:00:35Z' uid='147510' user='woodpeck_fixbot' visible='true' version='2' changeset='2780909' lat='48.117447' lon='-97.126786' />
  <node id='75895341' action='modify' timestamp='2009-10-08T11:00:35Z' uid='147510' user='woodpeck_fixbot' visible='true' version='2' changeset='2780909' lat='48.11762910467' lon='-97.12523019263' />
  <node id='75895786' action='modify' timestamp='2009-10-08T11:00:48Z' uid='147510' user='woodpeck_fixbot' visible='true' version='2' changeset='2780909' lat='48.10578698489' lon='-97.12678006994' />
  <node id='75895787' action='modify' timestamp='2009-10-08T11:00:48Z' uid='147510' user='woodpeck_fixbot' visible='true' version='2' changeset='2780909' lat='48.10584129831' lon='-97.125033' />
  <node id='75896500' action='modify' timestamp='2009-10-08T11:01:22Z' uid='147510' user='woodpeck_fixbot' visible='true' version='2' changeset='2780909' lat='48.09200108455' lon='-97.12338820982' />
  <node id='75896502' action='modify' timestamp='2009-10-08T11:01:22Z' uid='147510' user='woodpeck_fixbot' visible='true' version='2' changeset='2780909' lat='48.09210657088' lon='-97.12329647677' />
  <node id='75896504' action='modify' timestamp='2009-10-08T11:01:22Z' uid='147510' user='woodpeck_fixbot' visible='true' version='2' changeset='2780909' lat='48.09224811115' lon='-97.12325367175' />
  <node id='75896506' action='modify' timestamp='2009-10-08T11:01:23Z' uid='147510' user='woodpeck_fixbot' visible='true' version='2' changeset='2780909' lat='48.09235408886' lon='-97.12323518742' />
  <node id='75896508' action='modify' timestamp='2009-10-08T11:01:23Z' uid='147510' user='woodpeck_fixbot' visible='true' version='2' changeset='2780909' lat='48.09243917951' lon='-97.12327296589' />
  <node id='75896510' action='modify' timestamp='2009-10-08T11:01:23Z' uid='147510' user='woodpeck_fixbot' visible='true' version='2' changeset='2780909' lat='48.09249835028' lon='-97.12335643929' />
  <node id='75896512' timestamp='2009-10-08T11:01:23Z' uid='147510' user='woodpeck_fixbot' visible='true' version='2' changeset='2780909' lat='48.092581' lon='-97.123532' />
  <node id='75896519' action='modify' timestamp='2009-10-08T11:01:23Z' uid='147510' user='woodpeck_fixbot' visible='true' version='2' changeset='2780909' lat='48.09180490703' lon='-97.11143574049' />
  <node id='75896520' action='modify' timestamp='2009-10-08T11:01:23Z' uid='147510' user='woodpeck_fixbot' visible='true' version='2' changeset='2780909' lat='48.09203779124' lon='-97.11135492094' />
  <node id='75896522' action='modify' timestamp='2009-10-08T11:01:23Z' uid='147510' user='woodpeck_fixbot' visible='true' version='2' changeset='2780909' lat='48.0923150293' lon='-97.11123163862' />
  <node id='75896524' action='modify' timestamp='2009-10-08T11:01:23Z' uid='147510' user='woodpeck_fixbot' visible='true' version='2' changeset='2780909' lat='48.09258167197' lon='-97.11109071772' />
  <node id='75896526' action='modify' timestamp='2009-10-08T11:01:23Z' uid='147510' user='woodpeck_fixbot' visible='true' version='2' changeset='2780909' lat='48.09268230716' lon='-97.11100582814' />
  <node id='75896528' action='modify' timestamp='2009-10-08T11:01:23Z' uid='147510' user='woodpeck_fixbot' visible='true' version='2' changeset='2780909' lat='48.09282689526' lon='-97.11089942952' />
  <node id='75896530' action='modify' timestamp='2009-10-08T11:01:23Z' uid='147510' user='woodpeck_fixbot' visible='true' version='2' changeset='2780909' lat='48.09292716587' lon='-97.11085558725' />
  <node id='75896532' action='modify' timestamp='2009-10-08T11:01:23Z' uid='147510' user='woodpeck_fixbot' visible='true' version='2' changeset='2780909' lat='48.09299665333' lon='-97.11086467823' />
  <node id='75896533' action='modify' timestamp='2009-10-08T11:01:23Z' uid='147510' user='woodpeck_fixbot' visible='true' version='2' changeset='2780909' lat='48.09325645553' lon='-97.11098577546' />
  <node id='75896534' action='modify' timestamp='2009-10-08T11:01:23Z' uid='147510' user='woodpeck_fixbot' visible='true' version='2' changeset='2780909' lat='48.092056' lon='-97.13937882209' />
  <node id='75896535' action='modify' timestamp='2009-10-08T11:01:23Z' uid='147510' user='woodpeck_fixbot' visible='true' version='2' changeset='2780909' lat='48.09283968112' lon='-97.13946281425' />
  <node id='75896538' action='modify' timestamp='2009-10-08T11:01:23Z' uid='147510' user='woodpeck_fixbot' visible='true' version='2' changeset='2780909' lat='48.093023' lon='-97.13950909325' />
  <node id='75896592' timestamp='2009-10-08T11:01:25Z' uid='147510' user='woodpeck_fixbot' visible='true' version='2' changeset='2780909' lat='48.092058' lon='-97.128334' />
  <node id='75896596' action='modify' timestamp='2009-10-08T11:01:25Z' uid='147510' user='woodpeck_fixbot' visible='true' version='2' changeset='2780909' lat='48.09162081974' lon='-97.12836881923' />
  <node id='75896598' action='modify' timestamp='2009-10-08T11:01:25Z' uid='147510' user='woodpeck_fixbot' visible='true' version='2' changeset='2780909' lat='48.09155372936' lon='-97.12841395012' />
  <node id='75896600' action='modify' timestamp='2009-10-08T11:01:25Z' uid='147510' user='woodpeck_fixbot' visible='true' version='2' changeset='2780909' lat='48.09151194356' lon='-97.12850994557' />
  <node id='75896602' action='modify' timestamp='2009-10-08T11:01:25Z' uid='147510' user='woodpeck_fixbot' visible='true' version='2' changeset='2780909' lat='48.09149893209' lon='-97.12871171957' />
  <node id='75896650' action='modify' timestamp='2009-10-08T11:01:26Z' uid='147510' user='woodpeck_fixbot' visible='true' version='2' changeset='2780909' lat='48.09184177182' lon='-97.111733' />
  <node id='75896651' action='modify' timestamp='2009-10-08T11:01:26Z' uid='147510' user='woodpeck_fixbot' visible='true' version='2' changeset='2780909' lat='48.091532' lon='-97.11172437607' />
  <node id='75896652' action='modify' timestamp='2009-10-08T11:01:26Z' uid='147510' user='woodpeck_fixbot' visible='true' version='2' changeset='2780909' lat='48.09107995082' lon='-97.1117440724' />
  <node id='75896654' action='modify' timestamp='2009-10-08T11:01:26Z' uid='147510' user='woodpeck_fixbot' visible='true' version='2' changeset='2780909' lat='48.09096823251' lon='-97.111741833' />
  <node id='75896656' action='modify' timestamp='2009-10-08T11:01:26Z' uid='147510' user='woodpeck_fixbot' visible='true' version='2' changeset='2780909' lat='48.09092935471' lon='-97.11172568221' />
  <node id='75896658' action='modify' timestamp='2009-10-08T11:01:26Z' uid='147510' user='woodpeck_fixbot' visible='true' version='2' changeset='2780909' lat='48.09089752996' lon='-97.11168754822' />
  <node id='75896660' action='modify' timestamp='2009-10-08T11:01:26Z' uid='147510' user='woodpeck_fixbot' visible='true' version='2' changeset='2780909' lat='48.0908669068' lon='-97.11159032945' />
  <node id='75896662' action='modify' timestamp='2009-10-08T11:01:26Z' uid='147510' user='woodpeck_fixbot' visible='true' version='2' changeset='2780909' lat='48.09076632734' lon='-97.11118915179' />
  <node id='75896663' action='modify' timestamp='2009-10-08T11:01:26Z' uid='147510' user='woodpeck_fixbot' visible='true' version='2' changeset='2780909' lat='48.0907537715' lon='-97.11109976686' />
  <node id='75896665' action='modify' timestamp='2009-10-08T11:01:26Z' uid='147510' user='woodpeck_fixbot' visible='true' version='2' changeset='2780909' lat='48.0907405339' lon='-97.11095653067' />
  <node id='75896696' timestamp='2009-10-08T11:01:27Z' uid='147510' user='woodpeck_fixbot' visible='true' version='2' changeset='2780909' lat='48.09063' lon='-97.148673' />
  <node id='75896697' timestamp='2009-10-08T11:01:27Z' uid='147510' user='woodpeck_fixbot' visible='true' version='2' changeset='2780909' lat='48.090672' lon='-97.148492' />
  <node id='75896699' timestamp='2009-10-08T11:01:27Z' uid='147510' user='woodpeck_fixbot' visible='true' version='2' changeset='2780909' lat='48.090725' lon='-97.148362' />
  <node id='75896701' timestamp='2009-10-08T11:01:27Z' uid='147510' user='woodpeck_fixbot' visible='true' version='2' changeset='2780909' lat='48.090804' lon='-97.148196' />
  <node id='75896702' timestamp='2009-10-08T11:01:27Z' uid='147510' user='woodpeck_fixbot' visible='true' version='2' changeset='2780909' lat='48.091025' lon='-97.148127' />
  <node id='75896704' timestamp='2009-10-08T11:01:27Z' uid='147510' user='woodpeck_fixbot' visible='true' version='2' changeset='2780909' lat='48.091233' lon='-97.148089' />
  <node id='75896705' timestamp='2009-10-08T11:01:27Z' uid='147510' user='woodpeck_fixbot' visible='true' version='2' changeset='2780909' lat='48.091318' lon='-97.14804' />
  <node id='75896706' timestamp='2009-10-08T11:01:27Z' uid='147510' user='woodpeck_fixbot' visible='true' version='2' changeset='2780909' lat='48.091368' lon='-97.147966' />
  <node id='75896707' timestamp='2009-10-08T11:01:27Z' uid='147510' user='woodpeck_fixbot' visible='true' version='2' changeset='2780909' lat='48.091403' lon='-97.147812' />
  <node id='75896708' timestamp='2009-10-08T11:01:27Z' uid='147510' user='woodpeck_fixbot' visible='true' version='2' changeset='2780909' lat='48.091415' lon='-97.147694' />
  <node id='75896710' timestamp='2009-10-08T11:01:27Z' uid='147510' user='woodpeck_fixbot' visible='true' version='2' changeset='2780909' lat='48.091431' lon='-97.147612' />
  <node id='75896712' timestamp='2009-10-08T11:01:27Z' uid='147510' user='woodpeck_fixbot' visible='true' version='2' changeset='2780909' lat='48.091463' lon='-97.147519' />
  <node id='75896713' timestamp='2009-10-08T11:01:27Z' uid='147510' user='woodpeck_fixbot' visible='true' version='2' changeset='2780909' lat='48.091568' lon='-97.147459' />
  <node id='75896716' timestamp='2009-10-08T11:01:27Z' uid='147510' user='woodpeck_fixbot' visible='true' version='2' changeset='2780909' lat='48.091656' lon='-97.14739' />
  <node id='75896718' timestamp='2009-10-08T11:01:27Z' uid='147510' user='woodpeck_fixbot' visible='true' version='2' changeset='2780909' lat='48.091844' lon='-97.147148' />
  <node id='75896720' timestamp='2009-10-08T11:01:27Z' uid='147510' user='woodpeck_fixbot' visible='true' version='2' changeset='2780909' lat='48.091941' lon='-97.147047' />
  <node id='75896722' action='modify' timestamp='2009-10-08T11:01:27Z' uid='147510' user='woodpeck_fixbot' visible='true' version='2' changeset='2780909' lat='48.0920677296' lon='-97.147005' />
  <node id='75896890' timestamp='2009-10-08T11:01:31Z' uid='147510' user='woodpeck_fixbot' visible='true' version='2' changeset='2780909' lat='48.153188' lon='-97.14724' />
  <node id='75897196' action='modify' timestamp='2009-10-08T11:01:38Z' uid='147510' user='woodpeck_fixbot' visible='true' version='2' changeset='2780909' lat='48.08465908199' lon='-97.10558909325' />
  <node id='75897198' action='modify' timestamp='2009-10-08T11:01:38Z' uid='147510' user='woodpeck_fixbot' visible='true' version='2' changeset='2780909' lat='48.0846702902' lon='-97.106889' />
  <node id='75897200' action='modify' timestamp='2009-10-08T11:01:38Z' uid='147510' user='woodpeck_fixbot' visible='true' version='2' changeset='2780909' lat='48.08468653988' lon='-97.1087301669' />
  <node id='75897205' action='modify' timestamp='2009-10-08T11:01:38Z' uid='147510' user='woodpeck_fixbot' visible='true' version='2' changeset='2780909' lat='48.0847243865' lon='-97.10904640837' />
  <node id='75897207' action='modify' timestamp='2009-10-08T11:01:38Z' uid='147510' user='woodpeck_fixbot' visible='true' version='2' changeset='2780909' lat='48.08478147376' lon='-97.109170776' />
  <node id='75897209' action='modify' timestamp='2009-10-08T11:01:38Z' uid='147510' user='woodpeck_fixbot' visible='true' version='2' changeset='2780909' lat='48.08515191633' lon='-97.10952300517' />
  <node id='75897211' action='modify' timestamp='2009-10-08T11:01:38Z' uid='147510' user='woodpeck_fixbot' visible='true' version='2' changeset='2780909' lat='48.08546437353' lon='-97.10979774297' />
  <node id='75897426' timestamp='2009-10-08T11:01:43Z' uid='147510' user='woodpeck_fixbot' visible='true' version='2' changeset='2780909' lat='48.146343' lon='-97.147373' />
  <node id='75897449' timestamp='2009-10-08T11:01:43Z' uid='147510' user='woodpeck_fixbot' visible='true' version='2' changeset='2780909' lat='48.147537' lon='-97.14734' />
  <node id='75897892' timestamp='2012-08-27T23:53:17Z' uid='207745' user='NE2' visible='true' version='6' changeset='12886343' lat='48.0743401' lon='-97.1689868'>
    <tag k='highway' v='motorway_junction' />
    <tag k='odbl' v='clean' />
    <tag k='ref' v='152' />
  </node>
  <node id='75897909' timestamp='2012-07-18T22:54:26Z' uid='722137' user='OSMF Redaction Account' visible='true' version='5' changeset='12301101' lat='48.077657' lon='-97.167414' />
  <node id='75899058' timestamp='2009-10-08T11:02:18Z' uid='147510' user='woodpeck_fixbot' visible='true' version='2' changeset='2780909' lat='48.058439' lon='-97.105602' />
  <node id='75899060' timestamp='2009-10-08T11:02:18Z' uid='147510' user='woodpeck_fixbot' visible='true' version='2' changeset='2780909' lat='48.058476' lon='-97.105729' />
  <node id='75899061' timestamp='2009-10-08T11:02:19Z' uid='147510' user='woodpeck_fixbot' visible='true' version='2' changeset='2780909' lat='48.058538' lon='-97.105838' />
  <node id='75899062' timestamp='2009-10-08T11:02:19Z' uid='147510' user='woodpeck_fixbot' visible='true' version='2' changeset='2780909' lat='48.058579' lon='-97.105866' />
  <node id='75899064' timestamp='2009-10-08T11:02:19Z' uid='147510' user='woodpeck_fixbot' visible='true' version='2' changeset='2780909' lat='48.05878' lon='-97.105915' />
  <node id='75899066' timestamp='2009-10-08T11:02:19Z' uid='147510' user='woodpeck_fixbot' visible='true' version='2' changeset='2780909' lat='48.058873' lon='-97.105988' />
  <node id='75899068' timestamp='2009-10-08T11:02:19Z' uid='147510' user='woodpeck_fixbot' visible='true' version='2' changeset='2780909' lat='48.058973' lon='-97.106109' />
  <node id='75899071' timestamp='2009-10-08T11:02:19Z' uid='147510' user='woodpeck_fixbot' visible='true' version='2' changeset='2780909' lat='48.059181' lon='-97.106379' />
  <node id='75899073' timestamp='2009-10-08T11:02:19Z' uid='147510' user='woodpeck_fixbot' visible='true' version='2' changeset='2780909' lat='48.059388' lon='-97.10677' />
  <node id='75899075' timestamp='2009-10-08T11:02:19Z' uid='147510' user='woodpeck_fixbot' visible='true' version='2' changeset='2780909' lat='48.05962' lon='-97.107232' />
  <node id='75899077' timestamp='2009-10-08T11:02:19Z' uid='147510' user='woodpeck_fixbot' visible='true' version='2' changeset='2780909' lat='48.060031' lon='-97.107988' />
  <node id='75899078' timestamp='2009-10-08T11:02:19Z' uid='147510' user='woodpeck_fixbot' visible='true' version='2' changeset='2780909' lat='48.06027' lon='-97.108386' />
  <node id='75899080' timestamp='2009-10-08T11:02:19Z' uid='147510' user='woodpeck_fixbot' visible='true' version='2' changeset='2780909' lat='48.060705' lon='-97.109157' />
  <node id='75899082' timestamp='2009-10-08T11:02:19Z' uid='147510' user='woodpeck_fixbot' visible='true' version='2' changeset='2780909' lat='48.061412' lon='-97.1106' />
  <node id='75899084' timestamp='2009-10-08T11:02:19Z' uid='147510' user='woodpeck_fixbot' visible='true' version='2' changeset='2780909' lat='48.062035' lon='-97.1119' />
  <node id='75899086' timestamp='2009-10-08T11:02:19Z' uid='147510' user='woodpeck_fixbot' visible='true' version='2' changeset='2780909' lat='48.062492' lon='-97.112778' />
  <node id='75899089' timestamp='2009-10-08T11:02:19Z' uid='147510' user='woodpeck_fixbot' visible='true' version='2' changeset='2780909' lat='48.062763' lon='-97.11333' />
  <node id='75899091' timestamp='2009-10-08T11:02:19Z' uid='147510' user='woodpeck_fixbot' visible='true' version='2' changeset='2780909' lat='48.063059' lon='-97.113953' />
  <node id='75899114' timestamp='2009-10-08T11:02:19Z' uid='147510' user='woodpeck_fixbot' visible='true' version='2' changeset='2780909' lat='48.059867' lon='-97.108118' />
  <node id='75899116' timestamp='2009-10-08T11:02:19Z' uid='147510' user='woodpeck_fixbot' visible='true' version='2' changeset='2780909' lat='48.059775' lon='-97.10813' />
  <node id='75899117' timestamp='2009-10-08T11:02:19Z' uid='147510' user='woodpeck_fixbot' visible='true' version='2' changeset='2780909' lat='48.059679' lon='-97.108052' />
  <node id='75899119' timestamp='2009-10-08T11:02:20Z' uid='147510' user='woodpeck_fixbot' visible='true' version='2' changeset='2780909' lat='48.059275' lon='-97.107343' />
  <node id='75899120' timestamp='2009-10-08T11:02:20Z' uid='147510' user='woodpeck_fixbot' visible='true' version='2' changeset='2780909' lat='48.058725' lon='-97.106362' />
  <node id='75899121' timestamp='2009-10-08T11:02:20Z' uid='147510' user='woodpeck_fixbot' visible='true' version='2' changeset='2780909' lat='48.058607' lon='-97.106161' />
  <node id='75899122' timestamp='2009-10-08T11:02:20Z' uid='147510' user='woodpeck_fixbot' visible='true' version='2' changeset='2780909' lat='48.058579' lon='-97.106051' />
  <node id='75901138' timestamp='2009-10-08T11:03:18Z' uid='147510' user='woodpeck_fixbot' visible='true' version='2' changeset='2780909' lat='48.135267' lon='-97.147893' />
  <node id='75901140' timestamp='2009-10-08T11:03:18Z' uid='147510' user='woodpeck_fixbot' visible='true' version='2' changeset='2780909' lat='48.13837' lon='-97.147804' />
  <node id='75901142' timestamp='2009-10-08T11:03:18Z' uid='147510' user='woodpeck_fixbot' visible='true' version='2' changeset='2780909' lat='48.139502' lon='-97.147787' />
  <node id='75901637' timestamp='2009-10-08T11:03:30Z' uid='147510' user='woodpeck_fixbot' visible='true' version='2' changeset='2780909' lat='48.063155' lon='-97.132509' />
  <node id='75901638' timestamp='2009-10-08T11:03:30Z' uid='147510' user='woodpeck_fixbot' visible='true' version='2' changeset='2780909' lat='48.06592' lon='-97.132479' />
  <node id='75901639' timestamp='2009-10-08T11:03:30Z' uid='147510' user='woodpeck_fixbot' visible='true' version='2' changeset='2780909' lat='48.067208' lon='-97.13242' />
  <node id='75901641' timestamp='2009-10-08T11:03:30Z' uid='147510' user='woodpeck_fixbot' visible='true' version='2' changeset='2780909' lat='48.068782' lon='-97.132402' />
  <node id='75901643' timestamp='2009-10-08T11:03:30Z' uid='147510' user='woodpeck_fixbot' visible='true' version='2' changeset='2780909' lat='48.070066' lon='-97.132441' />
  <node id='75901645' timestamp='2009-10-08T11:03:31Z' uid='147510' user='woodpeck_fixbot' visible='true' version='2' changeset='2780909' lat='48.070244' lon='-97.132437' />
  <node id='75909187' action='modify' timestamp='2012-07-18T22:54:19Z' uid='722137' user='OSMF Redaction Account' visible='true' version='5' changeset='12301099' lat='48.07747245564' lon='-97.109784' />
  <node id='75909189' action='modify' timestamp='2009-10-08T11:06:26Z' uid='147510' user='woodpeck_fixbot' visible='true' version='2' changeset='2780909' lat='48.07812088186' lon='-97.10977646904' />
  <node id='75909191' action='modify' timestamp='2009-10-08T11:06:26Z' uid='147510' user='woodpeck_fixbot' visible='true' version='2' changeset='2780909' lat='48.07829342909' lon='-97.10974061768' />
  <node id='75909193' action='modify' timestamp='2009-10-08T11:06:26Z' uid='147510' user='woodpeck_fixbot' visible='true' version='2' changeset='2780909' lat='48.07839436083' lon='-97.10968493253' />
  <node id='75909195' action='modify' timestamp='2009-10-08T11:06:26Z' uid='147510' user='woodpeck_fixbot' visible='true' version='2' changeset='2780909' lat='48.07848981477' lon='-97.10961204477' />
  <node id='75909197' action='modify' timestamp='2009-10-08T11:06:26Z' uid='147510' user='woodpeck_fixbot' visible='true' version='2' changeset='2780909' lat='48.0785582335' lon='-97.10958390168' />
  <node id='75909199' timestamp='2009-10-08T11:06:26Z' uid='147510' user='woodpeck_fixbot' visible='true' version='2' changeset='2780909' lat='48.0787' lon='-97.109559' />
  <node id='75909201' timestamp='2020-08-20T19:18:12Z' uid='214969' user='AndrewBuck' visible='true' version='6' changeset='89708593' lat='48.077605' lon='-97.128032' />
  <node id='75909202' action='modify' timestamp='2020-08-20T19:18:12Z' uid='214969' user='AndrewBuck' visible='true' version='3' changeset='89708593' lat='48.07790610225' lon='-97.12796394626' />
  <node id='75909203' action='modify' timestamp='2020-08-20T19:18:12Z' uid='214969' user='AndrewBuck' visible='true' version='3' changeset='89708593' lat='48.07808163112' lon='-97.1278628893' />
  <node id='75909204' action='modify' timestamp='2020-08-20T19:18:12Z' uid='214969' user='AndrewBuck' visible='true' version='3' changeset='89708593' lat='48.07815106814' lon='-97.12779917941' />
  <node id='75909205' action='modify' timestamp='2020-08-20T19:18:12Z' uid='214969' user='AndrewBuck' visible='true' version='3' changeset='89708593' lat='48.07819946352' lon='-97.12772634802' />
  <node id='75909206' action='modify' timestamp='2020-08-20T19:18:12Z' uid='214969' user='AndrewBuck' visible='true' version='3' changeset='89708593' lat='48.0782355989' lon='-97.12762215601' />
  <node id='75909207' action='modify' timestamp='2020-08-20T19:18:12Z' uid='214969' user='AndrewBuck' visible='true' version='3' changeset='89708593' lat='48.07828607518' lon='-97.12751796894' />
  <node id='75909208' action='modify' timestamp='2020-08-20T19:18:12Z' uid='214969' user='AndrewBuck' visible='true' version='3' changeset='89708593' lat='48.0783495629' lon='-97.1274273108' />
  <node id='75909209' timestamp='2020-08-20T19:18:12Z' uid='214969' user='AndrewBuck' visible='true' version='3' changeset='89708593' lat='48.078399' lon='-97.127378' />
  <node id='75909211' action='modify' timestamp='2020-08-20T19:18:12Z' uid='214969' user='AndrewBuck' visible='true' version='3' changeset='89708593' lat='48.07844461174' lon='-97.12729793293' />
  <node id='75909212' action='modify' timestamp='2020-08-20T19:18:12Z' uid='214969' user='AndrewBuck' visible='true' version='3' changeset='89708593' lat='48.07844755938' lon='-97.12717637046' />
  <node id='75909214' action='modify' timestamp='2020-08-20T19:18:12Z' uid='214969' user='AndrewBuck' visible='true' version='3' changeset='89708593' lat='48.07840697582' lon='-97.12688204663' />
  <node id='75911842' timestamp='2009-10-08T11:07:47Z' uid='147510' user='woodpeck_fixbot' visible='true' version='2' changeset='2780909' lat='48.063395' lon='-97.113425' />
  <node id='75911844' timestamp='2009-10-08T11:07:47Z' uid='147510' user='woodpeck_fixbot' visible='true' version='2' changeset='2780909' lat='48.063468' lon='-97.113485' />
  <node id='75911846' timestamp='2009-10-08T11:07:47Z' uid='147510' user='woodpeck_fixbot' visible='true' version='2' changeset='2780909' lat='48.063533' lon='-97.113556' />
  <node id='75911848' timestamp='2009-10-08T11:07:47Z' uid='147510' user='woodpeck_fixbot' visible='true' version='2' changeset='2780909' lat='48.063679' lon='-97.113872' />
  <node id='75911850' timestamp='2009-10-08T11:07:47Z' uid='147510' user='woodpeck_fixbot' visible='true' version='2' changeset='2780909' lat='48.06395' lon='-97.11529' />
  <node id='75911852' timestamp='2009-10-08T11:07:47Z' uid='147510' user='woodpeck_fixbot' visible='true' version='2' changeset='2780909' lat='48.063994' lon='-97.115601' />
  <node id='75915995' action='delete' timestamp='2009-10-08T11:10:04Z' uid='147510' user='woodpeck_fixbot' visible='true' version='2' changeset='2780909' lat='48.062663' lon='-97.09154' />
  <node id='75915998' timestamp='2009-10-08T11:10:04Z' uid='147510' user='woodpeck_fixbot' visible='true' version='2' changeset='2780909' lat='48.062793' lon='-97.091827' />
  <node id='75916000' timestamp='2009-10-08T11:10:04Z' uid='147510' user='woodpeck_fixbot' visible='true' version='2' changeset='2780909' lat='48.063016' lon='-97.105698' />
  <node id='75916001' timestamp='2009-10-08T11:10:04Z' uid='147510' user='woodpeck_fixbot' visible='true' version='2' changeset='2780909' lat='48.063061' lon='-97.111997' />
  <node id='75916002' timestamp='2009-10-08T11:10:04Z' uid='147510' user='woodpeck_fixbot' visible='true' version='2' changeset='2780909' lat='48.063089' lon='-97.112571' />
  <node id='75916003' timestamp='2009-10-08T11:10:04Z' uid='147510' user='woodpeck_fixbot' visible='true' version='2' changeset='2780909' lat='48.063126' lon='-97.112807' />
  <node id='75916004' timestamp='2009-10-08T11:10:04Z' uid='147510' user='woodpeck_fixbot' visible='true' version='2' changeset='2780909' lat='48.063204' lon='-97.113052' />
  <node id='75916005' timestamp='2009-10-08T11:10:04Z' uid='147510' user='woodpeck_fixbot' visible='true' version='2' changeset='2780909' lat='48.063363' lon='-97.113337' />
  <node id='75916006' timestamp='2009-10-08T11:10:04Z' uid='147510' user='woodpeck_fixbot' visible='true' version='2' changeset='2780909' lat='48.063399' lon='-97.113488' />
  <node id='75916008' timestamp='2020-08-19T16:53:32Z' uid='214969' user='AndrewBuck' visible='true' version='3' changeset='89646201' lat='48.0633649' lon='-97.113554' />
  <node id='75916010' timestamp='2020-08-19T16:53:32Z' uid='214969' user='AndrewBuck' visible='true' version='3' changeset='89646201' lat='48.063159' lon='-97.113755' />
  <node id='75916012' timestamp='2009-10-08T11:10:04Z' uid='147510' user='woodpeck_fixbot' visible='true' version='2' changeset='2780909' lat='48.0631' lon='-97.113815' />
  <node id='75916013' timestamp='2009-10-08T11:10:04Z' uid='147510' user='woodpeck_fixbot' visible='true' version='2' changeset='2780909' lat='48.063083' lon='-97.115521' />
  <node id='75916015' timestamp='2009-10-08T11:10:04Z' uid='147510' user='woodpeck_fixbot' visible='true' version='2' changeset='2780909' lat='48.063106' lon='-97.117953' />
  <node id='75916017' timestamp='2022-10-14T21:43:50Z' uid='1987669' user='Winschu' visible='true' version='3' changeset='127546460' lat='48.0631441' lon='-97.1202848' />
  <node id='75916019' timestamp='2009-10-08T11:10:04Z' uid='147510' user='woodpeck_fixbot' visible='true' version='2' changeset='2780909' lat='48.063148' lon='-97.123264' />
  <node id='75916023' timestamp='2020-06-20T13:22:01Z' uid='141243' user='dpp' visible='true' version='3' changeset='86911189' lat='48.0631915' lon='-97.1270294' />
  <node id='75916026' timestamp='2009-10-08T11:10:05Z' uid='147510' user='woodpeck_fixbot' visible='true' version='2' changeset='2780909' lat='48.063165' lon='-97.129575' />
  <node id='75916028' timestamp='2009-10-08T11:10:05Z' uid='147510' user='woodpeck_fixbot' visible='true' version='2' changeset='2780909' lat='48.063133' lon='-97.148828' />
  <node id='75916030' timestamp='2009-10-08T11:10:05Z' uid='147510' user='woodpeck_fixbot' visible='true' version='2' changeset='2780909' lat='48.063159' lon='-97.162155' />
  <node id='75917583' timestamp='2009-10-08T11:10:51Z' uid='147510' user='woodpeck_fixbot' visible='true' version='2' changeset='2780909' lat='48.084855' lon='-97.168389' />
  <node id='75917586' timestamp='2009-10-08T11:10:51Z' uid='147510' user='woodpeck_fixbot' visible='true' version='2' changeset='2780909' lat='48.084876' lon='-97.168172' />
  <node id='75917588' timestamp='2009-10-08T11:10:51Z' uid='147510' user='woodpeck_fixbot' visible='true' version='2' changeset='2780909' lat='48.084909' lon='-97.16772' />
  <node id='75917590' timestamp='2009-10-08T11:10:51Z' uid='147510' user='woodpeck_fixbot' visible='true' version='2' changeset='2780909' lat='48.084895' lon='-97.165303' />
  <node id='75920070' timestamp='2009-10-08T11:12:28Z' uid='147510' user='woodpeck_fixbot' visible='true' version='2' changeset='2780909' lat='48.163979' lon='-97.147152' />
  <node id='75922031' timestamp='2009-10-08T11:13:15Z' uid='147510' user='woodpeck_fixbot' visible='true' version='2' changeset='2780909' lat='48.106565' lon='-97.126777' />
  <node id='75922033' action='modify' timestamp='2009-10-08T11:13:15Z' uid='147510' user='woodpeck_fixbot' visible='true' version='2' changeset='2780909' lat='48.10655355236' lon='-97.139649' />
  <node id='75922035' action='modify' timestamp='2009-10-08T11:13:15Z' uid='147510' user='woodpeck_fixbot' visible='true' version='2' changeset='2780909' lat='48.10654892547' lon='-97.140891' />
  <node id='75922037' action='modify' timestamp='2009-10-08T11:13:15Z' uid='147510' user='woodpeck_fixbot' visible='true' version='2' changeset='2780909' lat='48.10654514929' lon='-97.143222' />
  <node id='75922039' action='modify' timestamp='2009-10-08T11:13:15Z' uid='147510' user='woodpeck_fixbot' visible='true' version='2' changeset='2780909' lat='48.10654383585' lon='-97.146891' />
  <node id='75922042' action='modify' timestamp='2016-05-02T07:47:40Z' uid='52797' user='hofoen' visible='true' version='3' changeset='39031996' lat='48.1065526717' lon='-97.14864' />
  <node id='75922044' action='modify' timestamp='2016-05-02T07:47:40Z' uid='52797' user='hofoen' visible='true' version='3' changeset='39031996' lat='48.10654869858' lon='-97.1487823' />
  <node id='75922046' action='modify' timestamp='2016-05-02T07:47:40Z' uid='52797' user='hofoen' visible='true' version='3' changeset='39031996' lat='48.10654662099' lon='-97.1490564' />
  <node id='75922048' timestamp='2016-05-02T07:47:40Z' uid='52797' user='hofoen' visible='true' version='3' changeset='39031996' lat='48.106571' lon='-97.1528996' />
  <node id='75922054' timestamp='2016-05-02T07:47:40Z' uid='52797' user='hofoen' visible='true' version='3' changeset='39031996' lat='48.106574' lon='-97.153818' />
  <node id='75922057' timestamp='2016-05-02T07:47:40Z' uid='52797' user='hofoen' visible='true' version='3' changeset='39031996' lat='48.1065572' lon='-97.153927' />
  <node id='75922058' timestamp='2016-05-02T07:47:40Z' uid='52797' user='hofoen' visible='true' version='3' changeset='39031996' lat='48.1065226' lon='-97.1540015' />
  <node id='75922060' timestamp='2016-05-02T07:47:40Z' uid='52797' user='hofoen' visible='true' version='3' changeset='39031996' lat='48.1065973' lon='-97.1582466' />
  <node id='75922063' timestamp='2016-05-02T07:47:40Z' uid='52797' user='hofoen' visible='true' version='3' changeset='39031996' lat='48.1065716' lon='-97.1635251' />
  <node id='75922065' timestamp='2016-05-02T07:47:40Z' uid='52797' user='hofoen' visible='true' version='3' changeset='39031996' lat='48.1056175' lon='-97.1646414' />
  <node id='75922067' timestamp='2016-05-02T07:47:40Z' uid='52797' user='hofoen' visible='true' version='3' changeset='39031996' lat='48.1055261' lon='-97.1654237' />
  <node id='75922068' timestamp='2016-05-02T07:47:40Z' uid='52797' user='hofoen' visible='true' version='3' changeset='39031996' lat='48.1064974' lon='-97.1667808' />
  <node id='75922071' timestamp='2016-05-02T07:47:40Z' uid='52797' user='hofoen' visible='true' version='3' changeset='39031996' lat='48.1065233' lon='-97.1670622' />
  <node id='75928299' timestamp='2009-10-08T11:16:00Z' uid='147510' user='woodpeck_fixbot' visible='true' version='2' changeset='2780909' lat='48.04817' lon='-97.084047' />
  <node id='75928318' timestamp='2020-06-20T13:22:01Z' uid='141243' user='dpp' visible='true' version='3' changeset='86911189' lat='48.0486985' lon='-97.1269818' />
  <node id='75929367' action='modify' timestamp='2009-10-08T11:16:45Z' uid='147510' user='woodpeck_fixbot' visible='true' version='2' changeset='2780909' lat='48.08918125014' lon='-97.10560038773' />
  <node id='75929369' action='modify' timestamp='2009-10-08T11:16:45Z' uid='147510' user='woodpeck_fixbot' visible='true' version='2' changeset='2780909' lat='48.08929398037' lon='-97.1056326317' />
  <node id='75929371' action='modify' timestamp='2009-10-08T11:16:45Z' uid='147510' user='woodpeck_fixbot' visible='true' version='2' changeset='2780909' lat='48.0893600622' lon='-97.10569644106' />
  <node id='75929373' action='modify' timestamp='2009-10-08T11:16:45Z' uid='147510' user='woodpeck_fixbot' visible='true' version='2' changeset='2780909' lat='48.08940941085' lon='-97.10580970623' />
  <node id='75929377' action='modify' timestamp='2009-10-08T11:16:45Z' uid='147510' user='woodpeck_fixbot' visible='true' version='2' changeset='2780909' lat='48.0894803303' lon='-97.10619979063' />
  <node id='75929378' action='modify' timestamp='2009-10-08T11:16:45Z' uid='147510' user='woodpeck_fixbot' visible='true' version='2' changeset='2780909' lat='48.08962431532' lon='-97.10784013071' />
  <node id='75929380' action='modify' timestamp='2009-10-08T11:16:45Z' uid='147510' user='woodpeck_fixbot' visible='true' version='2' changeset='2780909' lat='48.08975842871' lon='-97.1087024476' />
  <node id='75929383' action='modify' timestamp='2009-10-08T11:16:45Z' uid='147510' user='woodpeck_fixbot' visible='true' version='2' changeset='2780909' lat='48.08993299066' lon='-97.10939310175' />
  <node id='75929385' action='modify' timestamp='2009-10-08T11:16:45Z' uid='147510' user='woodpeck_fixbot' visible='true' version='2' changeset='2780909' lat='48.09017262215' lon='-97.11014217985' />
  <node id='75929387' action='modify' timestamp='2009-10-08T11:16:45Z' uid='147510' user='woodpeck_fixbot' visible='true' version='2' changeset='2780909' lat='48.09040192441' lon='-97.11065959577' />
  <node id='75929389' timestamp='2009-10-08T11:16:45Z' uid='147510' user='woodpeck_fixbot' visible='true' version='2' changeset='2780909' lat='48.090545' lon='-97.110814' />
  <node id='75929391' timestamp='2009-10-08T11:16:45Z' uid='147510' user='woodpeck_fixbot' visible='true' version='2' changeset='2780909' lat='48.090826' lon='-97.110996' />
  <node id='75929392' timestamp='2009-10-08T11:16:45Z' uid='147510' user='woodpeck_fixbot' visible='true' version='2' changeset='2780909' lat='48.091507' lon='-97.111242' />
  <node id='75929395' action='modify' timestamp='2009-10-08T11:16:45Z' uid='147510' user='woodpeck_fixbot' visible='true' version='2' changeset='2780909' lat='48.09175593519' lon='-97.11137559046' />
  <node id='75929397' action='modify' timestamp='2009-10-08T11:16:45Z' uid='147510' user='woodpeck_fixbot' visible='true' version='2' changeset='2780909' lat='48.09183029925' lon='-97.11153180454' />
  <node id='75929399' action='modify' timestamp='2009-10-08T11:16:45Z' uid='147510' user='woodpeck_fixbot' visible='true' version='2' changeset='2780909' lat='48.09184731689' lon='-97.11187202867' />
  <node id='75929401' action='modify' timestamp='2009-10-08T11:16:45Z' uid='147510' user='woodpeck_fixbot' visible='true' version='2' changeset='2780909' lat='48.09186356338' lon='-97.113078' />
  <node id='75929403' action='modify' timestamp='2009-10-08T11:16:46Z' uid='147510' user='woodpeck_fixbot' visible='true' version='2' changeset='2780909' lat='48.09191098029' lon='-97.116375' />
  <node id='75929404' action='modify' timestamp='2009-10-08T11:16:46Z' uid='147510' user='woodpeck_fixbot' visible='true' version='2' changeset='2780909' lat='48.09202091838' lon='-97.125033' />
  <node id='75929406' timestamp='2009-10-08T11:16:46Z' uid='147510' user='woodpeck_fixbot' visible='true' version='2' changeset='2780909' lat='48.092052' lon='-97.126802' />
  <node id='75929408' action='modify' timestamp='2009-10-08T11:16:46Z' uid='147510' user='woodpeck_fixbot' visible='true' version='2' changeset='2780909' lat='48.09205952114' lon='-97.130005' />
  <node id='75929410' action='modify' timestamp='2009-10-08T11:16:46Z' uid='147510' user='woodpeck_fixbot' visible='true' version='2' changeset='2780909' lat='48.09205952114' lon='-97.130239' />
  <node id='75929413' action='modify' timestamp='2009-10-08T11:16:46Z' uid='147510' user='woodpeck_fixbot' visible='true' version='2' changeset='2780909' lat='48.09205952114' lon='-97.133848' />
  <node id='75929415' action='modify' timestamp='2009-10-08T11:16:46Z' uid='147510' user='woodpeck_fixbot' visible='true' version='2' changeset='2780909' lat='48.0920611888' lon='-97.137128' />
  <node id='75929417' timestamp='2009-10-08T11:16:46Z' uid='147510' user='woodpeck_fixbot' visible='true' version='2' changeset='2780909' lat='48.092054' lon='-97.139565' />
  <node id='75929419' action='modify' timestamp='2020-08-20T19:18:12Z' uid='214969' user='AndrewBuck' visible='true' version='3' changeset='89708593' lat='48.0920653296' lon='-97.1461319' />
  <node id='75929421' timestamp='2009-10-08T11:16:46Z' uid='147510' user='woodpeck_fixbot' visible='true' version='2' changeset='2780909' lat='48.092077' lon='-97.148643' />
  <node id='75929423' timestamp='2009-10-08T11:16:46Z' uid='147510' user='woodpeck_fixbot' visible='true' version='2' changeset='2780909' lat='48.092084' lon='-97.153934' />
  <node id='75929425' timestamp='2009-10-08T11:16:46Z' uid='147510' user='woodpeck_fixbot' visible='true' version='2' changeset='2780909' lat='48.092091' lon='-97.159702' />
  <node id='75929428' timestamp='2009-10-08T11:16:46Z' uid='147510' user='woodpeck_fixbot' visible='true' version='2' changeset='2780909' lat='48.092107' lon='-97.163056' />
  <node id='75929429' timestamp='2009-10-08T11:16:46Z' uid='147510' user='woodpeck_fixbot' visible='true' version='2' changeset='2780909' lat='48.092102' lon='-97.165332' />
  <node id='75929430' timestamp='2009-10-08T11:16:46Z' uid='147510' user='woodpeck_fixbot' visible='true' version='2' changeset='2780909' lat='48.092123' lon='-97.169516' />
  <node id='75933057' action='modify' timestamp='2009-10-08T11:18:21Z' uid='147510' user='woodpeck_fixbot' visible='true' version='2' changeset='2780909' lat='48.07744922958' lon='-97.10574270626' />
  <node id='75933059' action='modify' timestamp='2009-10-08T11:18:21Z' uid='147510' user='woodpeck_fixbot' visible='true' version='2' changeset='2780909' lat='48.07748519603' lon='-97.10569458225' />
  <node id='75933061' action='modify' timestamp='2009-10-08T11:18:21Z' uid='147510' user='woodpeck_fixbot' visible='true' version='2' changeset='2780909' lat='48.07758340397' lon='-97.10566171986' />
  <node id='75933065' action='modify' timestamp='2009-10-08T11:18:21Z' uid='147510' user='woodpeck_fixbot' visible='true' version='2' changeset='2780909' lat='48.08911981279' lon='-97.10559043436' />
  <node id='75933092' timestamp='2009-10-08T11:18:22Z' uid='147510' user='woodpeck_fixbot' visible='true' version='2' changeset='2780909' lat='48.059271' lon='-97.105618' />
  <node id='75933094' timestamp='2009-10-08T11:18:22Z' uid='147510' user='woodpeck_fixbot' visible='true' version='2' changeset='2780909' lat='48.061281' lon='-97.105656' />
  <node id='75933096' timestamp='2009-10-08T11:18:22Z' uid='147510' user='woodpeck_fixbot' visible='true' version='2' changeset='2780909' lat='48.062491' lon='-97.105702' />
  <node id='75933098' timestamp='2009-10-08T11:18:22Z' uid='147510' user='woodpeck_fixbot' visible='true' version='2' changeset='2780909' lat='48.062672' lon='-97.105696' />
  <node id='75933099' timestamp='2009-10-08T11:18:22Z' uid='147510' user='woodpeck_fixbot' visible='true' version='2' changeset='2780909' lat='48.065448' lon='-97.105714' />
  <node id='75933101' timestamp='2009-10-08T11:18:22Z' uid='147510' user='woodpeck_fixbot' visible='true' version='2' changeset='2780909' lat='48.067562' lon='-97.105708' />
  <node id='75933104' timestamp='2009-10-08T11:18:22Z' uid='147510' user='woodpeck_fixbot' visible='true' version='2' changeset='2780909' lat='48.068867' lon='-97.105713' />
  <node id='75933107' timestamp='2009-10-08T11:18:22Z' uid='147510' user='woodpeck_fixbot' visible='true' version='2' changeset='2780909' lat='48.069135' lon='-97.105732' />
  <node id='75933109' timestamp='2009-10-08T11:18:22Z' uid='147510' user='woodpeck_fixbot' visible='true' version='2' changeset='2780909' lat='48.0693' lon='-97.105785' />
  <node id='75933111' timestamp='2009-10-08T11:18:22Z' uid='147510' user='woodpeck_fixbot' visible='true' version='2' changeset='2780909' lat='48.06967' lon='-97.106059' />
  <node id='75933113' timestamp='2009-10-08T11:18:23Z' uid='147510' user='woodpeck_fixbot' visible='true' version='2' changeset='2780909' lat='48.069832' lon='-97.106275' />
  <node id='75933116' timestamp='2009-10-08T11:18:23Z' uid='147510' user='woodpeck_fixbot' visible='true' version='2' changeset='2780909' lat='48.069929' lon='-97.106433' />
  <node id='75933118' timestamp='2009-10-08T11:18:23Z' uid='147510' user='woodpeck_fixbot' visible='true' version='2' changeset='2780909' lat='48.070045' lon='-97.106684' />
  <node id='75933120' timestamp='2009-10-08T11:18:23Z' uid='147510' user='woodpeck_fixbot' visible='true' version='2' changeset='2780909' lat='48.070132' lon='-97.10694' />
  <node id='75933121' timestamp='2009-10-08T11:18:23Z' uid='147510' user='woodpeck_fixbot' visible='true' version='2' changeset='2780909' lat='48.070222' lon='-97.107353' />
  <node id='75933123' timestamp='2009-10-08T11:18:23Z' uid='147510' user='woodpeck_fixbot' visible='true' version='2' changeset='2780909' lat='48.070253' lon='-97.108028' />
  <node id='75933125' timestamp='2009-10-08T11:18:23Z' uid='147510' user='woodpeck_fixbot' visible='true' version='2' changeset='2780909' lat='48.070269' lon='-97.109194' />
  <node id='75933126' timestamp='2009-10-08T11:18:23Z' uid='147510' user='woodpeck_fixbot' visible='true' version='2' changeset='2780909' lat='48.070296' lon='-97.109498' />
  <node id='75933127' timestamp='2009-10-08T11:18:23Z' uid='147510' user='woodpeck_fixbot' visible='true' version='2' changeset='2780909' lat='48.070371' lon='-97.109758' />
  <node id='75933128' timestamp='2009-10-08T11:18:23Z' uid='147510' user='woodpeck_fixbot' visible='true' version='2' changeset='2780909' lat='48.070427' lon='-97.109983' />
  <node id='75933129' timestamp='2009-10-08T11:18:23Z' uid='147510' user='woodpeck_fixbot' visible='true' version='2' changeset='2780909' lat='48.070553' lon='-97.110255' />
  <node id='75933131' timestamp='2009-10-08T11:18:23Z' uid='147510' user='woodpeck_fixbot' visible='true' version='2' changeset='2780909' lat='48.070685' lon='-97.110466' />
  <node id='75933132' timestamp='2009-10-08T11:18:23Z' uid='147510' user='woodpeck_fixbot' visible='true' version='2' changeset='2780909' lat='48.070954' lon='-97.110754' />
  <node id='75933134' timestamp='2009-10-08T11:18:23Z' uid='147510' user='woodpeck_fixbot' visible='true' version='2' changeset='2780909' lat='48.071117' lon='-97.110872' />
  <node id='75933135' timestamp='2009-10-08T11:18:23Z' uid='147510' user='woodpeck_fixbot' visible='true' version='2' changeset='2780909' lat='48.071356' lon='-97.110956' />
  <node id='75933136' action='modify' timestamp='2009-10-08T11:18:23Z' uid='147510' user='woodpeck_fixbot' visible='true' version='2' changeset='2780909' lat='48.07163917592' lon='-97.11100097179' />
  <node id='75933137' action='modify' timestamp='2009-10-08T11:18:24Z' uid='147510' user='woodpeck_fixbot' visible='true' version='2' changeset='2780909' lat='48.076107' lon='-97.11096929448' />
  <node id='75933139' action='modify' timestamp='2012-07-18T22:54:19Z' uid='722137' user='OSMF Redaction Account' visible='true' version='5' changeset='12301099' lat='48.0774812477' lon='-97.11095090675' />
  <node id='75933882' timestamp='2009-10-08T11:19:00Z' uid='147510' user='woodpeck_fixbot' visible='true' version='2' changeset='2780909' lat='48.06224' lon='-97.127026' />
  <node id='75933884' timestamp='2009-10-08T11:19:00Z' uid='147510' user='woodpeck_fixbot' visible='true' version='2' changeset='2780909' lat='48.065406' lon='-97.127006' />
  <node id='75933886' timestamp='2020-06-20T13:22:01Z' uid='141243' user='dpp' visible='true' version='3' changeset='86911189' lat='48.067985' lon='-97.1269933' />
  <node id='75933888' timestamp='2020-06-20T13:22:01Z' uid='141243' user='dpp' visible='true' version='3' changeset='86911189' lat='48.0682212' lon='-97.1269897' />
  <node id='75933890' timestamp='2009-10-08T11:19:00Z' uid='147510' user='woodpeck_fixbot' visible='true' version='2' changeset='2780909' lat='48.077304' lon='-97.126911' />
  <node id='75933892' timestamp='2012-07-18T22:54:25Z' uid='722137' user='OSMF Redaction Account' visible='true' version='5' changeset='12301101' lat='48.077604' lon='-97.126901' />
  <node id='75933894' action='modify' timestamp='2009-10-08T11:19:00Z' uid='147510' user='woodpeck_fixbot' visible='true' version='2' changeset='2780909' lat='48.078556' lon='-97.12687704663' />
  <node id='75933896' timestamp='2009-10-08T11:19:00Z' uid='147510' user='woodpeck_fixbot' visible='true' version='2' changeset='2780909' lat='48.09372' lon='-97.126793' />
  <node id='75933898' action='modify' timestamp='2009-10-08T11:19:00Z' uid='147510' user='woodpeck_fixbot' visible='true' version='2' changeset='2780909' lat='48.095131' lon='-97.12679022454' />
  <node id='75933900' action='modify' timestamp='2009-10-08T11:19:00Z' uid='147510' user='woodpeck_fixbot' visible='true' version='2' changeset='2780909' lat='48.096551' lon='-97.12678795337' />
  <node id='75933902' action='modify' timestamp='2009-10-08T11:19:00Z' uid='147510' user='woodpeck_fixbot' visible='true' version='2' changeset='2780909' lat='48.099024' lon='-97.12678417791' />
  <node id='75933904' timestamp='2009-10-08T11:19:00Z' uid='147510' user='woodpeck_fixbot' visible='true' version='2' changeset='2780909' lat='48.100562' lon='-97.126784' />
  <node id='75933906' action='modify' timestamp='2009-10-08T11:19:00Z' uid='147510' user='woodpeck_fixbot' visible='true' version='2' changeset='2780909' lat='48.101832' lon='-97.12677822454' />
  <node id='75933908' action='modify' timestamp='2009-10-08T11:19:00Z' uid='147510' user='woodpeck_fixbot' visible='true' version='2' changeset='2780909' lat='48.10464402337' lon='-97.12678213988' />
  <node id='75933909' timestamp='2009-10-08T11:19:00Z' uid='147510' user='woodpeck_fixbot' visible='true' version='2' changeset='2780909' lat='48.112878' lon='-97.126786' />
  <node id='75933911' timestamp='2009-10-08T11:19:00Z' uid='147510' user='woodpeck_fixbot' visible='true' version='2' changeset='2780909' lat='48.114196' lon='-97.126759' />
  <node id='75933913' timestamp='2009-10-08T11:19:00Z' uid='147510' user='woodpeck_fixbot' visible='true' version='2' changeset='2780909' lat='48.114896' lon='-97.126779' />
  <node id='75933915' timestamp='2009-10-08T11:19:01Z' uid='147510' user='woodpeck_fixbot' visible='true' version='2' changeset='2780909' lat='48.116731' lon='-97.126776' />
  <node id='75933918' timestamp='2009-10-08T11:19:01Z' uid='147510' user='woodpeck_fixbot' visible='true' version='2' changeset='2780909' lat='48.117788' lon='-97.12679' />
  <node id='75933920' action='modify' timestamp='2009-10-08T11:19:01Z' uid='147510' user='woodpeck_fixbot' visible='true' version='2' changeset='2780909' lat='48.11939441047' lon='-97.12679349507' />
  <node id='75933922' action='modify' timestamp='2009-10-08T11:19:01Z' uid='147510' user='woodpeck_fixbot' visible='true' version='2' changeset='2780909' lat='48.1196168027' lon='-97.12682124019' />
  <node id='75933924' timestamp='2009-10-08T11:19:01Z' uid='147510' user='woodpeck_fixbot' visible='true' version='2' changeset='2780909' lat='48.119742' lon='-97.126853' />
  <node id='75933925' timestamp='2009-10-08T11:19:01Z' uid='147510' user='woodpeck_fixbot' visible='true' version='2' changeset='2780909' lat='48.11995' lon='-97.12693' />
  <node id='75933927' timestamp='2009-10-08T11:19:01Z' uid='147510' user='woodpeck_fixbot' visible='true' version='2' changeset='2780909' lat='48.1201' lon='-97.127019' />
  <node id='75933929' action='modify' timestamp='2009-10-08T11:19:01Z' uid='147510' user='woodpeck_fixbot' visible='true' version='2' changeset='2780909' lat='48.12029827522' lon='-97.12719108558' />
  <node id='75933931' timestamp='2009-10-08T11:19:01Z' uid='147510' user='woodpeck_fixbot' visible='true' version='2' changeset='2780909' lat='48.12051' lon='-97.127437' />
  <node id='75933933' action='modify' timestamp='2009-10-08T11:19:01Z' uid='147510' user='woodpeck_fixbot' visible='true' version='2' changeset='2780909' lat='48.12063502271' lon='-97.1276203041' />
  <node id='75933936' action='modify' timestamp='2009-10-08T11:19:01Z' uid='147510' user='woodpeck_fixbot' visible='true' version='2' changeset='2780909' lat='48.12076759125' lon='-97.12786698528' />
  <node id='75933938' action='modify' timestamp='2009-10-08T11:19:01Z' uid='147510' user='woodpeck_fixbot' visible='true' version='2' changeset='2780909' lat='48.12084855776' lon='-97.12806181321' />
  <node id='75933940' timestamp='2009-10-08T11:19:01Z' uid='147510' user='woodpeck_fixbot' visible='true' version='2' changeset='2780909' lat='48.120901' lon='-97.128229' />
  <node id='75939681' timestamp='2009-10-08T11:21:24Z' uid='147510' user='woodpeck_fixbot' visible='true' version='2' changeset='2780909' lat='48.049545' lon='-97.083937' />
  <node id='75939684' timestamp='2009-10-08T11:21:24Z' uid='147510' user='woodpeck_fixbot' visible='true' version='2' changeset='2780909' lat='48.054745' lon='-97.083873' />
  <node id='75939686' timestamp='2009-10-08T11:21:24Z' uid='147510' user='woodpeck_fixbot' visible='true' version='2' changeset='2780909' lat='48.055043' lon='-97.084008' />
  <node id='75939688' timestamp='2009-10-08T11:21:24Z' uid='147510' user='woodpeck_fixbot' visible='true' version='2' changeset='2780909' lat='48.055594' lon='-97.084855' />
  <node id='75939689' timestamp='2009-10-08T11:21:24Z' uid='147510' user='woodpeck_fixbot' visible='true' version='2' changeset='2780909' lat='48.055778' lon='-97.085397' />
  <node id='75939690' timestamp='2009-10-08T11:21:24Z' uid='147510' user='woodpeck_fixbot' visible='true' version='2' changeset='2780909' lat='48.056466' lon='-97.086652' />
  <node id='75939691' timestamp='2009-10-08T11:21:24Z' uid='147510' user='woodpeck_fixbot' visible='true' version='2' changeset='2780909' lat='48.056925' lon='-97.087907' />
  <node id='75939693' timestamp='2009-10-08T11:21:24Z' uid='147510' user='woodpeck_fixbot' visible='true' version='2' changeset='2780909' lat='48.057132' lon='-97.088178' />
  <node id='75939696' timestamp='2009-10-08T11:21:24Z' uid='147510' user='woodpeck_fixbot' visible='true' version='2' changeset='2780909' lat='48.057682' lon='-97.088481' />
  <node id='75939697' timestamp='2009-10-08T11:21:24Z' uid='147510' user='woodpeck_fixbot' visible='true' version='2' changeset='2780909' lat='48.058003' lon='-97.088956' />
  <node id='75939699' timestamp='2009-10-08T11:21:25Z' uid='147510' user='woodpeck_fixbot' visible='true' version='2' changeset='2780909' lat='48.058256' lon='-97.089668' />
  <node id='75939701' timestamp='2009-10-08T11:21:25Z' uid='147510' user='woodpeck_fixbot' visible='true' version='2' changeset='2780909' lat='48.058531' lon='-97.089939' />
  <node id='75939703' action='delete' timestamp='2009-10-08T11:21:25Z' uid='147510' user='woodpeck_fixbot' visible='true' version='2' changeset='2780909' lat='48.059194' lon='-97.09014' />
  <node id='75939705' action='delete' timestamp='2009-10-08T11:21:25Z' uid='147510' user='woodpeck_fixbot' visible='true' version='2' changeset='2780909' lat='48.059699' lon='-97.090546' />
  <node id='75939707' action='delete' timestamp='2009-10-08T11:21:25Z' uid='147510' user='woodpeck_fixbot' visible='true' version='2' changeset='2780909' lat='48.060157' lon='-97.090645' />
  <node id='75939709' action='delete' timestamp='2009-10-08T11:21:25Z' uid='147510' user='woodpeck_fixbot' visible='true' version='2' changeset='2780909' lat='48.061761' lon='-97.090636' />
  <node id='75939710' action='delete' timestamp='2009-10-08T11:21:25Z' uid='147510' user='woodpeck_fixbot' visible='true' version='2' changeset='2780909' lat='48.062194' lon='-97.090952' />
  <node id='75939711' action='delete' timestamp='2009-10-08T11:21:25Z' uid='147510' user='woodpeck_fixbot' visible='true' version='2' changeset='2780909' lat='48.062494' lon='-97.091177' />
  <node id='75941430' timestamp='2010-12-10T15:25:58Z' uid='28378' user='PHerison' visible='true' version='3' changeset='6606350' lat='48.0244495' lon='-97.129332' />
  <node id='75941433' timestamp='2012-07-23T05:05:18Z' uid='239998' user='Sundance' visible='true' version='3' changeset='12444210' lat='48.0344663' lon='-97.1381941' />
  <node id='75941438' timestamp='2012-10-30T04:16:08Z' uid='502142' user='Mulad' visible='true' version='3' changeset='13682080' lat='48.0487158' lon='-97.150786' />
  <node id='75941446' timestamp='2009-10-08T11:22:03Z' uid='147510' user='woodpeck_fixbot' visible='true' version='2' changeset='2780909' lat='48.063162' lon='-97.163573' />
  <node id='75941449' timestamp='2010-12-10T15:24:39Z' uid='28378' user='PHerison' visible='true' version='3' changeset='6606350' lat='48.0645729' lon='-97.1647929' />
  <node id='75941453' timestamp='2010-12-10T15:22:17Z' uid='28378' user='PHerison' visible='true' version='3' changeset='6606350' lat='48.0660226' lon='-97.1660778' />
  <node id='75941456' timestamp='2009-10-08T11:22:03Z' uid='147510' user='woodpeck_fixbot' visible='true' version='2' changeset='2780909' lat='48.06697' lon='-97.166854' />
  <node id='75941458' timestamp='2010-12-10T15:22:22Z' uid='28378' user='PHerison' visible='true' version='3' changeset='6606350' lat='48.0676082' lon='-97.1673334' />
  <node id='75941461' timestamp='2010-12-10T15:26:00Z' uid='28378' user='PHerison' visible='true' version='3' changeset='6606350' lat='48.0683292' lon='-97.1677944' />
  <node id='75941462' timestamp='2010-12-10T15:24:15Z' uid='28378' user='PHerison' visible='true' version='3' changeset='6606350' lat='48.0693806' lon='-97.1683388' />
  <node id='75941465' timestamp='2009-10-08T11:22:04Z' uid='147510' user='woodpeck_fixbot' visible='true' version='2' changeset='2780909' lat='48.070366' lon='-97.168753' />
  <node id='75941466' timestamp='2010-12-10T15:21:48Z' uid='28378' user='PHerison' visible='true' version='3' changeset='6606350' lat='48.0713781' lon='-97.1690908' />
  <node id='75941469' timestamp='2010-12-10T15:25:28Z' uid='28378' user='PHerison' visible='true' version='3' changeset='6606350' lat='48.0721789' lon='-97.1692648' />
  <node id='75941470' timestamp='2010-12-10T15:23:31Z' uid='28378' user='PHerison' visible='true' version='3' changeset='6606350' lat='48.0729477' lon='-97.1693965' />
  <node id='75941473' timestamp='2012-10-30T04:05:24Z' uid='502142' user='Mulad' visible='true' version='4' changeset='13682034' lat='48.0741655' lon='-97.1694609' />
  <node id='75941974' timestamp='2009-10-08T11:22:17Z' uid='147510' user='woodpeck_fixbot' visible='true' version='2' changeset='2780909' lat='48.072997' lon='-97.168953' />
  <node id='75941976' timestamp='2010-12-10T15:25:27Z' uid='28378' user='PHerison' visible='true' version='3' changeset='6606350' lat='48.0714105' lon='-97.1686377' />
  <node id='75941977' timestamp='2010-12-10T15:23:29Z' uid='28378' user='PHerison' visible='true' version='3' changeset='6606350' lat='48.0704408' lon='-97.168318' />
  <node id='75941979' timestamp='2010-12-10T15:24:19Z' uid='28378' user='PHerison' visible='true' version='3' changeset='6606350' lat='48.0694722' lon='-97.167927' />
  <node id='75941981' timestamp='2009-10-08T11:22:17Z' uid='147510' user='woodpeck_fixbot' visible='true' version='2' changeset='2780909' lat='48.068444' lon='-97.167366' />
  <node id='75941983' timestamp='2009-10-08T11:22:17Z' uid='147510' user='woodpeck_fixbot' visible='true' version='2' changeset='2780909' lat='48.067188' lon='-97.166538' />
  <node id='75941985' timestamp='2010-12-10T15:23:43Z' uid='28378' user='PHerison' visible='true' version='3' changeset='6606350' lat='48.0661194' lon='-97.1656615' />
  <node id='75941987' timestamp='2010-12-10T15:24:31Z' uid='28378' user='PHerison' visible='true' version='3' changeset='6606350' lat='48.0647166' lon='-97.1644102' />
  <node id='75941989' timestamp='2009-10-08T11:22:17Z' uid='147510' user='woodpeck_fixbot' visible='true' version='2' changeset='2780909' lat='48.063159' lon='-97.163036' />
  <node id='75941996' timestamp='2012-10-30T04:16:08Z' uid='502142' user='Mulad' visible='true' version='3' changeset='13682080' lat='48.0487045' lon='-97.1502783' />
  <node id='75941999' timestamp='2012-07-23T05:05:18Z' uid='239998' user='Sundance' visible='true' version='3' changeset='12444210' lat='48.034637' lon='-97.1377945' />
  <node id='75942002' timestamp='2010-12-10T15:25:22Z' uid='28378' user='PHerison' visible='true' version='3' changeset='6606350' lat='48.0247323' lon='-97.129079' />
  <node id='75948933' timestamp='2009-10-08T11:25:14Z' uid='147510' user='woodpeck_fixbot' visible='true' version='2' changeset='2780909' lat='48.071964' lon='-97.168143' />
  <node id='75948934' timestamp='2009-10-08T11:25:14Z' uid='147510' user='woodpeck_fixbot' visible='true' version='2' changeset='2780909' lat='48.071969' lon='-97.164506' />
  <node id='75948935' timestamp='2009-10-08T11:25:14Z' uid='147510' user='woodpeck_fixbot' visible='true' version='2' changeset='2780909' lat='48.071947' lon='-97.164156' />
  <node id='75948937' timestamp='2009-10-08T11:25:14Z' uid='147510' user='woodpeck_fixbot' visible='true' version='2' changeset='2780909' lat='48.071925' lon='-97.164084' />
  <node id='75948940' timestamp='2009-10-08T11:25:14Z' uid='147510' user='woodpeck_fixbot' visible='true' version='2' changeset='2780909' lat='48.071884' lon='-97.164003' />
  <node id='75948941' timestamp='2009-10-08T11:25:14Z' uid='147510' user='woodpeck_fixbot' visible='true' version='2' changeset='2780909' lat='48.071834' lon='-97.163975' />
  <node id='75948943' timestamp='2009-10-08T11:25:14Z' uid='147510' user='woodpeck_fixbot' visible='true' version='2' changeset='2780909' lat='48.071199' lon='-97.163952' />
  <node id='75948945' timestamp='2009-10-08T11:25:15Z' uid='147510' user='woodpeck_fixbot' visible='true' version='2' changeset='2780909' lat='48.071122' lon='-97.16397' />
  <node id='75948947' timestamp='2009-10-08T11:25:15Z' uid='147510' user='woodpeck_fixbot' visible='true' version='2' changeset='2780909' lat='48.071078' lon='-97.164005' />
  <node id='75948949' timestamp='2009-10-08T11:25:15Z' uid='147510' user='woodpeck_fixbot' visible='true' version='2' changeset='2780909' lat='48.071033' lon='-97.164109' />
  <node id='75948951' timestamp='2009-10-08T11:25:15Z' uid='147510' user='woodpeck_fixbot' visible='true' version='2' changeset='2780909' lat='48.071017' lon='-97.164237' />
  <node id='75948954' timestamp='2009-10-08T11:25:15Z' uid='147510' user='woodpeck_fixbot' visible='true' version='2' changeset='2780909' lat='48.071017' lon='-97.164352' />
  <node id='75950737' timestamp='2012-07-18T22:54:26Z' uid='722137' user='OSMF Redaction Account' visible='true' version='5' changeset='12301101' lat='48.077654' lon='-97.16645' />
  <node id='75950741' timestamp='2012-07-18T22:54:25Z' uid='722137' user='OSMF Redaction Account' visible='true' version='5' changeset='12301101' lat='48.077618' lon='-97.14877' />
  <node id='75955081' timestamp='2009-10-08T11:28:00Z' uid='147510' user='woodpeck_fixbot' visible='true' version='2' changeset='2780909' lat='48.120935' lon='-97.12835' />
  <node id='75955083' action='modify' timestamp='2009-10-08T11:28:00Z' uid='147510' user='woodpeck_fixbot' visible='true' version='2' changeset='2780909' lat='48.12098272457' lon='-97.1286029964' />
  <node id='75955085' action='modify' timestamp='2009-10-08T11:28:00Z' uid='147510' user='woodpeck_fixbot' visible='true' version='2' changeset='2780909' lat='48.12102418689' lon='-97.12909698043' />
  <node id='75955088' timestamp='2009-10-08T11:28:00Z' uid='147510' user='woodpeck_fixbot' visible='true' version='2' changeset='2780909' lat='48.121018' lon='-97.130138' />
  <node id='75955090' timestamp='2009-10-08T11:28:00Z' uid='147510' user='woodpeck_fixbot' visible='true' version='2' changeset='2780909' lat='48.120975' lon='-97.13327' />
  <node id='75955092' timestamp='2009-10-08T11:28:00Z' uid='147510' user='woodpeck_fixbot' visible='true' version='2' changeset='2780909' lat='48.120937' lon='-97.138217' />
  <node id='75955093' timestamp='2009-10-08T11:28:00Z' uid='147510' user='woodpeck_fixbot' visible='true' version='2' changeset='2780909' lat='48.120921' lon='-97.141169' />
  <node id='75955095' timestamp='2009-10-08T11:28:00Z' uid='147510' user='woodpeck_fixbot' visible='true' version='2' changeset='2780909' lat='48.120895' lon='-97.143741' />
  <node id='75955097' timestamp='2009-10-08T11:28:00Z' uid='147510' user='woodpeck_fixbot' visible='true' version='2' changeset='2780909' lat='48.120867' lon='-97.147024' />
  <node id='75955100' timestamp='2009-10-08T11:28:01Z' uid='147510' user='woodpeck_fixbot' visible='true' version='2' changeset='2780909' lat='48.120868' lon='-97.148195' />
  <node id='75955102' timestamp='2009-10-08T11:28:01Z' uid='147510' user='woodpeck_fixbot' visible='true' version='2' changeset='2780909' lat='48.120868' lon='-97.149419' />
  <node id='75955105' timestamp='2009-10-08T11:28:01Z' uid='147510' user='woodpeck_fixbot' visible='true' version='2' changeset='2780909' lat='48.120847' lon='-97.152037' />
  <node id='75955107' timestamp='2009-10-08T11:28:01Z' uid='147510' user='woodpeck_fixbot' visible='true' version='2' changeset='2780909' lat='48.120844' lon='-97.154063' />
  <node id='75955109' timestamp='2009-10-08T11:28:01Z' uid='147510' user='woodpeck_fixbot' visible='true' version='2' changeset='2780909' lat='48.120837' lon='-97.155057' />
  <node id='75955111' timestamp='2009-10-08T11:28:01Z' uid='147510' user='woodpeck_fixbot' visible='true' version='2' changeset='2780909' lat='48.120826' lon='-97.156453' />
  <node id='75955113' timestamp='2009-10-08T11:28:01Z' uid='147510' user='woodpeck_fixbot' visible='true' version='2' changeset='2780909' lat='48.120875' lon='-97.162927' />
  <node id='75955115' timestamp='2009-10-08T11:28:01Z' uid='147510' user='woodpeck_fixbot' visible='true' version='2' changeset='2780909' lat='48.120861' lon='-97.168474' />
  <node id='75955117' timestamp='2009-10-08T11:28:01Z' uid='147510' user='woodpeck_fixbot' visible='true' version='2' changeset='2780909' lat='48.120867' lon='-97.169909' />
  <node id='75955119' timestamp='2009-10-08T11:28:01Z' uid='147510' user='woodpeck_fixbot' visible='true' version='2' changeset='2780909' lat='48.120869' lon='-97.170349' />
  <node id='75955121' timestamp='2009-10-08T11:28:01Z' uid='147510' user='woodpeck_fixbot' visible='true' version='2' changeset='2780909' lat='48.120889' lon='-97.171161' />
  <node id='75955124' timestamp='2009-10-08T11:28:01Z' uid='147510' user='woodpeck_fixbot' visible='true' version='2' changeset='2780909' lat='48.120909' lon='-97.171515' />
  <node id='75955126' timestamp='2009-10-08T11:28:01Z' uid='147510' user='woodpeck_fixbot' visible='true' version='2' changeset='2780909' lat='48.120941' lon='-97.171736' />
  <node id='75955128' timestamp='2009-10-08T11:28:01Z' uid='147510' user='woodpeck_fixbot' visible='true' version='2' changeset='2780909' lat='48.120999' lon='-97.172015' />
  <node id='75955130' timestamp='2009-10-08T11:28:01Z' uid='147510' user='woodpeck_fixbot' visible='true' version='2' changeset='2780909' lat='48.121263' lon='-97.172769' />
  <node id='75955132' timestamp='2009-10-08T11:28:01Z' uid='147510' user='woodpeck_fixbot' visible='true' version='2' changeset='2780909' lat='48.121575' lon='-97.173536' />
  <node id='75955134' timestamp='2009-10-08T11:28:01Z' uid='147510' user='woodpeck_fixbot' visible='true' version='2' changeset='2780909' lat='48.121676' lon='-97.173834' />
  <node id='75955136' timestamp='2009-10-08T11:28:02Z' uid='147510' user='woodpeck_fixbot' visible='true' version='2' changeset='2780909' lat='48.121709' lon='-97.174146' />
  <node id='75955138' timestamp='2009-10-08T11:28:02Z' uid='147510' user='woodpeck_fixbot' visible='true' version='2' changeset='2780909' lat='48.12172' lon='-97.174375' />
  <node id='75955140' timestamp='2009-10-08T11:28:02Z' uid='147510' user='woodpeck_fixbot' visible='true' version='2' changeset='2780909' lat='48.121715' lon='-97.174544' />
  <node id='75955142' timestamp='2009-10-08T11:28:02Z' uid='147510' user='woodpeck_fixbot' visible='true' version='2' changeset='2780909' lat='48.121697' lon='-97.174738' />
  <node id='75955144' timestamp='2009-10-08T11:28:02Z' uid='147510' user='woodpeck_fixbot' visible='true' version='2' changeset='2780909' lat='48.121667' lon='-97.174925' />
  <node id='75955146' timestamp='2009-10-08T11:28:02Z' uid='147510' user='woodpeck_fixbot' visible='true' version='2' changeset='2780909' lat='48.121455' lon='-97.17577' />
  <node id='75955149' timestamp='2009-10-08T11:28:02Z' uid='147510' user='woodpeck_fixbot' visible='true' version='2' changeset='2780909' lat='48.121376' lon='-97.17617' />
  <node id='75955151' timestamp='2009-10-08T11:28:02Z' uid='147510' user='woodpeck_fixbot' visible='true' version='2' changeset='2780909' lat='48.12133' lon='-97.176545' />
  <node id='75955153' timestamp='2009-10-08T11:28:02Z' uid='147510' user='woodpeck_fixbot' visible='true' version='2' changeset='2780909' lat='48.121309' lon='-97.177115' />
  <node id='75955154' timestamp='2009-10-08T11:28:02Z' uid='147510' user='woodpeck_fixbot' visible='true' version='2' changeset='2780909' lat='48.121311' lon='-97.177689' />
  <node id='75955156' timestamp='2009-10-08T11:28:02Z' uid='147510' user='woodpeck_fixbot' visible='true' version='2' changeset='2780909' lat='48.12133' lon='-97.178307' />
  <node id='75955158' timestamp='2009-10-08T11:28:02Z' uid='147510' user='woodpeck_fixbot' visible='true' version='2' changeset='2780909' lat='48.121348' lon='-97.17869' />
  <node id='75955160' timestamp='2020-08-20T19:18:12Z' uid='214969' user='AndrewBuck' visible='true' version='3' changeset='89708593' lat='48.1213451' lon='-97.1788249' />
  <node id='75955162' timestamp='2022-09-15T21:51:46Z' uid='10744276' user='VLD165' visible='true' version='4' changeset='126241391' lat='48.1213447' lon='-97.1788944' />
  <node id='75968905' timestamp='2009-10-08T11:35:25Z' uid='147510' user='woodpeck_fixbot' visible='true' version='2' changeset='2780909' lat='48.121516' lon='-97.148216' />
  <node id='75968907' timestamp='2009-10-08T11:35:26Z' uid='147510' user='woodpeck_fixbot' visible='true' version='2' changeset='2780909' lat='48.122911' lon='-97.148161' />
  <node id='75968909' timestamp='2009-10-08T11:35:26Z' uid='147510' user='woodpeck_fixbot' visible='true' version='2' changeset='2780909' lat='48.124298' lon='-97.148142' />
  <node id='75968911' timestamp='2009-10-08T11:35:26Z' uid='147510' user='woodpeck_fixbot' visible='true' version='2' changeset='2780909' lat='48.129919' lon='-97.148025' />
  <node id='75968913' timestamp='2009-10-08T11:35:26Z' uid='147510' user='woodpeck_fixbot' visible='true' version='2' changeset='2780909' lat='48.130897' lon='-97.147993' />
  <node id='75968915' timestamp='2009-10-08T11:35:26Z' uid='147510' user='woodpeck_fixbot' visible='true' version='2' changeset='2780909' lat='48.131638' lon='-97.147991' />
  <node id='75968920' timestamp='2009-10-08T11:35:26Z' uid='147510' user='woodpeck_fixbot' visible='true' version='2' changeset='2780909' lat='48.078277' lon='-97.148772' />
  <node id='75968922' timestamp='2009-10-08T11:35:26Z' uid='147510' user='woodpeck_fixbot' visible='true' version='2' changeset='2780909' lat='48.079739' lon='-97.14876' />
  <node id='75968923' timestamp='2009-10-08T11:35:26Z' uid='147510' user='woodpeck_fixbot' visible='true' version='2' changeset='2780909' lat='48.081396' lon='-97.148738' />
  <node id='75968924' timestamp='2009-10-08T11:35:26Z' uid='147510' user='woodpeck_fixbot' visible='true' version='2' changeset='2780909' lat='48.086732' lon='-97.148738' />
  <node id='75968925' timestamp='2009-10-08T11:35:26Z' uid='147510' user='woodpeck_fixbot' visible='true' version='2' changeset='2780909' lat='48.0885' lon='-97.148691' />
  <node id='75968926' timestamp='2009-10-08T11:35:26Z' uid='147510' user='woodpeck_fixbot' visible='true' version='2' changeset='2780909' lat='48.089905' lon='-97.148688' />
  <node id='75969001' timestamp='2009-10-08T11:35:28Z' uid='147510' user='woodpeck_fixbot' visible='true' version='2' changeset='2780909' lat='48.140224' lon='-97.147758' />
  <node id='75969003' timestamp='2009-10-08T11:35:28Z' uid='147510' user='woodpeck_fixbot' visible='true' version='2' changeset='2780909' lat='48.14079' lon='-97.147759' />
  <node id='75969005' timestamp='2009-10-08T11:35:28Z' uid='147510' user='woodpeck_fixbot' visible='true' version='2' changeset='2780909' lat='48.141146' lon='-97.147774' />
  <node id='75969008' timestamp='2009-10-08T11:35:28Z' uid='147510' user='woodpeck_fixbot' visible='true' version='2' changeset='2780909' lat='48.141343' lon='-97.147812' />
  <node id='75969010' timestamp='2009-10-08T11:35:28Z' uid='147510' user='woodpeck_fixbot' visible='true' version='2' changeset='2780909' lat='48.141654' lon='-97.147909' />
  <node id='75969011' timestamp='2009-10-08T11:35:28Z' uid='147510' user='woodpeck_fixbot' visible='true' version='2' changeset='2780909' lat='48.142191' lon='-97.148137' />
  <node id='75969012' timestamp='2009-10-08T11:35:28Z' uid='147510' user='woodpeck_fixbot' visible='true' version='2' changeset='2780909' lat='48.142804' lon='-97.148313' />
  <node id='75969013' timestamp='2009-10-08T11:35:28Z' uid='147510' user='woodpeck_fixbot' visible='true' version='2' changeset='2780909' lat='48.143189' lon='-97.148306' />
  <node id='75969014' timestamp='2009-10-08T11:35:28Z' uid='147510' user='woodpeck_fixbot' visible='true' version='2' changeset='2780909' lat='48.143868' lon='-97.148236' />
  <node id='75969015' timestamp='2009-10-08T11:35:28Z' uid='147510' user='woodpeck_fixbot' visible='true' version='2' changeset='2780909' lat='48.144471' lon='-97.148048' />
  <node id='75969017' timestamp='2009-10-08T11:35:28Z' uid='147510' user='woodpeck_fixbot' visible='true' version='2' changeset='2780909' lat='48.144868' lon='-97.147849' />
  <node id='75969018' timestamp='2009-10-08T11:35:28Z' uid='147510' user='woodpeck_fixbot' visible='true' version='2' changeset='2780909' lat='48.145249' lon='-97.147668' />
  <node id='75969020' timestamp='2009-10-08T11:35:28Z' uid='147510' user='woodpeck_fixbot' visible='true' version='2' changeset='2780909' lat='48.14565' lon='-97.147511' />
  <node id='75969022' timestamp='2009-10-08T11:35:28Z' uid='147510' user='woodpeck_fixbot' visible='true' version='2' changeset='2780909' lat='48.145984' lon='-97.147419' />
  <node id='75969024' timestamp='2009-10-08T11:35:28Z' uid='147510' user='woodpeck_fixbot' visible='true' version='2' changeset='2780909' lat='48.148345' lon='-97.147337' />
  <node id='75969026' timestamp='2009-10-08T11:35:28Z' uid='147510' user='woodpeck_fixbot' visible='true' version='2' changeset='2780909' lat='48.149763' lon='-97.147308' />
  <node id='75969029' timestamp='2009-10-08T11:35:29Z' uid='147510' user='woodpeck_fixbot' visible='true' version='2' changeset='2780909' lat='48.151587' lon='-97.147269' />
  <node id='75969032' timestamp='2009-10-08T11:35:29Z' uid='147510' user='woodpeck_fixbot' visible='true' version='2' changeset='2780909' lat='48.152614' lon='-97.147257' />
  <node id='75969034' timestamp='2009-10-08T11:35:29Z' uid='147510' user='woodpeck_fixbot' visible='true' version='2' changeset='2780909' lat='48.156981' lon='-97.147183' />
  <node id='75969036' timestamp='2009-10-08T11:35:29Z' uid='147510' user='woodpeck_fixbot' visible='true' version='2' changeset='2780909' lat='48.160095' lon='-97.147186' />
  <node id='75969038' timestamp='2009-10-08T11:35:29Z' uid='147510' user='woodpeck_fixbot' visible='true' version='2' changeset='2780909' lat='48.16294' lon='-97.147167' />
  <node id='75969040' timestamp='2009-10-08T11:35:29Z' uid='147510' user='woodpeck_fixbot' visible='true' version='2' changeset='2780909' lat='48.167257' lon='-97.147088' />
  <node id='75969042' timestamp='2009-10-08T11:35:29Z' uid='147510' user='woodpeck_fixbot' visible='true' version='2' changeset='2780909' lat='48.167577' lon='-97.147118' />
  <node id='75969045' timestamp='2009-10-08T11:35:29Z' uid='147510' user='woodpeck_fixbot' visible='true' version='2' changeset='2780909' lat='48.167907' lon='-97.147232' />
  <node id='75969048' timestamp='2009-10-08T11:35:29Z' uid='147510' user='woodpeck_fixbot' visible='true' version='2' changeset='2780909' lat='48.168121' lon='-97.147363' />
  <node id='75969050' timestamp='2009-10-08T11:35:29Z' uid='147510' user='woodpeck_fixbot' visible='true' version='2' changeset='2780909' lat='48.168469' lon='-97.147681' />
  <node id='75969053' timestamp='2009-10-08T11:35:29Z' uid='147510' user='woodpeck_fixbot' visible='true' version='2' changeset='2780909' lat='48.169009' lon='-97.148251' />
  <node id='75969055' timestamp='2009-10-08T11:35:29Z' uid='147510' user='woodpeck_fixbot' visible='true' version='2' changeset='2780909' lat='48.169355' lon='-97.148569' />
  <node id='75969057' timestamp='2009-10-08T11:35:29Z' uid='147510' user='woodpeck_fixbot' visible='true' version='2' changeset='2780909' lat='48.169881' lon='-97.148863' />
  <node id='75969058' timestamp='2009-10-08T11:35:29Z' uid='147510' user='woodpeck_fixbot' visible='true' version='2' changeset='2780909' lat='48.170734' lon='-97.149153' />
  <node id='75969060' timestamp='2009-10-08T11:35:29Z' uid='147510' user='woodpeck_fixbot' visible='true' version='2' changeset='2780909' lat='48.171248' lon='-97.149264' />
  <node id='75969061' timestamp='2009-10-08T11:35:29Z' uid='147510' user='woodpeck_fixbot' visible='true' version='2' changeset='2780909' lat='48.171369' lon='-97.149245' />
  <node id='75969063' timestamp='2009-10-08T11:35:29Z' uid='147510' user='woodpeck_fixbot' visible='true' version='2' changeset='2780909' lat='48.171578' lon='-97.149231' />
  <node id='75969065' timestamp='2009-10-08T11:35:30Z' uid='147510' user='woodpeck_fixbot' visible='true' version='2' changeset='2780909' lat='48.171787' lon='-97.149161' />
  <node id='75969067' timestamp='2009-10-08T11:35:30Z' uid='147510' user='woodpeck_fixbot' visible='true' version='2' changeset='2780909' lat='48.172452' lon='-97.148767' />
  <node id='75969069' timestamp='2009-10-08T11:35:30Z' uid='147510' user='woodpeck_fixbot' visible='true' version='2' changeset='2780909' lat='48.173273' lon='-97.148257' />
  <node id='75969071' timestamp='2009-10-08T11:35:30Z' uid='147510' user='woodpeck_fixbot' visible='true' version='2' changeset='2780909' lat='48.173955' lon='-97.147794' />
  <node id='75969073' timestamp='2020-08-11T02:51:25Z' uid='214969' user='AndrewBuck' visible='true' version='3' changeset='89222714' lat='48.1741168' lon='-97.1476994' />
  <node id='75969177' timestamp='2009-10-08T11:35:32Z' uid='147510' user='woodpeck_fixbot' visible='true' version='2' changeset='2780909' lat='48.094206' lon='-97.153921' />
  <node id='75969179' timestamp='2009-10-08T11:35:32Z' uid='147510' user='woodpeck_fixbot' visible='true' version='2' changeset='2780909' lat='48.097628' lon='-97.15394' />
  <node id='75969182' timestamp='2009-10-08T11:35:32Z' uid='147510' user='woodpeck_fixbot' visible='true' version='2' changeset='2780909' lat='48.099236' lon='-97.153976' />
  <node id='75969184' timestamp='2009-10-08T11:35:32Z' uid='147510' user='woodpeck_fixbot' visible='true' version='2' changeset='2780909' lat='48.105961' lon='-97.153989' />
  <node id='75969185' timestamp='2016-05-02T07:47:40Z' uid='52797' user='hofoen' visible='true' version='3' changeset='39031996' lat='48.1064543' lon='-97.1540335' />
  <node id='187809730' timestamp='2023-12-29T22:25:26Z' uid='2088464' user='Spencer_MHD' visible='true' version='3' changeset='145679494' lat='48.0645175' lon='-96.8463677' />
  <node id='187809738' timestamp='2009-08-11T19:44:53Z' uid='147510' user='woodpeck_fixbot' visible='true' version='2' changeset='2111473' lat='48.122778' lon='-96.846824' />
  <node id='187810081' timestamp='2023-12-29T22:25:26Z' uid='2088464' user='Spencer_MHD' visible='true' version='3' changeset='145679494' lat='48.0646468' lon='-96.8113013' />
  <node id='187810321' timestamp='2015-08-04T23:25:26Z' uid='2930607' user='MatthewKluft' visible='true' version='3' changeset='33115833' lat='48.1217655' lon='-97.1224684' />
  <node id='187810324' timestamp='2015-08-04T23:25:26Z' uid='2930607' user='MatthewKluft' visible='true' version='3' changeset='33115833' lat='48.1222378' lon='-97.1223952' />
  <node id='187810326' timestamp='2015-08-04T23:25:26Z' uid='2930607' user='MatthewKluft' visible='true' version='3' changeset='33115833' lat='48.1226068' lon='-97.122322' />
  <node id='187810327' timestamp='2015-08-04T23:25:26Z' uid='2930607' user='MatthewKluft' visible='true' version='3' changeset='33115833' lat='48.1226286' lon='-97.1226472' />
  <node id='187810650' timestamp='2009-08-11T19:45:18Z' uid='147510' user='woodpeck_fixbot' visible='true' version='2' changeset='2111473' lat='48.064682' lon='-96.673697' />
  <node id='187810652' action='modify' timestamp='2020-08-20T19:18:12Z' uid='214969' user='AndrewBuck' visible='true' version='3' changeset='89708593' lat='48.06949418412' lon='-97.06284125708' />
  <node id='187810654' action='modify' timestamp='2020-08-20T19:18:12Z' uid='214969' user='AndrewBuck' visible='true' version='3' changeset='89708593' lat='48.06950779091' lon='-97.06311105698' />
  <node id='187810975' timestamp='2018-05-16T16:59:30Z' uid='7141863' user='Scottahemi' visible='true' version='3' changeset='59024311' lat='48.064564' lon='-96.7600671' />
  <node id='187810987' timestamp='2022-04-29T20:28:12Z' uid='13977135' user='wcedmisten' visible='true' version='3' changeset='120363891' lat='48.1226518' lon='-96.7603036' />
  <node id='187812370' timestamp='2023-12-29T22:25:26Z' uid='2088464' user='Spencer_MHD' visible='true' version='3' changeset='145679494' lat='48.0645161' lon='-96.8944132' />
  <node id='187814088' timestamp='2024-07-02T14:29:32Z' uid='2088464' user='Spencer_MHD' visible='true' version='3' changeset='153460263' lat='48.0788145' lon='-97.0196753' />
  <node id='187814104' timestamp='2024-07-02T14:29:32Z' uid='2088464' user='Spencer_MHD' visible='true' version='3' changeset='153460263' lat='48.1079401' lon='-97.0199825' />
  <node id='187814143' timestamp='2015-08-05T00:58:53Z' uid='2930607' user='MatthewKluft' visible='true' version='3' changeset='33116401' lat='48.1369064' lon='-97.0055278' />
  <node id='187814158' timestamp='2015-08-04T23:25:26Z' uid='2930607' user='MatthewKluft' visible='true' version='3' changeset='33115833' lat='48.129897' lon='-97.1068374' />
  <node id='187814160' timestamp='2024-07-02T14:29:32Z' uid='2088464' user='Spencer_MHD' visible='true' version='3' changeset='153460263' lat='48.129875' lon='-97.1201851' />
  <node id='187814162' timestamp='2024-07-02T14:29:32Z' uid='2088464' user='Spencer_MHD' visible='true' version='3' changeset='153460263' lat='48.1298941' lon='-97.1206569' />
  <node id='187814164' timestamp='2024-07-02T14:29:32Z' uid='2088464' user='Spencer_MHD' visible='true' version='3' changeset='153460263' lat='48.1299675' lon='-97.1208417' />
  <node id='187814165' timestamp='2024-07-02T14:29:32Z' uid='2088464' user='Spencer_MHD' visible='true' version='3' changeset='153460263' lat='48.1311209' lon='-97.1210523' />
  <node id='187814167' timestamp='2024-07-02T14:29:32Z' uid='2088464' user='Spencer_MHD' visible='true' version='3' changeset='153460263' lat='48.1329308' lon='-97.1212535' />
  <node id='187814169' timestamp='2024-07-02T14:29:32Z' uid='2088464' user='Spencer_MHD' visible='true' version='3' changeset='153460263' lat='48.1345377' lon='-97.1210929' />
  <node id='187814171' timestamp='2009-08-11T19:47:19Z' uid='147510' user='woodpeck_fixbot' visible='true' version='2' changeset='2111473' lat='48.1364' lon='-97.121183' />
  <node id='187814173' timestamp='2024-07-02T14:29:32Z' uid='2088464' user='Spencer_MHD' visible='true' version='3' changeset='153460263' lat='48.1366382' lon='-97.1210188' />
  <node id='187814175' timestamp='2009-08-11T19:47:19Z' uid='147510' user='woodpeck_fixbot' visible='true' version='2' changeset='2111473' lat='48.136994' lon='-97.120603' />
  <node id='187814177' timestamp='2024-07-02T14:29:32Z' uid='2088464' user='Spencer_MHD' visible='true' version='3' changeset='153460263' lat='48.137269' lon='-97.1198999' />
  <node id='187814179' timestamp='2024-07-02T14:29:32Z' uid='2088464' user='Spencer_MHD' visible='true' version='3' changeset='153460263' lat='48.1370871' lon='-97.1069235' />
  <node id='187814181' timestamp='2009-08-11T19:47:19Z' uid='147510' user='woodpeck_fixbot' visible='true' version='2' changeset='2111473' lat='48.137075' lon='-97.085174' />
  <node id='187814183' timestamp='2009-08-11T19:47:19Z' uid='147510' user='woodpeck_fixbot' visible='true' version='2' changeset='2111473' lat='48.137061' lon='-97.079011' />
  <node id='187814184' timestamp='2009-08-11T19:47:19Z' uid='147510' user='woodpeck_fixbot' visible='true' version='2' changeset='2111473' lat='48.137051' lon='-97.073581' />
  <node id='187814186' timestamp='2009-08-11T19:47:19Z' uid='147510' user='woodpeck_fixbot' visible='true' version='2' changeset='2111473' lat='48.13703' lon='-97.0635' />
  <node id='187814188' timestamp='2024-07-02T14:29:32Z' uid='2088464' user='Spencer_MHD' visible='true' version='3' changeset='153460263' lat='48.1368181' lon='-97.0419098' />
  <node id='187814189' timestamp='2009-08-11T19:47:19Z' uid='147510' user='woodpeck_fixbot' visible='true' version='2' changeset='2111473' lat='48.136807' lon='-97.040311' />
  <node id='187814191' timestamp='2015-08-04T23:34:45Z' uid='2930607' user='MatthewKluft' visible='true' version='3' changeset='33115913' lat='48.1368412' lon='-97.0202411' />
  <node id='187814192' timestamp='2009-08-11T19:47:19Z' uid='147510' user='woodpeck_fixbot' visible='true' version='2' changeset='2111473' lat='48.136843' lon='-97.019639' />
  <node id='187814194' timestamp='2015-08-05T00:58:53Z' uid='2930607' user='MatthewKluft' visible='true' version='3' changeset='33116401' lat='48.1369624' lon='-97.001572' />
  <node id='187814196' timestamp='2009-08-11T19:47:20Z' uid='147510' user='woodpeck_fixbot' visible='true' version='2' changeset='2111473' lat='48.136966' lon='-97.000349' />
  <node id='187814198' timestamp='2015-01-20T00:21:34Z' uid='37392' user='25or6to4' visible='true' version='3' changeset='28266450' lat='48.1369679' lon='-96.9985645' />
  <node id='187814219' timestamp='2015-08-04T23:34:45Z' uid='2930607' user='MatthewKluft' visible='true' version='3' changeset='33115913' lat='48.1222152' lon='-97.0417945' />
  <node id='187814915' timestamp='2009-08-11T19:47:34Z' uid='147510' user='woodpeck_fixbot' visible='true' version='2' changeset='2111473' lat='48.057265' lon='-97.082721' />
  <node id='187814916' timestamp='2009-08-11T19:47:34Z' uid='147510' user='woodpeck_fixbot' visible='true' version='2' changeset='2111473' lat='48.057607' lon='-97.083709' />
  <node id='187814917' timestamp='2023-12-29T22:25:26Z' uid='2088464' user='Spencer_MHD' visible='true' version='3' changeset='145679494' lat='48.058146' lon='-97.0842036' />
  <node id='187814918' action='modify' timestamp='2023-12-29T22:25:26Z' uid='2088464' user='Spencer_MHD' visible='true' version='3' changeset='145679494' lat='48.06077160737' lon='-97.08425203681' />
  <node id='187814919' action='modify' timestamp='2023-12-29T22:25:26Z' uid='2088464' user='Spencer_MHD' visible='true' version='3' changeset='145679494' lat='48.06334077084' lon='-97.0843248546' />
  <node id='187814920' action='modify' timestamp='2023-12-29T22:25:26Z' uid='2088464' user='Spencer_MHD' visible='true' version='3' changeset='145679494' lat='48.06438623692' lon='-97.08429446235' />
  <node id='187815186' timestamp='2023-12-29T22:25:26Z' uid='2088464' user='Spencer_MHD' visible='true' version='3' changeset='145679494' lat='48.0643491' lon='-96.9979483' />
  <node id='187815586' timestamp='2015-08-04T23:25:26Z' uid='2930607' user='MatthewKluft' visible='true' version='3' changeset='33115833' lat='48.1125914' lon='-97.0850821' />
  <node id='187815590' timestamp='2024-07-02T14:29:32Z' uid='2088464' user='Spencer_MHD' visible='true' version='4' changeset='153460263' lat='48.1225292' lon='-97.0853073' />
  <node id='187815592' timestamp='2015-08-04T23:25:26Z' uid='2930607' user='MatthewKluft' visible='true' version='3' changeset='33115833' lat='48.1250033' lon='-97.0853338' />
  <node id='187815594' timestamp='2024-07-02T14:29:32Z' uid='2088464' user='Spencer_MHD' visible='true' version='3' changeset='153460263' lat='48.1512217' lon='-97.0854928' />
  <node id='187816108' timestamp='2024-07-02T14:29:32Z' uid='2088464' user='Spencer_MHD' visible='true' version='3' changeset='153460263' lat='48.1510233' lon='-97.063785' />
  <node id='187819194' timestamp='2024-12-13T16:33:58Z' uid='38487' user='jumbanho' visible='true' version='3' changeset='160253170' lat='48.1132875' lon='-97.1172363' />
  <node id='187819195' timestamp='2024-12-13T16:33:58Z' uid='38487' user='jumbanho' visible='true' version='3' changeset='160253170' lat='48.1138605' lon='-97.1171933' />
  <node id='187819197' timestamp='2024-12-13T16:33:58Z' uid='38487' user='jumbanho' visible='true' version='3' changeset='160253170' lat='48.1151284' lon='-97.117188' />
  <node id='187819199' timestamp='2024-12-13T16:33:58Z' uid='38487' user='jumbanho' visible='true' version='3' changeset='160253170' lat='48.1152286' lon='-97.116437' />
  <node id='187819201' timestamp='2024-12-13T16:33:58Z' uid='38487' user='jumbanho' visible='true' version='3' changeset='160253170' lat='48.1153433' lon='-97.1160293' />
  <node id='187819203' timestamp='2024-12-13T16:33:58Z' uid='38487' user='jumbanho' visible='true' version='3' changeset='160253170' lat='48.1153397' lon='-97.1156967' />
  <node id='187819208' action='modify' timestamp='2015-08-04T23:25:26Z' uid='2930607' user='MatthewKluft' visible='true' version='3' changeset='33115833' lat='48.11528896217' lon='-97.10675863251' />
  <node id='187819209' timestamp='2015-08-04T23:25:25Z' uid='2930607' user='MatthewKluft' visible='true' version='3' changeset='33115833' lat='48.1209704' lon='-97.1068215' />
  <node id='187819212' timestamp='2024-07-02T14:29:32Z' uid='2088464' user='Spencer_MHD' visible='true' version='4' changeset='153460263' lat='48.1226139' lon='-97.1068638' />
  <node id='187819214' timestamp='2015-08-04T23:25:26Z' uid='2930607' user='MatthewKluft' visible='true' version='3' changeset='33115833' lat='48.1243273' lon='-97.1068501' />
  <node id='187819308' timestamp='2009-08-11T19:49:46Z' uid='147510' user='woodpeck_fixbot' visible='true' version='2' changeset='2111473' lat='48.117479' lon='-97.11679' />
  <node id='187819326' timestamp='2015-08-04T23:25:26Z' uid='2930607' user='MatthewKluft' visible='true' version='3' changeset='33115833' lat='48.1209975' lon='-97.103935' />
  <node id='187819374' timestamp='2015-08-04T23:25:25Z' uid='2930607' user='MatthewKluft' visible='true' version='3' changeset='33115833' lat='48.1225952' lon='-97.0961782' />
  <node id='187819376' timestamp='2009-08-11T19:49:48Z' uid='147510' user='woodpeck_fixbot' visible='true' version='2' changeset='2111473' lat='48.124982' lon='-97.096231' />
  <node id='187819378' timestamp='2009-08-11T19:49:48Z' uid='147510' user='woodpeck_fixbot' visible='true' version='2' changeset='2111473' lat='48.126892' lon='-97.09621' />
  <node id='187819380' timestamp='2009-08-11T19:49:48Z' uid='147510' user='woodpeck_fixbot' visible='true' version='2' changeset='2111473' lat='48.127072' lon='-97.096482' />
  <node id='187819382' timestamp='2009-08-11T19:49:48Z' uid='147510' user='woodpeck_fixbot' visible='true' version='2' changeset='2111473' lat='48.127164' lon='-97.096792' />
  <node id='187819764' action='modify' timestamp='2022-12-01T22:32:21Z' uid='2088464' user='Spencer_MHD' visible='true' version='3' changeset='129622551' lat='48.07874217997' lon='-97.08980541164' />
  <node id='187819767' action='modify' timestamp='2009-08-11T19:50:13Z' uid='147510' user='woodpeck_fixbot' visible='true' version='2' changeset='2111473' lat='48.07872487016' lon='-97.0909198319' />
  <node id='187819768' action='modify' timestamp='2009-08-11T19:50:13Z' uid='147510' user='woodpeck_fixbot' visible='true' version='2' changeset='2111473' lat='48.07900180202' lon='-97.09104682573' />
  <node id='187820512' action='modify' timestamp='2024-07-02T14:29:32Z' uid='2088464' user='Spencer_MHD' visible='true' version='3' changeset='153460263' lat='48.07517931057' lon='-97.0845026141' />
  <node id='187820514' action='modify' timestamp='2024-07-02T14:29:32Z' uid='2088464' user='Spencer_MHD' visible='true' version='3' changeset='153460263' lat='48.07537094811' lon='-97.08450662576' />
  <node id='187820517' action='modify' timestamp='2024-07-02T14:29:32Z' uid='2088464' user='Spencer_MHD' visible='true' version='3' changeset='153460263' lat='48.07581099013' lon='-97.08471891564' />
  <node id='187820519' action='modify' timestamp='2024-07-02T14:29:32Z' uid='2088464' user='Spencer_MHD' visible='true' version='3' changeset='153460263' lat='48.07573315165' lon='-97.08522251439' />
  <node id='187820521' action='modify' timestamp='2024-07-02T14:29:32Z' uid='2088464' user='Spencer_MHD' visible='true' version='3' changeset='153460263' lat='48.07538291027' lon='-97.08661180675' />
  <node id='187820522' action='modify' timestamp='2024-07-02T14:29:32Z' uid='2088464' user='Spencer_MHD' visible='true' version='3' changeset='153460263' lat='48.07525408659' lon='-97.08787666994' />
  <node id='187820524' action='modify' timestamp='2024-07-02T14:29:32Z' uid='2088464' user='Spencer_MHD' visible='true' version='3' changeset='153460263' lat='48.07526707495' lon='-97.08975028087' />
  <node id='187820525' action='modify' timestamp='2024-07-02T14:29:32Z' uid='2088464' user='Spencer_MHD' visible='true' version='4' changeset='153460263' lat='48.07531049284' lon='-97.08984552619' />
  <node id='187820527' action='modify' timestamp='2022-12-01T22:32:21Z' uid='2088464' user='Spencer_MHD' visible='true' version='3' changeset='129622551' lat='48.07864970403' lon='-97.08991844541' />
  <node id='187821400' timestamp='2024-07-02T14:29:32Z' uid='2088464' user='Spencer_MHD' visible='true' version='4' changeset='153460263' lat='48.1218077' lon='-97.0639682' />
  <node id='187821401' timestamp='2024-07-02T14:29:32Z' uid='2088464' user='Spencer_MHD' visible='true' version='4' changeset='153460263' lat='48.1219776' lon='-97.0637238' />
  <node id='187821402' timestamp='2015-08-04T22:42:12Z' uid='2930607' user='MatthewKluft' visible='true' version='3' changeset='33115379' lat='48.1223446' lon='-97.0634596' />
  <node id='187821417' timestamp='2024-12-13T16:33:58Z' uid='38487' user='jumbanho' visible='true' version='3' changeset='160253170' lat='48.05471' lon='-97.0625635' />
  <node id='187821552' timestamp='2015-08-04T22:42:12Z' uid='2930607' user='MatthewKluft' visible='true' version='3' changeset='33115379' lat='48.1072862' lon='-97.0535262' />
  <node id='187821656' action='modify' timestamp='2024-10-18T16:08:01Z' uid='9158193' user='googleplex' visible='true' version='3' changeset='158058423' lat='48.08624251613' lon='-97.08459473988' />
  <node id='187821657' action='modify' timestamp='2024-07-02T14:29:32Z' uid='2088464' user='Spencer_MHD' visible='true' version='3' changeset='153460263' lat='48.093277602' lon='-97.08469658466' />
  <node id='187821658' timestamp='2015-08-04T23:25:26Z' uid='2930607' user='MatthewKluft' visible='true' version='3' changeset='33115833' lat='48.1072768' lon='-97.0849905' />
  <node id='187823277' timestamp='2024-12-13T16:33:58Z' uid='38487' user='jumbanho' visible='true' version='3' changeset='160253170' lat='48.1224663' lon='-96.9536859' />
  <node id='187823425' timestamp='2009-08-11T19:52:25Z' uid='147510' user='woodpeck_fixbot' visible='true' version='2' changeset='2111473' lat='48.064551' lon='-96.885889' />
  <node id='187824957' timestamp='2023-12-29T22:25:26Z' uid='2088464' user='Spencer_MHD' visible='true' version='3' changeset='145679494' lat='48.064662' lon='-96.8033655' />
  <node id='187824969' timestamp='2009-08-11T19:53:00Z' uid='147510' user='woodpeck_fixbot' visible='true' version='2' changeset='2111473' lat='48.122643' lon='-96.803456' />
  <node id='187824991' timestamp='2009-08-11T19:53:01Z' uid='147510' user='woodpeck_fixbot' visible='true' version='2' changeset='2111473' lat='48.122775' lon='-96.717007' />
  <node id='187825233' action='modify' timestamp='2009-08-11T19:53:22Z' uid='147510' user='woodpeck_fixbot' visible='true' version='2' changeset='2111473' lat='48.07173882512' lon='-97.06288306382' />
  <node id='187825234' action='delete' timestamp='2009-08-11T19:53:22Z' uid='147510' user='woodpeck_fixbot' visible='true' version='2' changeset='2111473' lat='48.072023' lon='-97.064392' />
  <node id='187825235' action='delete' timestamp='2009-08-11T19:53:22Z' uid='147510' user='woodpeck_fixbot' visible='true' version='2' changeset='2111473' lat='48.071917' lon='-97.065564' />
  <node id='187825283' timestamp='2023-12-29T22:25:26Z' uid='2088464' user='Spencer_MHD' visible='true' version='3' changeset='145679494' lat='48.0644902' lon='-97.0638528' />
  <node id='187825285' timestamp='2023-12-29T22:25:26Z' uid='2088464' user='Spencer_MHD' visible='true' version='3' changeset='145679494' lat='48.064632' lon='-97.0638636' />
  <node id='187825287' timestamp='2023-12-29T22:25:26Z' uid='2088464' user='Spencer_MHD' visible='true' version='3' changeset='145679494' lat='48.065034' lon='-97.0637031' />
  <node id='187825289' timestamp='2023-12-29T22:25:26Z' uid='2088464' user='Spencer_MHD' visible='true' version='3' changeset='145679494' lat='48.0651072' lon='-97.0634501' />
  <node id='187825292' timestamp='2023-12-29T22:25:26Z' uid='2088464' user='Spencer_MHD' visible='true' version='3' changeset='145679494' lat='48.0651684' lon='-97.0630578' />
  <node id='187825294' timestamp='2023-12-29T22:25:26Z' uid='2088464' user='Spencer_MHD' visible='true' version='3' changeset='145679494' lat='48.0651565' lon='-97.0628191' />
  <node id='187826652' timestamp='2009-08-11T19:54:00Z' uid='147510' user='woodpeck_fixbot' visible='true' version='2' changeset='2111473' lat='48.064514' lon='-96.868126' />
  <node id='187826663' timestamp='2009-08-11T19:54:01Z' uid='147510' user='woodpeck_fixbot' visible='true' version='2' changeset='2111473' lat='48.122657' lon='-96.868626' />
  <node id='187826747' timestamp='2023-12-29T22:25:26Z' uid='2088464' user='Spencer_MHD' visible='true' version='3' changeset='145679494' lat='48.0645922' lon='-96.824926' />
  <node id='187826756' timestamp='2009-08-11T19:54:05Z' uid='147510' user='woodpeck_fixbot' visible='true' version='2' changeset='2111473' lat='48.12269' lon='-96.825191' />
  <node id='187827550' timestamp='2015-08-04T22:42:12Z' uid='2930607' user='MatthewKluft' visible='true' version='3' changeset='33115379' lat='48.1072862' lon='-97.0532526' />
  <node id='187827554' timestamp='2015-08-04T22:42:12Z' uid='2930607' user='MatthewKluft' visible='true' version='3' changeset='33115379' lat='48.1074254' lon='-97.0724413' />
  <node id='187827558' timestamp='2015-08-04T22:42:12Z' uid='2930607' user='MatthewKluft' visible='true' version='3' changeset='33115379' lat='48.1074341' lon='-97.0741478' />
  <node id='187827639' timestamp='2023-12-29T22:25:26Z' uid='2088464' user='Spencer_MHD' visible='true' version='3' changeset='145679494' lat='48.0643496' lon='-96.9762855' />
  <node id='187827655' timestamp='2009-08-11T19:54:58Z' uid='147510' user='woodpeck_fixbot' visible='true' version='2' changeset='2111473' lat='48.12253' lon='-96.976777' />
  <node id='187827950' timestamp='2024-07-02T14:29:32Z' uid='2088464' user='Spencer_MHD' visible='true' version='3' changeset='153460263' lat='48.1078081' lon='-97.0236501' />
  <node id='187828309' timestamp='2009-08-11T19:55:25Z' uid='147510' user='woodpeck_fixbot' visible='true' version='2' changeset='2111473' lat='48.064612' lon='-96.666608' />
  <node id='187828310' timestamp='2009-08-11T19:55:25Z' uid='147510' user='woodpeck_fixbot' visible='true' version='2' changeset='2111473' lat='48.064681' lon='-96.666779' />
  <node id='187828312' timestamp='2018-01-03T03:15:23Z' uid='7141863' user='Scottahemi' visible='true' version='4' changeset='55117134' lat='48.0647283' lon='-96.6935148' />
  <node id='187828313' timestamp='2018-01-03T03:15:23Z' uid='7141863' user='Scottahemi' visible='true' version='4' changeset='55117134' lat='48.0647309' lon='-96.6952311' />
  <node id='187828315' timestamp='2022-04-29T20:28:12Z' uid='13977135' user='wcedmisten' visible='true' version='3' changeset='120363891' lat='48.0646661' lon='-96.716812' />
  <node id='187828317' timestamp='2022-04-29T20:21:35Z' uid='13977135' user='wcedmisten' visible='true' version='3' changeset='120363666' lat='48.0646427' lon='-96.7384715' />
  <node id='187828319' timestamp='2009-08-11T19:55:26Z' uid='147510' user='woodpeck_fixbot' visible='true' version='2' changeset='2111473' lat='48.064576' lon='-96.750342' />
  <node id='187828320' timestamp='2009-08-11T19:55:26Z' uid='147510' user='woodpeck_fixbot' visible='true' version='2' changeset='2111473' lat='48.064663' lon='-96.77045' />
  <node id='187828321' timestamp='2009-08-11T19:55:26Z' uid='147510' user='woodpeck_fixbot' visible='true' version='2' changeset='2111473' lat='48.064695' lon='-96.776111' />
  <node id='187828322' timestamp='2022-04-29T20:19:29Z' uid='13977135' user='wcedmisten' visible='true' version='3' changeset='120363605' lat='48.0646883' lon='-96.7816663' />
  <node id='187828323' timestamp='2009-08-11T19:55:26Z' uid='147510' user='woodpeck_fixbot' visible='true' version='2' changeset='2111473' lat='48.064626' lon='-96.814607' />
  <node id='187828324' timestamp='2009-08-11T19:55:26Z' uid='147510' user='woodpeck_fixbot' visible='true' version='2' changeset='2111473' lat='48.064608' lon='-96.82048' />
  <node id='187828325' timestamp='2023-12-29T22:25:26Z' uid='2088464' user='Spencer_MHD' visible='true' version='3' changeset='145679494' lat='48.0645501' lon='-96.832543' />
  <node id='187828326' timestamp='2009-08-11T19:55:26Z' uid='147510' user='woodpeck_fixbot' visible='true' version='2' changeset='2111473' lat='48.064521' lon='-96.875346' />
  <node id='187828328' timestamp='2009-08-11T19:55:26Z' uid='147510' user='woodpeck_fixbot' visible='true' version='2' changeset='2111473' lat='48.064528' lon='-96.877889' />
  <node id='187828329' timestamp='2023-12-29T22:25:26Z' uid='2088464' user='Spencer_MHD' visible='true' version='3' changeset='145679494' lat='48.0645296' lon='-96.889789' />
  <node id='187828332' timestamp='2023-12-29T22:25:26Z' uid='2088464' user='Spencer_MHD' visible='true' version='3' changeset='145679494' lat='48.0645198' lon='-96.8933144' />
  <node id='187828334' timestamp='2009-08-11T19:55:26Z' uid='147510' user='woodpeck_fixbot' visible='true' version='2' changeset='2111473' lat='48.064556' lon='-96.897675' />
  <node id='187828336' timestamp='2023-12-29T22:25:26Z' uid='2088464' user='Spencer_MHD' visible='true' version='3' changeset='145679494' lat='48.0644795' lon='-96.9115649' />
  <node id='187828337' timestamp='2023-12-29T22:25:26Z' uid='2088464' user='Spencer_MHD' visible='true' version='3' changeset='145679494' lat='48.0644998' lon='-96.9149944' />
  <node id='187828338' timestamp='2023-12-29T22:25:26Z' uid='2088464' user='Spencer_MHD' visible='true' version='3' changeset='145679494' lat='48.0644708' lon='-96.9189341' />
  <node id='187828339' timestamp='2023-12-29T22:25:26Z' uid='2088464' user='Spencer_MHD' visible='true' version='3' changeset='145679494' lat='48.0644622' lon='-96.9223396' />
  <node id='187828342' timestamp='2023-12-29T22:25:26Z' uid='2088464' user='Spencer_MHD' visible='true' version='3' changeset='145679494' lat='48.0644594' lon='-96.9273538' />
  <node id='187828343' timestamp='2023-12-29T22:25:26Z' uid='2088464' user='Spencer_MHD' visible='true' version='3' changeset='145679494' lat='48.0644531' lon='-96.9318377' />
  <node id='187828344' timestamp='2023-12-29T22:25:26Z' uid='2088464' user='Spencer_MHD' visible='true' version='3' changeset='145679494' lat='48.0644423' lon='-96.9329389' />
  <node id='187828347' timestamp='2023-12-29T22:25:26Z' uid='2088464' user='Spencer_MHD' visible='true' version='3' changeset='145679494' lat='48.0644529' lon='-96.9390616' />
  <node id='187828349' timestamp='2023-12-29T22:25:26Z' uid='2088464' user='Spencer_MHD' visible='true' version='3' changeset='145679494' lat='48.0644348' lon='-96.9439543' />
  <node id='187828350' timestamp='2023-12-29T22:25:26Z' uid='2088464' user='Spencer_MHD' visible='true' version='3' changeset='145679494' lat='48.064436' lon='-96.9547984' />
  <node id='187828351' timestamp='2009-08-11T19:55:27Z' uid='147510' user='woodpeck_fixbot' visible='true' version='2' changeset='2111473' lat='48.064453' lon='-96.965396' />
  <node id='187828352' timestamp='2009-08-11T19:55:27Z' uid='147510' user='woodpeck_fixbot' visible='true' version='2' changeset='2111473' lat='48.064458' lon='-96.967944' />
  <node id='187828355' timestamp='2023-12-29T22:25:26Z' uid='2088464' user='Spencer_MHD' visible='true' version='3' changeset='145679494' lat='48.0643534' lon='-96.9871021' />
  <node id='187828359' timestamp='2009-08-11T19:55:27Z' uid='147510' user='woodpeck_fixbot' visible='true' version='2' changeset='2111473' lat='48.064381' lon='-96.990746' />
  <node id='187828361' timestamp='2023-12-29T22:25:26Z' uid='2088464' user='Spencer_MHD' visible='true' version='3' changeset='145679494' lat='48.0643519' lon='-97.0003211' />
  <node id='187828362' timestamp='2023-12-29T22:25:26Z' uid='2088464' user='Spencer_MHD' visible='true' version='3' changeset='145679494' lat='48.0643343' lon='-97.0066228' />
  <node id='187828363' timestamp='2015-01-20T00:21:35Z' uid='37392' user='25or6to4' visible='true' version='3' changeset='28266450' lat='48.0643074' lon='-97.0195332' />
  <node id='187828364' timestamp='2023-12-29T22:25:26Z' uid='2088464' user='Spencer_MHD' visible='true' version='3' changeset='145679494' lat='48.0643095' lon='-97.0304254' />
  <node id='187828367' timestamp='2023-12-29T22:25:26Z' uid='2088464' user='Spencer_MHD' visible='true' version='3' changeset='145679494' lat='48.0643239' lon='-97.0411069' />
  <node id='187828369' timestamp='2023-12-29T22:25:26Z' uid='2088464' user='Spencer_MHD' visible='true' version='3' changeset='145679494' lat='48.0644871' lon='-97.0628045' />
  <node id='187828370' action='delete' timestamp='2023-12-29T22:25:26Z' uid='2088464' user='Spencer_MHD' visible='true' version='3' changeset='145679494' lat='48.064503' lon='-97.0656096' />
  <node id='187828371' action='modify' timestamp='2023-12-29T22:25:26Z' uid='2088464' user='Spencer_MHD' visible='true' version='3' changeset='145679494' lat='48.06448222745' lon='-97.06600440122' />
  <node id='187828372' timestamp='2023-12-29T22:25:26Z' uid='2088464' user='Spencer_MHD' visible='true' version='3' changeset='145679494' lat='48.0645134' lon='-97.0688924' />
  <node id='187828373' timestamp='2023-12-29T22:25:26Z' uid='2088464' user='Spencer_MHD' visible='true' version='3' changeset='145679494' lat='48.0645339' lon='-97.0712855' />
  <node id='187828374' timestamp='2023-12-29T22:25:26Z' uid='2088464' user='Spencer_MHD' visible='true' version='3' changeset='145679494' lat='48.0644651' lon='-97.0821894' />
  <node id='187828375' timestamp='2023-12-29T22:25:26Z' uid='2088464' user='Spencer_MHD' visible='true' version='3' changeset='145679494' lat='48.0644483' lon='-97.0835389' />
  <node id='187828376' action='modify' timestamp='2023-12-29T22:25:26Z' uid='2088464' user='Spencer_MHD' visible='true' version='3' changeset='145679494' lat='48.06441330867' lon='-97.08411188895' />
  <node id='187828617' timestamp='2024-12-13T16:33:58Z' uid='38487' user='jumbanho' visible='true' version='3' changeset='160253170' lat='48.1224591' lon='-96.9552' />
  <node id='187828697' action='modify' timestamp='2009-08-11T19:55:39Z' uid='147510' user='woodpeck_fixbot' visible='true' version='2' changeset='2111473' lat='48.06368852698' lon='-97.06698687616' />
  <node id='187829052' timestamp='2015-08-04T22:42:12Z' uid='2930607' user='MatthewKluft' visible='true' version='3' changeset='33115379' lat='48.1223394' lon='-97.0654525' />
  <node id='187829053' timestamp='2015-08-04T23:34:45Z' uid='2930607' user='MatthewKluft' visible='true' version='3' changeset='33115913' lat='48.1223137' lon='-97.0201433' />
  <node id='187829054' timestamp='2009-08-11T19:56:06Z' uid='147510' user='woodpeck_fixbot' visible='true' version='2' changeset='2111473' lat='48.122453' lon='-97.000349' />
  <node id='187829055' timestamp='2009-08-11T19:56:06Z' uid='147510' user='woodpeck_fixbot' visible='true' version='2' changeset='2111473' lat='48.122477' lon='-96.998547' />
  <node id='187829056' timestamp='2009-08-11T19:56:06Z' uid='147510' user='woodpeck_fixbot' visible='true' version='2' changeset='2111473' lat='48.122557' lon='-96.933545' />
  <node id='187829058' timestamp='2009-08-11T19:56:06Z' uid='147510' user='woodpeck_fixbot' visible='true' version='2' changeset='2111473' lat='48.122553' lon='-96.911775' />
  <node id='187829060' timestamp='2009-08-11T19:56:06Z' uid='147510' user='woodpeck_fixbot' visible='true' version='2' changeset='2111473' lat='48.122567' lon='-96.890108' />
  <node id='187829061' timestamp='2009-08-11T19:56:06Z' uid='147510' user='woodpeck_fixbot' visible='true' version='2' changeset='2111473' lat='48.122652' lon='-96.875345' />
  <node id='187829062' timestamp='2009-08-11T19:56:06Z' uid='147510' user='woodpeck_fixbot' visible='true' version='2' changeset='2111473' lat='48.122734' lon='-96.836024' />
  <node id='187829064' timestamp='2022-04-29T20:28:12Z' uid='13977135' user='wcedmisten' visible='true' version='3' changeset='120363891' lat='48.1226828' lon='-96.7819175' />
  <node id='187829066' timestamp='2022-04-29T20:28:12Z' uid='13977135' user='wcedmisten' visible='true' version='3' changeset='120363891' lat='48.1226588' lon='-96.7673843' />
  <node id='187829067' timestamp='2022-04-29T20:28:12Z' uid='13977135' user='wcedmisten' visible='true' version='3' changeset='120363891' lat='48.1227018' lon='-96.7503477' />
  <node id='187829070' timestamp='2022-04-29T20:28:12Z' uid='13977135' user='wcedmisten' visible='true' version='3' changeset='120363891' lat='48.122768' lon='-96.7389282' />
  <node id='187829072' timestamp='2012-08-14T02:47:12Z' uid='502142' user='Mulad' visible='true' version='3' changeset='12721728' lat='48.1226984' lon='-96.7279718' />
  <node id='187829153' action='modify' timestamp='2024-07-02T14:29:32Z' uid='2088464' user='Spencer_MHD' visible='true' version='3' changeset='153460263' lat='48.08994126671' lon='-97.09891820335' />
  <node id='187829155' action='modify' timestamp='2024-07-02T14:29:32Z' uid='2088464' user='Spencer_MHD' visible='true' version='3' changeset='153460263' lat='48.09000495833' lon='-97.09777752421' />
  <node id='187829156' action='delete' timestamp='2024-07-02T14:29:32Z' uid='2088464' user='Spencer_MHD' visible='true' version='3' changeset='153460263' lat='48.0902326' lon='-97.0976508' />
  <node id='187829157' action='modify' timestamp='2024-07-02T14:29:32Z' uid='2088464' user='Spencer_MHD' visible='true' version='3' changeset='153460263' lat='48.091739' lon='-97.09742518895' />
  <node id='187829158' action='modify' timestamp='2024-07-02T14:29:32Z' uid='2088464' user='Spencer_MHD' visible='true' version='3' changeset='153460263' lat='48.09282511467' lon='-97.09724142047' />
  <node id='187829162' action='modify' timestamp='2024-07-02T14:29:32Z' uid='2088464' user='Spencer_MHD' visible='true' version='3' changeset='153460263' lat='48.09324479887' lon='-97.09712255091' />
  <node id='187829164' action='modify' timestamp='2024-10-24T14:37:42Z' uid='9158193' user='googleplex' visible='true' version='3' changeset='158300193' lat='48.0932431796' lon='-97.0966056' />
  <node id='187829165' action='modify' timestamp='2024-10-24T14:37:42Z' uid='9158193' user='googleplex' visible='true' version='3' changeset='158300193' lat='48.09325089774' lon='-97.0944026' />
  <node id='187829166' action='modify' timestamp='2024-07-02T14:29:32Z' uid='2088464' user='Spencer_MHD' visible='true' version='3' changeset='153460263' lat='48.09331559351' lon='-97.0869875' />
  <node id='187829168' timestamp='2009-08-11T19:56:10Z' uid='147510' user='woodpeck_fixbot' visible='true' version='2' changeset='2111473' lat='48.093311' lon='-97.081477' />
  <node id='187829170' timestamp='2024-07-02T14:29:32Z' uid='2088464' user='Spencer_MHD' visible='true' version='3' changeset='153460263' lat='48.0934536' lon='-97.073975' />
  <node id='187829171' timestamp='2015-08-04T23:25:25Z' uid='2930607' user='MatthewKluft' visible='true' version='3' changeset='33115833' lat='48.0934685' lon='-97.0631105' />
  <node id='187829172' timestamp='2024-07-02T14:29:32Z' uid='2088464' user='Spencer_MHD' visible='true' version='4' changeset='153460263' lat='48.0933451' lon='-97.0415079' />
  <node id='187830241' timestamp='2024-07-02T14:29:32Z' uid='2088464' user='Spencer_MHD' visible='true' version='3' changeset='153460263' lat='48.093613' lon='-97.0870059' />
  <node id='187830297' timestamp='2009-08-11T19:56:40Z' uid='147510' user='woodpeck_fixbot' visible='true' version='2' changeset='2111473' lat='48.094095' lon='-97.081433' />
  <node id='187830310' action='delete' timestamp='2022-12-01T22:32:21Z' uid='2088464' user='Spencer_MHD' visible='true' version='3' changeset='129622551' lat='48.078796604' lon='-97.08450903742' />
  <node id='187830311' action='delete' timestamp='2022-12-01T22:32:21Z' uid='2088464' user='Spencer_MHD' visible='true' version='3' changeset='129622551' lat='48.07973433211' lon='-97.08452844907' />
  <node id='187830419' timestamp='2015-08-04T22:42:12Z' uid='2930607' user='MatthewKluft' visible='true' version='3' changeset='33115379' lat='48.1019624' lon='-97.0632052' />
  <node id='187830423' timestamp='2015-08-04T22:42:12Z' uid='2930607' user='MatthewKluft' visible='true' version='3' changeset='33115379' lat='48.1019276' lon='-97.0622673' />
  <node id='187830434' timestamp='2015-08-04T22:42:12Z' uid='2930607' user='MatthewKluft' visible='true' version='3' changeset='33115379' lat='48.0999963' lon='-97.0631791' />
  <node id='187830436' timestamp='2009-08-11T19:56:44Z' uid='147510' user='woodpeck_fixbot' visible='true' version='2' changeset='2111473' lat='48.100023' lon='-97.065168' />
  <node id='187830613' timestamp='2024-07-02T14:29:32Z' uid='2088464' user='Spencer_MHD' visible='true' version='3' changeset='153460263' lat='48.0788205' lon='-97.0247619' />
  <node id='187831262' timestamp='2024-07-02T14:29:32Z' uid='2088464' user='Spencer_MHD' visible='true' version='3' changeset='153460263' lat='48.0788595' lon='-97.0413504' />
  <node id='187833285' action='modify' timestamp='2024-07-02T14:29:32Z' uid='2088464' user='Spencer_MHD' visible='true' version='3' changeset='153460263' lat='48.09328264415' lon='-97.10028809496' />
  <node id='187833287' action='delete' timestamp='2024-07-02T14:29:32Z' uid='2088464' user='Spencer_MHD' visible='true' version='3' changeset='153460263' lat='48.0932851' lon='-97.1002478' />
  <node id='187833289' action='delete' timestamp='2024-07-02T14:29:32Z' uid='2088464' user='Spencer_MHD' visible='true' version='3' changeset='153460263' lat='48.0937629' lon='-97.1004292' />
  <node id='187833291' action='delete' timestamp='2024-07-02T14:29:32Z' uid='2088464' user='Spencer_MHD' visible='true' version='3' changeset='153460263' lat='48.0946952' lon='-97.100388' />
  <node id='187833970' timestamp='2019-05-24T20:27:24Z' uid='9549981' user='DavidLiu5059' visible='true' version='3' changeset='70598579' lat='48.1443268' lon='-97.1069692' />
  <node id='187834234' timestamp='2009-08-11T19:58:53Z' uid='147510' user='woodpeck_fixbot' visible='true' version='2' changeset='2111473' lat='48.131154' lon='-97.122256' />
  <node id='187835579' timestamp='2015-08-04T23:25:25Z' uid='2930607' user='MatthewKluft' visible='true' version='3' changeset='33115833' lat='48.1225511' lon='-97.0904601' />
  <node id='187835581' timestamp='2009-08-11T19:59:41Z' uid='147510' user='woodpeck_fixbot' visible='true' version='2' changeset='2111473' lat='48.124982' lon='-97.090624' />
  <node id='187835583' timestamp='2009-08-11T19:59:41Z' uid='147510' user='woodpeck_fixbot' visible='true' version='2' changeset='2111473' lat='48.125621' lon='-97.090596' />
  <node id='187835596' timestamp='2015-08-04T23:25:25Z' uid='2930607' user='MatthewKluft' visible='true' version='3' changeset='33115833' lat='48.122438' lon='-97.0752906' />
  <node id='187835598' timestamp='2009-08-11T19:59:41Z' uid='147510' user='woodpeck_fixbot' visible='true' version='2' changeset='2111473' lat='48.119855' lon='-97.075194' />
  <node id='187836101' timestamp='2015-08-04T23:25:26Z' uid='2930607' user='MatthewKluft' visible='true' version='3' changeset='33115833' lat='48.1225464' lon='-97.1043823' />
  <node id='187836218' timestamp='2015-08-05T00:58:53Z' uid='2930607' user='MatthewKluft' visible='true' version='3' changeset='33116401' lat='48.1078887' lon='-97.000252' />
  <node id='187836220' timestamp='2009-08-11T19:59:56Z' uid='147510' user='woodpeck_fixbot' visible='true' version='2' changeset='2111473' lat='48.107665' lon='-97.047669' />
  <node id='187836221' timestamp='2015-08-04T22:42:12Z' uid='2930607' user='MatthewKluft' visible='true' version='3' changeset='33115379' lat='48.1077646' lon='-97.0633094' />
  <node id='187836223' action='modify' timestamp='2015-08-04T23:25:26Z' uid='2930607' user='MatthewKluft' visible='true' version='3' changeset='33115833' lat='48.10794964868' lon='-97.08498750122' />
  <node id='187836229' timestamp='2015-08-04T23:34:45Z' uid='2930607' user='MatthewKluft' visible='true' version='4' changeset='33115913' lat='48.1082513' lon='-97.106564' />
  <node id='187836231' action='modify' timestamp='2015-08-04T23:34:45Z' uid='2930607' user='MatthewKluft' visible='true' version='3' changeset='33115913' lat='48.10819223925' lon='-97.10920323054' />
  <node id='187836233' action='modify' timestamp='2015-08-04T23:34:45Z' uid='2930607' user='MatthewKluft' visible='true' version='3' changeset='33115913' lat='48.10798204534' lon='-97.11357945068' />
  <node id='187836235' action='modify' timestamp='2015-08-04T23:34:45Z' uid='2930607' user='MatthewKluft' visible='true' version='3' changeset='33115913' lat='48.10800016998' lon='-97.11402163163' />
  <node id='187836237' action='modify' timestamp='2015-08-04T23:34:45Z' uid='2930607' user='MatthewKluft' visible='true' version='3' changeset='33115913' lat='48.10804828821' lon='-97.11437759914' />
  <node id='187836239' action='modify' timestamp='2015-08-04T23:34:45Z' uid='2930607' user='MatthewKluft' visible='true' version='3' changeset='33115913' lat='48.10807407565' lon='-97.11484526967' />
  <node id='187836412' timestamp='2024-07-02T14:29:32Z' uid='2088464' user='Spencer_MHD' visible='true' version='3' changeset='153460263' lat='48.0789283' lon='-97.0538603' />
  <node id='187836615' timestamp='2009-08-11T20:00:07Z' uid='147510' user='woodpeck_fixbot' visible='true' version='2' changeset='2111473' lat='48.057815' lon='-97.062477' />
  <node id='187838377' action='modify' timestamp='2020-08-20T19:18:12Z' uid='214969' user='AndrewBuck' visible='true' version='3' changeset='89708593' lat='48.07889503609' lon='-97.07359348343' />
  <node id='187838378' action='modify' timestamp='2020-08-20T19:18:12Z' uid='214969' user='AndrewBuck' visible='true' version='3' changeset='89708593' lat='48.07754316024' lon='-97.07346527791' />
  <node id='187838380' action='modify' timestamp='2020-08-20T19:18:12Z' uid='214969' user='AndrewBuck' visible='true' version='3' changeset='89708593' lat='48.07731063936' lon='-97.07348943681' />
  <node id='187839709' timestamp='2015-08-04T23:25:25Z' uid='2930607' user='MatthewKluft' visible='true' version='3' changeset='33115833' lat='48.0862311' lon='-97.0630301' />
  <node id='187839710' timestamp='2009-08-11T20:01:36Z' uid='147510' user='woodpeck_fixbot' visible='true' version='2' changeset='2111473' lat='48.086161' lon='-97.056704' />
  <node id='187841721' timestamp='2023-12-29T22:25:26Z' uid='2088464' user='Spencer_MHD' visible='true' version='3' changeset='145679494' lat='48.063381' lon='-97.0849949' />
  <node id='187841737' timestamp='2023-12-29T22:25:26Z' uid='2088464' user='Spencer_MHD' visible='true' version='3' changeset='145679494' lat='48.0654351' lon='-97.0822327' />
  <node id='187841745' timestamp='2020-08-20T19:18:12Z' uid='214969' user='AndrewBuck' visible='true' version='4' changeset='89708593' lat='48.1068025' lon='-97.0724729' />
  <node id='187841884' timestamp='2024-07-02T14:29:32Z' uid='2088464' user='Spencer_MHD' visible='true' version='3' changeset='153460263' lat='48.0788565' lon='-97.0401115' />
  <node id='187841942' timestamp='2024-07-02T14:29:32Z' uid='2088464' user='Spencer_MHD' visible='true' version='3' changeset='153460263' lat='48.0788515' lon='-97.0383513' />
  <node id='187845232' timestamp='2024-08-05T18:05:14Z' uid='19397163' user='solarcruiser' visible='true' version='4' changeset='154862803' lat='48.1226942' lon='-96.7274592'>
    <tag k='crossing:barrier' v='no' />
    <tag k='railway' v='level_crossing' />
  </node>
  <node id='187845255' timestamp='2012-08-14T02:47:15Z' uid='502142' user='Mulad' visible='true' version='3' changeset='12721728' lat='48.0647293' lon='-96.6930015'>
    <tag k='railway' v='level_crossing' />
  </node>
  <node id='187848098' timestamp='2009-08-11T20:05:39Z' uid='147510' user='woodpeck_fixbot' visible='true' version='2' changeset='2111473' lat='48.053303' lon='-97.062565' />
  <node id='187848100' timestamp='2009-08-11T20:05:39Z' uid='147510' user='woodpeck_fixbot' visible='true' version='2' changeset='2111473' lat='48.054559' lon='-97.062437' />
  <node id='187848102' timestamp='2009-08-11T20:05:39Z' uid='147510' user='woodpeck_fixbot' visible='true' version='2' changeset='2111473' lat='48.058596' lon='-97.062489' />
  <node id='187848104' action='modify' timestamp='2024-07-02T14:29:32Z' uid='2088464' user='Spencer_MHD' visible='true' version='3' changeset='153460263' lat='48.078960544' lon='-97.06297500675' />
  <node id='187848106' action='modify' timestamp='2015-08-04T23:25:25Z' uid='2930607' user='MatthewKluft' visible='true' version='3' changeset='33115833' lat='48.07907763196' lon='-97.06295648651' />
  <node id='187853857' timestamp='2015-08-04T22:42:12Z' uid='2930607' user='MatthewKluft' visible='true' version='3' changeset='33115379' lat='48.1223658' lon='-97.0681968' />
  <node id='187853859' timestamp='2015-08-04T23:25:25Z' uid='2930607' user='MatthewKluft' visible='true' version='3' changeset='33115833' lat='48.1225332' lon='-97.0924021' />
  <node id='187853871' timestamp='2009-08-11T20:08:45Z' uid='147510' user='woodpeck_fixbot' visible='true' version='2' changeset='2111473' lat='48.080044' lon='-97.062851' />
  <node id='187853873' timestamp='2009-08-11T20:08:45Z' uid='147510' user='woodpeck_fixbot' visible='true' version='2' changeset='2111473' lat='48.080364' lon='-97.062919' />
  <node id='187853875' timestamp='2009-08-11T20:08:45Z' uid='147510' user='woodpeck_fixbot' visible='true' version='2' changeset='2111473' lat='48.081185' lon='-97.062921' />
  <node id='187853877' timestamp='2015-08-04T22:42:12Z' uid='2930607' user='MatthewKluft' visible='true' version='3' changeset='33115379' lat='48.1048412' lon='-97.0632811' />
  <node id='187853879' timestamp='2015-08-04T22:42:12Z' uid='2930607' user='MatthewKluft' visible='true' version='3' changeset='33115379' lat='48.1065294' lon='-97.0632964' />
  <node id='187853881' timestamp='2015-08-04T22:42:12Z' uid='2930607' user='MatthewKluft' visible='true' version='3' changeset='33115379' lat='48.1074247' lon='-97.0633072' />
  <node id='187853883' timestamp='2015-08-04T22:42:12Z' uid='2930607' user='MatthewKluft' visible='true' version='3' changeset='33115379' lat='48.1112352' lon='-97.0632834' />
  <node id='187853885' timestamp='2024-07-02T14:29:32Z' uid='2088464' user='Spencer_MHD' visible='true' version='4' changeset='153460263' lat='48.1211331' lon='-97.0635255' />
  <node id='187853886' timestamp='2015-08-04T22:42:12Z' uid='2930607' user='MatthewKluft' visible='true' version='3' changeset='33115379' lat='48.122012' lon='-97.0642979' />
  <node id='187853887' action='modify' timestamp='2022-12-01T22:32:21Z' uid='2088464' user='Spencer_MHD' visible='true' version='3' changeset='129622551' lat='48.07876383255' lon='-97.08961724141' />
  <node id='187853891' action='modify' timestamp='2009-08-11T20:08:45Z' uid='147510' user='woodpeck_fixbot' visible='true' version='2' changeset='2111473' lat='48.07888061612' lon='-97.07540193006' />
  <node id='187853893' timestamp='2015-08-04T23:25:25Z' uid='2930607' user='MatthewKluft' visible='true' version='3' changeset='33115833' lat='48.0789592' lon='-97.0602736' />
  <node id='187853895' timestamp='2009-08-11T20:08:45Z' uid='147510' user='woodpeck_fixbot' visible='true' version='2' changeset='2111473' lat='48.078949' lon='-97.058822' />
  <node id='187853897' timestamp='2024-07-02T14:29:32Z' uid='2088464' user='Spencer_MHD' visible='true' version='3' changeset='153460263' lat='48.0788415' lon='-97.0335687' />
  <node id='187853899' timestamp='2009-08-11T20:08:45Z' uid='147510' user='woodpeck_fixbot' visible='true' version='2' changeset='2111473' lat='48.078663' lon='-97.018462' />
  <node id='187853902' timestamp='2015-01-20T00:21:36Z' uid='37392' user='25or6to4' visible='true' version='4' changeset='28266450' lat='48.0779838' lon='-97.0172047' />
  <node id='187853921' timestamp='2015-08-04T23:25:26Z' uid='2930607' user='MatthewKluft' visible='true' version='3' changeset='33115833' lat='48.1252439' lon='-97.1068622' />
  <node id='187853923' timestamp='2024-07-02T14:29:32Z' uid='2088464' user='Spencer_MHD' visible='true' version='3' changeset='153460263' lat='48.1515217' lon='-97.1070432' />
  <node id='187853932' timestamp='2015-08-04T23:25:26Z' uid='2930607' user='MatthewKluft' visible='true' version='3' changeset='33115833' lat='48.1225974' lon='-97.1048534' />
  <node id='187853934' timestamp='2015-08-04T23:25:26Z' uid='2930607' user='MatthewKluft' visible='true' version='3' changeset='33115833' lat='48.1230115' lon='-97.1060984' />
  <node id='187853936' timestamp='2015-08-04T23:25:26Z' uid='2930607' user='MatthewKluft' visible='true' version='3' changeset='33115833' lat='48.1231423' lon='-97.1062861' />
  <node id='187853957' timestamp='2015-08-04T22:42:12Z' uid='2930607' user='MatthewKluft' visible='true' version='3' changeset='33115379' lat='48.1240182' lon='-97.0634675' />
  <node id='187853959' timestamp='2015-08-04T22:42:12Z' uid='2930607' user='MatthewKluft' visible='true' version='3' changeset='33115379' lat='48.1250529' lon='-97.0634991' />
  <node id='187853961' timestamp='2024-07-02T14:29:32Z' uid='2088464' user='Spencer_MHD' visible='true' version='3' changeset='153460263' lat='48.1511826' lon='-97.0637908' />
  <node id='1030948071' timestamp='2010-12-10T15:20:33Z' uid='28378' user='PHerison' visible='true' version='1' changeset='6606350' lat='48.0722034' lon='-97.1688147' />
  <node id='1030948332' timestamp='2010-12-10T15:20:39Z' uid='28378' user='PHerison' visible='true' version='1' changeset='6606350' lat='48.0736978' lon='-97.1689797' />
  <node id='1030948491' timestamp='2010-12-10T15:20:42Z' uid='28378' user='PHerison' visible='true' version='1' changeset='6606350' lat='48.0677828' lon='-97.1669786' />
  <node id='1030948551' timestamp='2010-12-10T15:20:43Z' uid='28378' user='PHerison' visible='true' version='1' changeset='6606350' lat='48.0736645' lon='-97.1694663' />
  <node id='1645568351' timestamp='2012-02-24T14:07:06Z' uid='214969' user='AndrewBuck' visible='true' version='1' changeset='10778480' lat='47.983436' lon='-97.0634954' />
  <node id='1645568352' timestamp='2020-11-20T19:08:29Z' uid='1333408' user='GMoney0805' visible='true' version='2' changeset='94519746' lat='47.9834386' lon='-97.0637756'>
    <tag k='power' v='tower' />
    <tag k='source' v='Bing' />
  </node>
  <node id='1645568356' timestamp='2020-11-20T19:08:29Z' uid='1333408' user='GMoney0805' visible='true' version='2' changeset='94519746' lat='47.9839362' lon='-97.0643878'>
    <tag k='power' v='tower' />
    <tag k='source' v='Bing' />
  </node>
  <node id='1645568358' timestamp='2020-11-20T19:08:29Z' uid='1333408' user='GMoney0805' visible='true' version='2' changeset='94519746' lat='47.9852554' lon='-97.0660237'>
    <tag k='power' v='tower' />
    <tag k='source' v='Bing' />
  </node>
  <node id='1645568361' timestamp='2020-11-20T19:08:29Z' uid='1333408' user='GMoney0805' visible='true' version='2' changeset='94519746' lat='47.9865084' lon='-97.0675528'>
    <tag k='power' v='tower' />
    <tag k='source' v='Bing' />
  </node>
  <node id='1645568363' timestamp='2020-11-20T19:08:29Z' uid='1333408' user='GMoney0805' visible='true' version='2' changeset='94519746' lat='47.9877952' lon='-97.0691663'>
    <tag k='power' v='tower' />
    <tag k='source' v='Bing' />
  </node>
  <node id='1645568365' timestamp='2020-11-20T19:08:29Z' uid='1333408' user='GMoney0805' visible='true' version='2' changeset='94519746' lat='47.9890782' lon='-97.0707235'>
    <tag k='power' v='tower' />
    <tag k='source' v='Bing' />
  </node>
  <node id='1645568368' timestamp='2020-11-20T19:08:29Z' uid='1333408' user='GMoney0805' visible='true' version='2' changeset='94519746' lat='47.9903499' lon='-97.0722864'>
    <tag k='power' v='tower' />
    <tag k='source' v='Bing' />
  </node>
  <node id='1645568371' timestamp='2020-11-20T19:08:29Z' uid='1333408' user='GMoney0805' visible='true' version='2' changeset='94519746' lat='47.9914335' lon='-97.0736244'>
    <tag k='power' v='tower' />
    <tag k='source' v='Bing' />
  </node>
  <node id='1645568373' timestamp='2020-11-20T19:08:29Z' uid='1333408' user='GMoney0805' visible='true' version='2' changeset='94519746' lat='47.9927691' lon='-97.0752603'>
    <tag k='power' v='tower' />
    <tag k='source' v='Bing' />
  </node>
  <node id='1645568376' timestamp='2020-11-20T19:08:29Z' uid='1333408' user='GMoney0805' visible='true' version='2' changeset='94519746' lat='47.9940558' lon='-97.0768344'>
    <tag k='power' v='tower' />
    <tag k='source' v='Bing' />
  </node>
  <node id='1645568378' timestamp='2020-11-20T19:08:29Z' uid='1333408' user='GMoney0805' visible='true' version='2' changeset='94519746' lat='47.9953199' lon='-97.0783804'>
    <tag k='power' v='tower' />
    <tag k='source' v='Bing' />
  </node>
  <node id='1645568380' timestamp='2020-11-20T19:08:29Z' uid='1333408' user='GMoney0805' visible='true' version='2' changeset='94519746' lat='47.9965876' lon='-97.0799377'>
    <tag k='power' v='tower' />
    <tag k='source' v='Bing' />
  </node>
  <node id='1645568383' timestamp='2020-11-20T19:08:29Z' uid='1333408' user='GMoney0805' visible='true' version='2' changeset='94519746' lat='47.9978742' lon='-97.0815118'>
    <tag k='power' v='tower' />
    <tag k='source' v='Bing' />
  </node>
  <node id='1645568385' timestamp='2020-11-20T19:08:29Z' uid='1333408' user='GMoney0805' visible='true' version='2' changeset='94519746' lat='47.9991307' lon='-97.0830802'>
    <tag k='power' v='tower' />
    <tag k='source' v='Bing' />
  </node>
  <node id='1645568387' timestamp='2020-11-20T19:08:29Z' uid='1333408' user='GMoney0805' visible='true' version='2' changeset='94519746' lat='48.0004172' lon='-97.0846375'>
    <tag k='power' v='tower' />
    <tag k='source' v='Bing' />
  </node>
  <node id='1645568389' timestamp='2020-11-20T19:08:29Z' uid='1333408' user='GMoney0805' visible='true' version='2' changeset='94519746' lat='48.0016849' lon='-97.0861722'>
    <tag k='power' v='tower' />
    <tag k='source' v='Bing' />
  </node>
  <node id='1645568392' timestamp='2020-11-20T19:08:29Z' uid='1333408' user='GMoney0805' visible='true' version='2' changeset='94519746' lat='48.0030052' lon='-97.0877632'>
    <tag k='power' v='tower' />
    <tag k='source' v='Bing' />
  </node>
  <node id='1645568394' timestamp='2020-11-20T19:08:29Z' uid='1333408' user='GMoney0805' visible='true' version='2' changeset='94519746' lat='48.0041336' lon='-97.0891911'>
    <tag k='power' v='tower' />
    <tag k='source' v='Bing' />
  </node>
  <node id='1645568397' timestamp='2025-07-08T13:29:56Z' uid='14100502' user='the_edge01' visible='true' version='3' changeset='168650402' lat='48.0054212' lon='-97.0907911'>
    <tag k='fixme' v='continue' />
    <tag k='power' v='tower' />
    <tag k='source' v='Bing' />
  </node>
  <node id='1865198656' timestamp='2012-08-14T02:46:34Z' uid='502142' user='Mulad' visible='true' version='1' changeset='12721728' lat='48.0647235' lon='-96.6939782' />
  <node id='3681453076' timestamp='2015-08-04T22:42:10Z' uid='2930607' user='MatthewKluft' visible='true' version='1' changeset='33115379' lat='48.1074809' lon='-97.0633076' />
  <node id='3681453077' timestamp='2015-08-04T22:42:10Z' uid='2930607' user='MatthewKluft' visible='true' version='1' changeset='33115379' lat='48.10771' lon='-97.0633091' />
  <node id='3681462610' timestamp='2015-08-04T22:59:27Z' uid='2930607' user='MatthewKluft' visible='true' version='1' changeset='33115609' lat='48.1059278' lon='-97.0632909' />
  <node id='3681462611' timestamp='2015-08-04T22:59:27Z' uid='2930607' user='MatthewKluft' visible='true' version='1' changeset='33115609' lat='48.1074074' lon='-97.0620861' />
  <node id='3681480768' action='modify' timestamp='2015-08-04T23:25:23Z' uid='2930607' user='MatthewKluft' visible='true' version='1' changeset='33115833' lat='48.07917155186' lon='-97.06291202331' />
  <node id='3681480769' action='modify' timestamp='2015-08-04T23:25:23Z' uid='2930607' user='MatthewKluft' visible='true' version='1' changeset='33115833' lat='48.07926591589' lon='-97.0628524411' />
  <node id='3681480770' action='modify' timestamp='2015-08-04T23:25:23Z' uid='2930607' user='MatthewKluft' visible='true' version='1' changeset='33115833' lat='48.07934920784' lon='-97.06278315767' />
  <node id='3681480771' action='modify' timestamp='2015-08-04T23:25:23Z' uid='2930607' user='MatthewKluft' visible='true' version='1' changeset='33115833' lat='48.07942431182' lon='-97.06269252331' />
  <node id='3681480772' action='modify' timestamp='2015-08-04T23:25:23Z' uid='2930607' user='MatthewKluft' visible='true' version='1' changeset='33115833' lat='48.07947769176' lon='-97.06261267116' />
  <node id='3681480773' timestamp='2015-08-04T23:25:23Z' uid='2930607' user='MatthewKluft' visible='true' version='1' changeset='33115833' lat='48.0795187' lon='-97.062534' />
  <node id='3681480774' timestamp='2015-08-04T23:25:24Z' uid='2930607' user='MatthewKluft' visible='true' version='1' changeset='33115833' lat='48.0795513' lon='-97.0624689' />
  <node id='3681480775' timestamp='2015-08-04T23:25:24Z' uid='2930607' user='MatthewKluft' visible='true' version='1' changeset='33115833' lat='48.0789646' lon='-97.060485' />
  <node id='3681480776' timestamp='2015-08-04T23:25:24Z' uid='2930607' user='MatthewKluft' visible='true' version='1' changeset='33115833' lat='48.0789863' lon='-97.0608428' />
  <node id='3681480777' timestamp='2015-08-04T23:25:24Z' uid='2930607' user='MatthewKluft' visible='true' version='1' changeset='33115833' lat='48.0790244' lon='-97.0611517' />
  <node id='3681480778' timestamp='2015-08-04T23:25:24Z' uid='2930607' user='MatthewKluft' visible='true' version='1' changeset='33115833' lat='48.079095' lon='-97.0615258' />
  <node id='3681480779' timestamp='2015-08-04T23:25:24Z' uid='2930607' user='MatthewKluft' visible='true' version='1' changeset='33115833' lat='48.079171' lon='-97.0617453' />
  <node id='3681480780' timestamp='2015-08-04T23:25:24Z' uid='2930607' user='MatthewKluft' visible='true' version='1' changeset='33115833' lat='48.0792797' lon='-97.0620299' />
  <node id='3681480781' timestamp='2015-08-04T23:25:24Z' uid='2930607' user='MatthewKluft' visible='true' version='1' changeset='33115833' lat='48.0794209' lon='-97.0622738' />
  <node id='3681480782' timestamp='2015-08-04T23:25:24Z' uid='2930607' user='MatthewKluft' visible='true' version='1' changeset='33115833' lat='48.0799207' lon='-97.0627942' />
  <node id='3681480783' timestamp='2015-08-04T23:25:24Z' uid='2930607' user='MatthewKluft' visible='true' version='1' changeset='33115833' lat='48.079774' lon='-97.0627047' />
  <node id='3681480784' timestamp='2015-08-04T23:25:24Z' uid='2930607' user='MatthewKluft' visible='true' version='1' changeset='33115833' lat='48.0796599' lon='-97.0626072' />
  <node id='3681480785' timestamp='2015-08-04T23:25:24Z' uid='2930607' user='MatthewKluft' visible='true' version='1' changeset='33115833' lat='48.1226373' lon='-97.1050926' />
  <node id='3681480786' timestamp='2015-08-04T23:25:24Z' uid='2930607' user='MatthewKluft' visible='true' version='1' changeset='33115833' lat='48.1226857' lon='-97.1053152' />
  <node id='3681480787' timestamp='2015-08-04T23:25:24Z' uid='2930607' user='MatthewKluft' visible='true' version='1' changeset='33115833' lat='48.122734' lon='-97.1054842' />
  <node id='3681480788' timestamp='2015-08-04T23:25:24Z' uid='2930607' user='MatthewKluft' visible='true' version='1' changeset='33115833' lat='48.122786' lon='-97.1056505' />
  <node id='3681480789' timestamp='2015-08-04T23:25:24Z' uid='2930607' user='MatthewKluft' visible='true' version='1' changeset='33115833' lat='48.1228397' lon='-97.1057846' />
  <node id='3681480790' timestamp='2015-08-04T23:25:24Z' uid='2930607' user='MatthewKluft' visible='true' version='1' changeset='33115833' lat='48.1229202' lon='-97.1059455' />
  <node id='3681480791' timestamp='2015-08-04T23:25:24Z' uid='2930607' user='MatthewKluft' visible='true' version='1' changeset='33115833' lat='48.1232443' lon='-97.1064042' />
  <node id='3681480792' timestamp='2015-08-04T23:25:24Z' uid='2930607' user='MatthewKluft' visible='true' version='1' changeset='33115833' lat='48.1233535' lon='-97.1065034' />
  <node id='3681480793' timestamp='2015-08-04T23:25:24Z' uid='2930607' user='MatthewKluft' visible='true' version='1' changeset='33115833' lat='48.1234592' lon='-97.1065892' />
  <node id='3681480794' timestamp='2015-08-04T23:25:24Z' uid='2930607' user='MatthewKluft' visible='true' version='1' changeset='33115833' lat='48.1235451' lon='-97.1066429' />
  <node id='3681480795' timestamp='2015-08-04T23:25:24Z' uid='2930607' user='MatthewKluft' visible='true' version='1' changeset='33115833' lat='48.1236328' lon='-97.1066938' />
  <node id='3681480796' timestamp='2015-08-04T23:25:24Z' uid='2930607' user='MatthewKluft' visible='true' version='1' changeset='33115833' lat='48.1237385' lon='-97.1067475' />
  <node id='3681480797' timestamp='2015-08-04T23:25:24Z' uid='2930607' user='MatthewKluft' visible='true' version='1' changeset='33115833' lat='48.1238352' lon='-97.1067877' />
  <node id='3681480798' timestamp='2015-08-04T23:25:24Z' uid='2930607' user='MatthewKluft' visible='true' version='1' changeset='33115833' lat='48.1239659' lon='-97.1068199' />
  <node id='3681480799' timestamp='2015-08-04T23:25:24Z' uid='2930607' user='MatthewKluft' visible='true' version='1' changeset='33115833' lat='48.1078114' lon='-97.0639535' />
  <node id='3681480800' timestamp='2015-08-04T23:25:24Z' uid='2930607' user='MatthewKluft' visible='true' version='1' changeset='33115833' lat='48.1078687' lon='-97.064844' />
  <node id='3681480801' action='modify' timestamp='2015-08-04T23:25:24Z' uid='2930607' user='MatthewKluft' visible='true' version='1' changeset='33115833' lat='48.10755467647' lon='-97.0850024' />
  <node id='3681480802' action='modify' timestamp='2015-08-04T23:25:24Z' uid='2930607' user='MatthewKluft' visible='true' version='1' changeset='33115833' lat='48.10786008107' lon='-97.08500227669' />
  <node id='3681484802' action='modify' timestamp='2015-08-04T23:34:44Z' uid='2930607' user='MatthewKluft' visible='true' version='1' changeset='33115913' lat='48.10812436312' lon='-97.10605563251' />
  <node id='3681484803' action='modify' timestamp='2015-08-04T23:34:44Z' uid='2930607' user='MatthewKluft' visible='true' version='1' changeset='33115913' lat='48.10852318782' lon='-97.10670044358' />
  <node id='3681484804' action='modify' timestamp='2015-08-04T23:34:44Z' uid='2930607' user='MatthewKluft' visible='true' version='1' changeset='33115913' lat='48.10814919013' lon='-97.10628367475' />
  <node id='3681484805' action='modify' timestamp='2015-08-04T23:34:44Z' uid='2930607' user='MatthewKluft' visible='true' version='1' changeset='33115913' lat='48.10818469406' lon='-97.10643696923' />
  <node id='3681484806' action='modify' timestamp='2015-08-04T23:34:44Z' uid='2930607' user='MatthewKluft' visible='true' version='1' changeset='33115913' lat='48.10831479515' lon='-97.10661747755' />
  <node id='3681484807' action='modify' timestamp='2015-08-04T23:34:44Z' uid='2930607' user='MatthewKluft' visible='true' version='1' changeset='33115913' lat='48.10841417595' lon='-97.10666847333' />
  <node id='3681484808' action='modify' timestamp='2015-08-04T23:34:44Z' uid='2930607' user='MatthewKluft' visible='true' version='1' changeset='33115913' lat='48.10821319759' lon='-97.10663781639' />
  <node id='3681484809' action='modify' timestamp='2015-08-04T23:34:44Z' uid='2930607' user='MatthewKluft' visible='true' version='1' changeset='33115913' lat='48.10818244995' lon='-97.10671393831' />
  <node id='3681484810' action='modify' timestamp='2015-08-04T23:34:44Z' uid='2930607' user='MatthewKluft' visible='true' version='1' changeset='33115913' lat='48.10816056646' lon='-97.10680624247' />
  <node id='3681484811' action='modify' timestamp='2015-08-04T23:34:44Z' uid='2930607' user='MatthewKluft' visible='true' version='1' changeset='33115913' lat='48.10815430956' lon='-97.10690829503' />
  <node id='3681484812' action='modify' timestamp='2015-08-04T23:34:44Z' uid='2930607' user='MatthewKluft' visible='true' version='1' changeset='33115913' lat='48.10816443607' lon='-97.1072088' />
  <node id='3681484813' action='modify' timestamp='2015-08-04T23:34:44Z' uid='2930607' user='MatthewKluft' visible='true' version='1' changeset='33115913' lat='48.10817166367' lon='-97.10958227782' />
  <node id='3681484814' action='modify' timestamp='2015-08-04T23:34:44Z' uid='2930607' user='MatthewKluft' visible='true' version='1' changeset='33115913' lat='48.10808168882' lon='-97.10998231384' />
  <node id='3681484815' action='modify' timestamp='2015-08-04T23:34:44Z' uid='2930607' user='MatthewKluft' visible='true' version='1' changeset='33115913' lat='48.10799928588' lon='-97.11025770679' />
  <node id='3681484816' action='modify' timestamp='2015-08-04T23:34:44Z' uid='2930607' user='MatthewKluft' visible='true' version='1' changeset='33115913' lat='48.10796588327' lon='-97.11045893728' />
  <node id='3681484817' action='modify' timestamp='2015-08-04T23:34:44Z' uid='2930607' user='MatthewKluft' visible='true' version='1' changeset='33115913' lat='48.10797795499' lon='-97.11114001859' />
  <node id='3681484818' action='modify' timestamp='2015-08-04T23:34:44Z' uid='2930607' user='MatthewKluft' visible='true' version='1' changeset='33115913' lat='48.10796076743' lon='-97.11065667182' />
  <node id='3681484820' timestamp='2024-07-02T14:29:32Z' uid='2088464' user='Spencer_MHD' visible='true' version='2' changeset='153460263' lat='48.1077112' lon='-97.0416405' />
  <node id='3990170139' timestamp='2025-07-08T13:29:56Z' uid='14100502' user='the_edge01' visible='true' version='2' changeset='168650402' lat='48.1980634' lon='-97.1686747'>
    <tag k='power' v='tower' />
    <tag k='switch' v='yes' />
  </node>
  <node id='4160641118' timestamp='2016-05-02T07:47:38Z' uid='52797' user='hofoen' visible='true' version='1' changeset='39031996' lat='48.1055122' lon='-97.1651754' />
  <node id='4160641119' timestamp='2016-05-02T07:47:38Z' uid='52797' user='hofoen' visible='true' version='1' changeset='39031996' lat='48.1055533' lon='-97.1648669' />
  <node id='4160641120' timestamp='2016-05-02T07:47:38Z' uid='52797' user='hofoen' visible='true' version='1' changeset='39031996' lat='48.1056411' lon='-97.1657306' />
  <node id='4160641121' timestamp='2016-05-02T07:47:38Z' uid='52797' user='hofoen' visible='true' version='1' changeset='39031996' lat='48.1056859' lon='-97.16447' />
  <node id='4160641122' timestamp='2016-05-02T07:47:38Z' uid='52797' user='hofoen' visible='true' version='1' changeset='39031996' lat='48.1057826' lon='-97.1643278' />
  <node id='4160641123' timestamp='2016-05-02T07:47:38Z' uid='52797' user='hofoen' visible='true' version='1' changeset='39031996' lat='48.1057862' lon='-97.1660042' />
  <node id='4160641124' timestamp='2016-05-02T07:47:38Z' uid='52797' user='hofoen' visible='true' version='1' changeset='39031996' lat='48.1059348' lon='-97.1661571' />
  <node id='4160641125' timestamp='2016-05-02T07:47:38Z' uid='52797' user='hofoen' visible='true' version='1' changeset='39031996' lat='48.1060154' lon='-97.164183' />
  <node id='4160641126' timestamp='2016-05-02T07:47:38Z' uid='52797' user='hofoen' visible='true' version='1' changeset='39031996' lat='48.1061086' lon='-97.1662563' />
  <node id='4160641127' timestamp='2016-05-02T07:47:38Z' uid='52797' user='hofoen' visible='true' version='1' changeset='39031996' lat='48.1062823' lon='-97.1640596' />
  <node id='4160641128' timestamp='2016-05-02T07:47:38Z' uid='52797' user='hofoen' visible='true' version='1' changeset='39031996' lat='48.106311' lon='-97.1663958' />
  <node id='4160641129' timestamp='2016-05-02T07:47:38Z' uid='52797' user='hofoen' visible='true' version='1' changeset='39031996' lat='48.1064399' lon='-97.1665996' />
  <node id='4160641130' timestamp='2016-05-02T07:47:38Z' uid='52797' user='hofoen' visible='true' version='1' changeset='39031996' lat='48.1064525' lon='-97.163904' />
  <node id='4160641132' timestamp='2016-05-02T07:47:38Z' uid='52797' user='hofoen' visible='true' version='1' changeset='39031996' lat='48.1065402' lon='-97.1637082' />
  <node id='4160641133' timestamp='2016-05-02T07:47:38Z' uid='52797' user='hofoen' visible='true' version='1' changeset='39031996' lat='48.1065778' lon='-97.1542132' />
  <node id='5070957446' timestamp='2020-08-20T19:18:12Z' uid='214969' user='AndrewBuck' visible='true' version='2' changeset='89708593' lat='48.0501531' lon='-97.0625025' />
  <node id='5427192310' timestamp='2018-02-21T18:19:31Z' uid='2795667' user='Saucon Support' visible='true' version='1' changeset='56557465' lat='48.0738196' lon='-97.168981' />
  <node id='7638029428' timestamp='2020-06-20T13:22:01Z' uid='141243' user='dpp' visible='true' version='1' changeset='86911189' lat='48.063194' lon='-97.1272784' />
  <node id='7826650987' timestamp='2020-08-19T16:53:32Z' uid='214969' user='AndrewBuck' visible='true' version='1' changeset='89646201' lat='48.0633132' lon='-97.1136113' />
  <node id='7830455302' timestamp='2020-08-20T19:18:12Z' uid='214969' user='AndrewBuck' visible='true' version='1' changeset='89708593' lat='48.1066172' lon='-97.0720249' />
  <node id='7830455303' timestamp='2020-08-20T19:18:12Z' uid='214969' user='AndrewBuck' visible='true' version='1' changeset='89708593' lat='48.1066709' lon='-97.072037' />
  <node id='7830455304' timestamp='2020-08-20T19:18:12Z' uid='214969' user='AndrewBuck' visible='true' version='1' changeset='89708593' lat='48.1067246' lon='-97.0720813' />
  <node id='7830455305' timestamp='2020-08-20T19:18:12Z' uid='214969' user='AndrewBuck' visible='true' version='1' changeset='89708593' lat='48.106764' lon='-97.0721564' />
  <node id='7830455306' timestamp='2020-08-20T19:18:12Z' uid='214969' user='AndrewBuck' visible='true' version='1' changeset='89708593' lat='48.1067793' lon='-97.072257' />
  <node id='7830455307' timestamp='2020-08-20T19:18:12Z' uid='214969' user='AndrewBuck' visible='true' version='1' changeset='89708593' lat='48.1067828' lon='-97.0723777' />
  <node id='7830455308' timestamp='2020-08-20T19:18:12Z' uid='214969' user='AndrewBuck' visible='true' version='1' changeset='89708593' lat='48.1068572' lon='-97.0725359' />
  <node id='7830455309' timestamp='2020-08-20T19:18:12Z' uid='214969' user='AndrewBuck' visible='true' version='1' changeset='89708593' lat='48.106927' lon='-97.0725574' />
  <node id='7830455310' timestamp='2020-08-20T19:18:12Z' uid='214969' user='AndrewBuck' visible='true' version='1' changeset='89708593' lat='48.1073264' lon='-97.0725507' />
  <node id='7830455311' timestamp='2020-08-20T19:18:12Z' uid='214969' user='AndrewBuck' visible='true' version='1' changeset='89708593' lat='48.1073819' lon='-97.0725077' />
  <node id='7830455312' action='modify' timestamp='2020-08-20T19:18:12Z' uid='214969' user='AndrewBuck' visible='true' version='1' changeset='89708593' lat='48.06983765339' lon='-97.0668455914' />
  <node id='7830455313' action='delete' timestamp='2020-08-20T19:18:12Z' uid='214969' user='AndrewBuck' visible='true' version='1' changeset='89708593' lat='48.0697364' lon='-97.0668899' />
  <node id='7830455314' action='delete' timestamp='2020-08-20T19:18:12Z' uid='214969' user='AndrewBuck' visible='true' version='1' changeset='89708593' lat='48.0696736' lon='-97.0668711' />
  <node id='7830455315' action='modify' timestamp='2020-08-20T19:18:12Z' uid='214969' user='AndrewBuck' visible='true' version='1' changeset='89708593' lat='48.06958370901' lon='-97.06677948317' />
  <node id='7830455316' action='delete' timestamp='2020-08-20T19:18:12Z' uid='214969' user='AndrewBuck' visible='true' version='1' changeset='89708593' lat='48.0695957' lon='-97.0666967' />
  <node id='7830455317' action='modify' timestamp='2020-08-20T19:18:12Z' uid='214969' user='AndrewBuck' visible='true' version='1' changeset='89708593' lat='48.0695464151' lon='-97.0663199' />
  <node id='7830459590' timestamp='2020-08-20T19:18:12Z' uid='214969' user='AndrewBuck' visible='true' version='1' changeset='89708593' lat='48.1068545' lon='-97.1529686' />
  <node id='7830459591' timestamp='2020-08-20T19:18:12Z' uid='214969' user='AndrewBuck' visible='true' version='1' changeset='89708593' lat='48.1067667' lon='-97.1528775' />
  <node id='7830459592' timestamp='2020-08-20T19:18:12Z' uid='214969' user='AndrewBuck' visible='true' version='1' changeset='89708593' lat='48.1066861' lon='-97.1528667' />
  <node id='7830459598' timestamp='2020-08-20T19:18:12Z' uid='214969' user='AndrewBuck' visible='true' version='1' changeset='89708593' lat='48.0827756' lon='-97.1454906' />
  <node id='7830459599' timestamp='2020-08-20T19:18:12Z' uid='214969' user='AndrewBuck' visible='true' version='1' changeset='89708593' lat='48.0828554' lon='-97.1454088' />
  <node id='7830459600' timestamp='2020-08-20T19:18:12Z' uid='214969' user='AndrewBuck' visible='true' version='1' changeset='89708593' lat='48.0830032' lon='-97.145315' />
  <node id='7830459601' timestamp='2020-08-20T19:18:12Z' uid='214969' user='AndrewBuck' visible='true' version='1' changeset='89708593' lat='48.0830462' lon='-97.1452157' />
  <node id='7830459602' timestamp='2020-08-20T19:18:12Z' uid='214969' user='AndrewBuck' visible='true' version='1' changeset='89708593' lat='48.0830417' lon='-97.1451554' />
  <node id='7830459603' timestamp='2020-08-20T19:18:12Z' uid='214969' user='AndrewBuck' visible='true' version='1' changeset='89708593' lat='48.0830095' lon='-97.1451111' />
  <node id='7830459604' timestamp='2020-08-20T19:18:12Z' uid='214969' user='AndrewBuck' visible='true' version='1' changeset='89708593' lat='48.082919' lon='-97.1450923' />
  <node id='7830459605' timestamp='2020-08-20T19:18:12Z' uid='214969' user='AndrewBuck' visible='true' version='1' changeset='89708593' lat='48.0828339' lon='-97.1451084' />
  <node id='7830459606' timestamp='2020-08-20T19:18:12Z' uid='214969' user='AndrewBuck' visible='true' version='1' changeset='89708593' lat='48.082773' lon='-97.145146' />
  <node id='7830459607' timestamp='2020-08-20T19:18:12Z' uid='214969' user='AndrewBuck' visible='true' version='1' changeset='89708593' lat='48.0827246' lon='-97.1452144' />
  <node id='7830459608' timestamp='2020-08-20T19:18:12Z' uid='214969' user='AndrewBuck' visible='true' version='1' changeset='89708593' lat='48.082695' lon='-97.1453016' />
  <node id='7830459609' action='modify' timestamp='2020-08-20T19:18:12Z' uid='214969' user='AndrewBuck' visible='true' version='1' changeset='89708593' lat='48.0920664296' lon='-97.1465367' />
  <node id='7830459610' timestamp='2020-08-20T19:18:12Z' uid='214969' user='AndrewBuck' visible='true' version='1' changeset='89708593' lat='48.0776124' lon='-97.1398164' />
  <node id='7830459611' timestamp='2020-08-20T19:18:12Z' uid='214969' user='AndrewBuck' visible='true' version='1' changeset='89708593' lat='48.0776125' lon='-97.1400484' />
  <node id='7830459612' timestamp='2020-08-20T19:18:12Z' uid='214969' user='AndrewBuck' visible='true' version='1' changeset='89708593' lat='48.0587466' lon='-97.1056079' />
  <node id='7830459613' timestamp='2020-08-20T19:18:12Z' uid='214969' user='AndrewBuck' visible='true' version='1' changeset='89708593' lat='48.0590926' lon='-97.1056146' />
  <node id='7830459614' action='delete' timestamp='2020-08-20T19:18:12Z' uid='214969' user='AndrewBuck' visible='true' version='1' changeset='89708593' lat='48.0766937' lon='-97.0759758' />
  <node id='7830459615' action='delete' timestamp='2020-08-20T19:18:12Z' uid='214969' user='AndrewBuck' visible='true' version='1' changeset='89708593' lat='48.076579' lon='-97.0758256' />
  <node id='7830459616' action='modify' timestamp='2020-08-20T19:18:12Z' uid='214969' user='AndrewBuck' visible='true' version='1' changeset='89708593' lat='48.07639980068' lon='-97.07540050426' />
  <node id='7830459617' action='modify' timestamp='2020-08-20T19:18:12Z' uid='214969' user='AndrewBuck' visible='true' version='1' changeset='89708593' lat='48.07632319943' lon='-97.07511219203' />
  <node id='7830459618' action='modify' timestamp='2020-08-20T19:18:12Z' uid='214969' user='AndrewBuck' visible='true' version='1' changeset='89708593' lat='48.07630255874' lon='-97.07499351043' />
  <node id='7830459619' action='modify' timestamp='2020-08-20T19:18:12Z' uid='214969' user='AndrewBuck' visible='true' version='1' changeset='89708593' lat='48.07630521015' lon='-97.07487611779' />
  <node id='7830459620' action='modify' timestamp='2020-08-20T19:18:12Z' uid='214969' user='AndrewBuck' visible='true' version='1' changeset='89708593' lat='48.07634108644' lon='-97.07477626625' />
  <node id='7830459621' action='modify' timestamp='2020-08-20T19:18:12Z' uid='214969' user='AndrewBuck' visible='true' version='1' changeset='89708593' lat='48.07655654941' lon='-97.07443893006' />
  <node id='7830459622' action='modify' timestamp='2020-08-20T19:18:12Z' uid='214969' user='AndrewBuck' visible='true' version='1' changeset='89708593' lat='48.07669101487' lon='-97.07431960122' />
  <node id='7830459623' action='modify' timestamp='2020-08-20T19:18:12Z' uid='214969' user='AndrewBuck' visible='true' version='1' changeset='89708593' lat='48.07732539136' lon='-97.07417944294' />
  <node id='7830459624' action='modify' timestamp='2020-08-20T19:18:12Z' uid='214969' user='AndrewBuck' visible='true' version='1' changeset='89708593' lat='48.07724740397' lon='-97.07419547852' />
  <node id='7830459625' action='modify' timestamp='2020-08-20T19:18:12Z' uid='214969' user='AndrewBuck' visible='true' version='1' changeset='89708593' lat='48.07709917103' lon='-97.07422570245' />
  <node id='7830459626' action='modify' timestamp='2020-08-20T19:18:12Z' uid='214969' user='AndrewBuck' visible='true' version='1' changeset='89708593' lat='48.0773639' lon='-97.07340428957' />
  <node id='7830459627' action='modify' timestamp='2020-08-20T19:18:12Z' uid='214969' user='AndrewBuck' visible='true' version='1' changeset='89708593' lat='48.07715781269' lon='-97.07327154172' />
  <node id='7830459628' action='modify' timestamp='2020-08-20T19:18:12Z' uid='214969' user='AndrewBuck' visible='true' version='1' changeset='89708593' lat='48.07708164842' lon='-97.0732265957' />
  <node id='7830459629' action='modify' timestamp='2020-08-20T19:18:12Z' uid='214969' user='AndrewBuck' visible='true' version='1' changeset='89708593' lat='48.07699700354' lon='-97.07321850245' />
  <node id='7830459630' action='modify' timestamp='2020-08-20T19:18:12Z' uid='214969' user='AndrewBuck' visible='true' version='1' changeset='89708593' lat='48.07694008724' lon='-97.07330364294' />
  <node id='7830459631' action='modify' timestamp='2020-08-20T19:18:12Z' uid='214969' user='AndrewBuck' visible='true' version='1' changeset='89708593' lat='48.07691593568' lon='-97.07346060061' />
  <node id='7830459632' action='modify' timestamp='2020-08-20T19:18:12Z' uid='214969' user='AndrewBuck' visible='true' version='1' changeset='89708593' lat='48.07690961982' lon='-97.07362282515' />
  <node id='7830459633' action='modify' timestamp='2020-08-20T19:18:12Z' uid='214969' user='AndrewBuck' visible='true' version='1' changeset='89708593' lat='48.07695351897' lon='-97.07374089631' />
  <node id='7830459634' action='modify' timestamp='2020-08-20T19:18:12Z' uid='214969' user='AndrewBuck' visible='true' version='1' changeset='89708593' lat='48.07690339912' lon='-97.07377374294' />
  <node id='7830459635' action='modify' timestamp='2020-08-20T19:18:12Z' uid='214969' user='AndrewBuck' visible='true' version='1' changeset='89708593' lat='48.07683525809' lon='-97.07385751227' />
  <node id='7830459636' action='modify' timestamp='2020-08-20T19:18:12Z' uid='214969' user='AndrewBuck' visible='true' version='1' changeset='89708593' lat='48.076795414' lon='-97.07395811779' />
  <node id='7830459637' action='modify' timestamp='2020-08-20T19:18:12Z' uid='214969' user='AndrewBuck' visible='true' version='1' changeset='89708593' lat='48.07677252633' lon='-97.07406539448' />
  <node id='7830459638' action='modify' timestamp='2020-08-20T19:18:12Z' uid='214969' user='AndrewBuck' visible='true' version='1' changeset='89708593' lat='48.07676671094' lon='-97.07418412945' />
  <node id='7830459639' action='modify' timestamp='2020-08-20T19:18:12Z' uid='214969' user='AndrewBuck' visible='true' version='1' changeset='89708593' lat='48.07677789953' lon='-97.07427864724' />
  <node id='7830459640' action='modify' timestamp='2020-08-20T19:18:12Z' uid='214969' user='AndrewBuck' visible='true' version='1' changeset='89708593' lat='48.07681104406' lon='-97.07433970122' />
  <node id='7830459641' action='modify' timestamp='2020-08-20T19:18:12Z' uid='214969' user='AndrewBuck' visible='true' version='1' changeset='89708593' lat='48.07684553964' lon='-97.07437521349' />
  <node id='7830459642' action='modify' timestamp='2020-08-20T19:18:12Z' uid='214969' user='AndrewBuck' visible='true' version='1' changeset='89708593' lat='48.07688901938' lon='-97.07438197852' />
  <node id='7830459643' action='modify' timestamp='2020-08-20T19:18:12Z' uid='214969' user='AndrewBuck' visible='true' version='1' changeset='89708593' lat='48.07693385111' lon='-97.074366473' />
  <node id='7830459644' action='modify' timestamp='2020-08-20T19:18:12Z' uid='214969' user='AndrewBuck' visible='true' version='1' changeset='89708593' lat='48.07696926699' lon='-97.07431489079' />
  <node id='7830459645' action='modify' timestamp='2020-08-20T19:18:12Z' uid='214969' user='AndrewBuck' visible='true' version='1' changeset='89708593' lat='48.07698130708' lon='-97.07423578527' />
  <node id='7830459646' action='modify' timestamp='2020-08-20T19:18:12Z' uid='214969' user='AndrewBuck' visible='true' version='1' changeset='89708593' lat='48.07697239915' lon='-97.07415793497' />
  <node id='7830459647' action='modify' timestamp='2020-08-20T19:18:12Z' uid='214969' user='AndrewBuck' visible='true' version='1' changeset='89708593' lat='48.07696477096' lon='-97.07402247607' />
  <node id='7830459648' action='modify' timestamp='2020-08-20T19:18:12Z' uid='214969' user='AndrewBuck' visible='true' version='1' changeset='89708593' lat='48.07696875467' lon='-97.07388040061' />
  <node id='7830459649' action='modify' timestamp='2020-08-20T19:18:12Z' uid='214969' user='AndrewBuck' visible='true' version='1' changeset='89708593' lat='48.07699972254' lon='-97.07371341594' />
  <node id='7830459650' action='modify' timestamp='2020-08-20T19:18:12Z' uid='214969' user='AndrewBuck' visible='true' version='1' changeset='89708593' lat='48.0771049627' lon='-97.07363361963' />
  <node id='7830459651' action='modify' timestamp='2020-08-20T19:18:12Z' uid='214969' user='AndrewBuck' visible='true' version='1' changeset='89708593' lat='48.07722233499' lon='-97.07354842454' />
  <node id='7830459652' action='modify' timestamp='2020-08-20T19:18:12Z' uid='214969' user='AndrewBuck' visible='true' version='1' changeset='89708593' lat='48.0774275' lon='-97.07345259631' />
  <node id='8663577561' timestamp='2021-04-25T00:51:53Z' uid='10266866' user='elijahmathews' visible='true' version='1' changeset='103557274' lat='48.0776451' lon='-97.1617101' />
  <node id='8663577562' action='modify' timestamp='2021-04-25T00:51:53Z' uid='10266866' user='elijahmathews' visible='true' version='1' changeset='103557274' lat='48.07748034769' lon='-97.1108208' />
  <node id='8663577563' timestamp='2021-04-25T00:51:53Z' uid='10266866' user='elijahmathews' visible='true' version='1' changeset='103557274' lat='48.0777513' lon='-97.1268961'>
    <tag k='direction' v='backward' />
    <tag k='highway' v='stop' />
  </node>
  <node id='8663577564' timestamp='2021-04-25T00:51:53Z' uid='10266866' user='elijahmathews' visible='true' version='1' changeset='103557274' lat='48.0775417' lon='-97.1269031'>
    <tag k='direction' v='forward' />
    <tag k='highway' v='stop' />
  </node>
  <node id='8663577565' action='modify' timestamp='2021-04-25T00:51:53Z' uid='10266866' user='elijahmathews' visible='true' version='1' changeset='103557274' lat='48.0773933' lon='-97.11095150675'>
    <tag k='direction' v='forward' />
    <tag k='highway' v='stop' />
  </node>
  <node id='11466991393' timestamp='2023-12-29T22:25:26Z' uid='2088464' user='Spencer_MHD' visible='true' version='1' changeset='145679494' lat='48.0649296' lon='-97.0638219' />
  <node id='11466991472' action='modify' timestamp='2023-12-29T22:25:26Z' uid='2088464' user='Spencer_MHD' visible='true' version='1' changeset='145679494' lat='48.06439822466' lon='-97.06610576371' />
  <node id='11466991473' action='modify' timestamp='2023-12-29T22:25:26Z' uid='2088464' user='Spencer_MHD' visible='true' version='1' changeset='145679494' lat='48.06432020647' lon='-97.06615116617' />
  <node id='11466991474' action='modify' timestamp='2023-12-29T22:25:26Z' uid='2088464' user='Spencer_MHD' visible='true' version='1' changeset='145679494' lat='48.06371061882' lon='-97.06638640669' />
  <node id='11466991475' action='modify' timestamp='2023-12-29T22:25:26Z' uid='2088464' user='Spencer_MHD' visible='true' version='1' changeset='145679494' lat='48.06429201498' lon='-97.08434870122' />
  <node id='12029189164' timestamp='2024-07-02T14:29:32Z' uid='2088464' user='Spencer_MHD' visible='true' version='1' changeset='153460263' lat='48.1221471' lon='-97.0635504' />
  <node id='12029189165' timestamp='2024-07-02T14:29:32Z' uid='2088464' user='Spencer_MHD' visible='true' version='1' changeset='153460263' lat='48.1215474' lon='-97.0637295' />
  <node id='12029189166' timestamp='2024-07-02T14:29:32Z' uid='2088464' user='Spencer_MHD' visible='true' version='1' changeset='153460263' lat='48.1208097' lon='-97.0634716' />
  <node id='12029189167' timestamp='2024-07-02T14:29:32Z' uid='2088464' user='Spencer_MHD' visible='true' version='1' changeset='153460263' lat='48.1213075' lon='-97.0635898' />
  <node id='12029189168' timestamp='2024-07-02T14:29:32Z' uid='2088464' user='Spencer_MHD' visible='true' version='1' changeset='153460263' lat='48.1222196' lon='-97.0648003' />
  <node id='12029224269' timestamp='2024-07-02T14:29:32Z' uid='2088464' user='Spencer_MHD' visible='true' version='1' changeset='153460263' lat='48.1223863' lon='-97.0659169' />
  <node id='12029224270' timestamp='2024-07-02T14:29:32Z' uid='2088464' user='Spencer_MHD' visible='true' version='1' changeset='153460263' lat='48.1226534' lon='-97.111034' />
  <node id='12029224271' timestamp='2024-07-02T14:29:32Z' uid='2088464' user='Spencer_MHD' visible='true' version='1' changeset='153460263' lat='48.1226391' lon='-97.1082912' />
  <node id='12029224272' timestamp='2024-07-02T14:29:32Z' uid='2088464' user='Spencer_MHD' visible='true' version='1' changeset='153460263' lat='48.1226275' lon='-97.1065675' />
  <node id='12029224274' timestamp='2024-07-02T14:29:32Z' uid='2088464' user='Spencer_MHD' visible='true' version='1' changeset='153460263' lat='48.122644' lon='-97.1220437' />
  <node id='12029224275' timestamp='2024-07-02T14:29:32Z' uid='2088464' user='Spencer_MHD' visible='true' version='1' changeset='153460263' lat='48.1372109' lon='-97.1196743' />
  <node id='12029224276' timestamp='2024-07-02T14:29:32Z' uid='2088464' user='Spencer_MHD' visible='true' version='1' changeset='153460263' lat='48.1372303' lon='-97.1202844' />
  <node id='12029224277' timestamp='2024-07-02T14:29:32Z' uid='2088464' user='Spencer_MHD' visible='true' version='1' changeset='153460263' lat='48.1361603' lon='-97.1213433' />
  <node id='12029224278' timestamp='2024-07-02T14:29:32Z' uid='2088464' user='Spencer_MHD' visible='true' version='1' changeset='153460263' lat='48.1359547' lon='-97.1213665' />
  <node id='12029224279' timestamp='2024-07-02T14:29:32Z' uid='2088464' user='Spencer_MHD' visible='true' version='1' changeset='153460263' lat='48.1339587' lon='-97.121138' />
  <node id='12029224469' timestamp='2024-07-02T14:29:32Z' uid='2088464' user='Spencer_MHD' visible='true' version='1' changeset='153460263' lat='48.0784916' lon='-97.0179359' />
  <node id='12029224470' timestamp='2024-07-02T14:29:32Z' uid='2088464' user='Spencer_MHD' visible='true' version='1' changeset='153460263' lat='48.078811' lon='-97.0190145' />
  <node id='12029224474' action='modify' timestamp='2024-07-02T14:29:32Z' uid='2088464' user='Spencer_MHD' visible='true' version='1' changeset='153460263' lat='48.07569779196' lon='-97.0845422347' />
  <node id='12029224475' action='modify' timestamp='2024-07-02T14:29:32Z' uid='2088464' user='Spencer_MHD' visible='true' version='1' changeset='153460263' lat='48.07529862798' lon='-97.08696191187' />
  <node id='12029224476' action='modify' timestamp='2024-07-02T14:29:32Z' uid='2088464' user='Spencer_MHD' visible='true' version='1' changeset='153460263' lat='48.07526599122' lon='-97.08721298644' />
  <node id='12029224477' action='modify' timestamp='2024-07-02T14:29:32Z' uid='2088464' user='Spencer_MHD' visible='true' version='1' changeset='153460263' lat='48.07560371971' lon='-97.08450968466' />
  <node id='12029224493' action='modify' timestamp='2024-07-02T14:29:32Z' uid='2088464' user='Spencer_MHD' visible='true' version='1' changeset='153460263' lat='48.09355844941' lon='-97.1003932957' />
  <node id='12029224494' action='delete' timestamp='2024-07-02T14:29:32Z' uid='2088464' user='Spencer_MHD' visible='true' version='1' changeset='153460263' lat='48.0899323' lon='-97.0980271' />
  <node id='12029224495' action='modify' timestamp='2024-07-02T14:29:32Z' uid='2088464' user='Spencer_MHD' visible='true' version='1' changeset='153460263' lat='48.08982666005' lon='-97.10018684256' />
  <node id='12029224496' action='modify' timestamp='2024-07-02T14:29:32Z' uid='2088464' user='Spencer_MHD' visible='true' version='1' changeset='153460263' lat='48.08956396146' lon='-97.10009894038' />
  <node id='12029224497' action='modify' timestamp='2024-07-02T14:29:32Z' uid='2088464' user='Spencer_MHD' visible='true' version='1' changeset='153460263' lat='48.08957703683' lon='-97.0995969999' />
  <node id='12029224500' action='modify' timestamp='2024-07-02T14:29:32Z' uid='2088464' user='Spencer_MHD' visible='true' version='1' changeset='153460263' lat='48.09326699185' lon='-97.08957927367' />
  <node id='12029224501' action='modify' timestamp='2024-07-02T14:29:32Z' uid='2088464' user='Spencer_MHD' visible='true' version='1' changeset='153460263' lat='48.09330765258' lon='-97.08799709717' />
  <node id='12029224502' timestamp='2024-07-02T14:29:32Z' uid='2088464' user='Spencer_MHD' visible='true' version='1' changeset='153460263' lat='48.0936541' lon='-97.0869301' />
  <node id='12029224503' timestamp='2024-07-02T14:29:32Z' uid='2088464' user='Spencer_MHD' visible='true' version='1' changeset='153460263' lat='48.0936568' lon='-97.0868727' />
  <node id='12029224533' timestamp='2024-07-02T14:29:32Z' uid='2088464' user='Spencer_MHD' visible='true' version='1' changeset='153460263' lat='48.1078488' lon='-97.021327' />
  <node id='12029224534' timestamp='2024-07-02T14:29:32Z' uid='2088464' user='Spencer_MHD' visible='true' version='1' changeset='153460263' lat='48.1076638' lon='-97.0391462' />
  <node id='12029224535' timestamp='2024-07-02T14:29:32Z' uid='2088464' user='Spencer_MHD' visible='true' version='1' changeset='153460263' lat='48.10766' lon='-97.0428482' />
  <node id='12029224536' timestamp='2024-07-02T14:29:32Z' uid='2088464' user='Spencer_MHD' visible='true' version='1' changeset='153460263' lat='48.1078507' lon='-97.0182661' />
  <node id='12029224537' timestamp='2024-07-02T14:29:32Z' uid='2088464' user='Spencer_MHD' visible='true' version='1' changeset='153460263' lat='48.1078583' lon='-97.0186715' />
  <node id='12420715119' timestamp='2024-12-13T16:33:58Z' uid='38487' user='jumbanho' visible='true' version='1' changeset='160253170' lat='48.115243' lon='-97.1169412' />
  <node id='12987720198' timestamp='2025-07-08T13:29:56Z' uid='14100502' user='the_edge01' visible='true' version='1' changeset='168650402' lat='48.1971699' lon='-97.1678652' />
  <node id='12987720199' timestamp='2025-07-08T13:29:56Z' uid='14100502' user='the_edge01' visible='true' version='1' changeset='168650402' lat='48.1961473' lon='-97.1669195' />
  <node id='12987729902' timestamp='2025-07-08T13:29:56Z' uid='14100502' user='the_edge01' visible='true' version='1' changeset='168650402' lat='48.1754881' lon='-97.1679245' />
  <node id='12987729903' timestamp='2025-07-08T13:29:56Z' uid='14100502' user='the_edge01' visible='true' version='1' changeset='168650402' lat='48.1640423' lon='-97.1683576' />
  <node id='12987729904' timestamp='2025-07-08T13:29:56Z' uid='14100502' user='the_edge01' visible='true' version='1' changeset='168650402' lat='48.1495548' lon='-97.1686497' />
  <node id='12987729905' timestamp='2025-07-08T13:29:56Z' uid='14100502' user='the_edge01' visible='true' version='1' changeset='168650402' lat='48.1348145' lon='-97.168945' />
  <node id='12987729906' timestamp='2025-07-08T13:29:56Z' uid='14100502' user='the_edge01' visible='true' version='1' changeset='168650402' lat='48.1207576' lon='-97.1694467' />
  <node id='12987729907' timestamp='2025-07-08T13:29:56Z' uid='14100502' user='the_edge01' visible='true' version='1' changeset='168650402' lat='48.1176521' lon='-97.1678919' />
  <node id='12987729908' timestamp='2025-07-08T13:29:56Z' uid='14100502' user='the_edge01' visible='true' version='1' changeset='168650402' lat='48.1029328' lon='-97.1680281' />
  <node id='12987729909' timestamp='2025-07-08T13:29:56Z' uid='14100502' user='the_edge01' visible='true' version='1' changeset='168650402' lat='48.092287' lon='-97.1681234' />
  <node id='12987729910' timestamp='2025-07-08T13:29:56Z' uid='14100502' user='the_edge01' visible='true' version='1' changeset='168650402' lat='48.0678231' lon='-97.1479685' />
  <node id='12987729911' timestamp='2025-07-08T13:29:56Z' uid='14100502' user='the_edge01' visible='true' version='1' changeset='168650402' lat='48.0477139' lon='-97.1313981' />
  <node id='12987729912' timestamp='2025-07-08T13:29:56Z' uid='14100502' user='the_edge01' visible='true' version='1' changeset='168650402' lat='48.0190851' lon='-97.1075688' />
  <node id='12987729913' timestamp='2025-07-08T13:29:56Z' uid='14100502' user='the_edge01' visible='true' version='1' changeset='168650402' lat='48.0198355' lon='-97.1085244' />
  <node id='12987738088' timestamp='2025-07-08T13:41:17Z' uid='14100502' user='the_edge01' visible='true' version='1' changeset='168650917' lat='48.1783581' lon='-97.1888343' />
  <node id='12987738090' timestamp='2025-07-08T13:41:17Z' uid='14100502' user='the_edge01' visible='true' version='1' changeset='168650917' lat='48.1434125' lon='-97.189998' />
  <node id='12987738091' timestamp='2025-07-08T13:41:17Z' uid='14100502' user='the_edge01' visible='true' version='1' changeset='168650917' lat='48.1391153' lon='-97.1901133' />
  <node id='12987738092' timestamp='2025-07-08T13:41:17Z' uid='14100502' user='the_edge01' visible='true' version='1' changeset='168650917' lat='48.1378981' lon='-97.1901857' />
  <node id='12987738093' timestamp='2025-07-08T13:41:17Z' uid='14100502' user='the_edge01' visible='true' version='1' changeset='168650917' lat='48.1357555' lon='-97.1885683' />
  <node id='12987738094' timestamp='2025-07-08T13:41:17Z' uid='14100502' user='the_edge01' visible='true' version='1' changeset='168650917' lat='48.1352114' lon='-97.1881982' />
  <node id='12987738095' timestamp='2025-07-08T13:41:17Z' uid='14100502' user='the_edge01' visible='true' version='1' changeset='168650917' lat='48.1350223' lon='-97.1692961' />
  <node id='12987738096' timestamp='2025-07-08T13:41:17Z' uid='14100502' user='the_edge01' visible='true' version='1' changeset='168650917' lat='48.1350267' lon='-97.1483665' />
  <node id='12987738097' timestamp='2025-07-08T13:41:17Z' uid='14100502' user='the_edge01' visible='true' version='1' changeset='168650917' lat='48.1205911' lon='-97.1487008' />
  <node id='12987738098' timestamp='2025-07-08T13:41:17Z' uid='14100502' user='the_edge01' visible='true' version='1' changeset='168650917' lat='48.12079' lon='-97.1264233' />
  <node id='12987738099' timestamp='2025-07-08T13:41:17Z' uid='14100502' user='the_edge01' visible='true' version='1' changeset='168650917' lat='48.1043232' lon='-97.1264044' />
  <node id='12987738100' timestamp='2025-07-08T13:41:17Z' uid='14100502' user='the_edge01' visible='true' version='1' changeset='168650917' lat='48.0915187' lon='-97.1264515' />
  <node id='12987749701' timestamp='2025-07-08T13:41:17Z' uid='14100502' user='the_edge01' visible='true' version='1' changeset='168650917' lat='48.0771647' lon='-97.1265102' />
  <node id='12987749702' timestamp='2025-07-08T13:41:17Z' uid='14100502' user='the_edge01' visible='true' version='1' changeset='168650917' lat='48.0624394' lon='-97.1266417' />
  <node id='12987749703' timestamp='2025-07-08T13:41:17Z' uid='14100502' user='the_edge01' visible='true' version='1' changeset='168650917' lat='48.0486159' lon='-97.126616' />
  <node id='12987749704' timestamp='2025-07-08T13:41:17Z' uid='14100502' user='the_edge01' visible='true' version='1' changeset='168650917' lat='48.0349643' lon='-97.126582' />
  <node id='12987749705' timestamp='2025-07-08T13:41:17Z' uid='14100502' user='the_edge01' visible='true' version='1' changeset='168650917' lat='48.0234025' lon='-97.1265253' />
  <node id='12987749706' timestamp='2025-07-08T13:41:17Z' uid='14100502' user='the_edge01' visible='true' version='1' changeset='168650917' lat='48.0226189' lon='-97.1265183' />
  <node id='12987749707' timestamp='2025-07-08T13:41:17Z' uid='14100502' user='the_edge01' visible='true' version='1' changeset='168650917' lat='48.0194303' lon='-97.1237046' />
  <node id='12987749708' timestamp='2025-07-08T13:41:17Z' uid='14100502' user='the_edge01' visible='true' version='1' changeset='168650917' lat='48.0193214' lon='-97.0874774' />
  <node id='12987749709' timestamp='2025-07-08T13:41:17Z' uid='14100502' user='the_edge01' visible='true' version='1' changeset='168650917' lat='48.0062163' lon='-97.0877515' />
  <node id='12987749710' timestamp='2025-07-08T13:41:17Z' uid='14100502' user='the_edge01' visible='true' version='1' changeset='168650917' lat='47.9776812' lon='-97.0875478' />
  <node id='12987749711' timestamp='2025-07-08T13:41:17Z' uid='14100502' user='the_edge01' visible='true' version='1' changeset='168650917' lat='47.9757235' lon='-97.0858521' />
  <node id='12987749712' timestamp='2025-07-08T13:41:17Z' uid='14100502' user='the_edge01' visible='true' version='1' changeset='168650917' lat='47.9715989' lon='-97.0823207' />
  <node id='12987749713' timestamp='2025-07-08T13:41:17Z' uid='14100502' user='the_edge01' visible='true' version='1' changeset='168650917' lat='47.9652341' lon='-97.0824544' />
  <node id='12987749714' timestamp='2025-07-08T13:41:17Z' uid='14100502' user='the_edge01' visible='true' version='1' changeset='168650917' lat='47.9549256' lon='-97.0826558' />
  <node id='12987749715' timestamp='2025-07-08T13:41:17Z' uid='14100502' user='the_edge01' visible='true' version='1' changeset='168650917' lat='47.9549049' lon='-97.0814214' />
  <way id='-3007375' visible='true' version='1'>
    <nd ref='-2043586' />
    <nd ref='-2043587' />
    <nd ref='-2043588' />
    <nd ref='-2043589' />
    <nd ref='-2043586' />
    <tag k='admin_level' v='10' />
    <tag k='boundary' v='administrative' />
    <tag k='m4fs:bounds' v='playable' />
    <tag k='m4fs:overlay' v='bounds' />
    <tag k='name' v='maps4fs playable bounds' />
    <tag k='source' v='maps4fs' />
  </way>
  <way id='-3007376' visible='true' version='1'>
    <nd ref='-2043590' />
    <nd ref='-2043591' />
    <nd ref='-2043592' />
    <nd ref='-2043593' />
    <nd ref='-2043590' />
    <tag k='admin_level' v='10' />
    <tag k='boundary' v='administrative' />
    <tag k='m4fs:bounds' v='background' />
    <tag k='m4fs:overlay' v='bounds' />
    <tag k='name' v='maps4fs background bounds' />
    <tag k='source' v='maps4fs' />
  </way>
  <way id='-3007377' action='modify' visible='true'>
    <nd ref='-2043594' />
    <nd ref='-2043595' />
    <nd ref='-2043596' />
    <nd ref='-2043597' />
    <nd ref='-2043598' />
    <nd ref='-2043599' />
    <nd ref='-2043600' />
    <nd ref='-2043601' />
    <nd ref='-2043602' />
    <nd ref='-2043603' />
    <nd ref='-2043604' />
    <nd ref='-2043605' />
    <nd ref='-2043606' />
    <nd ref='-2043607' />
    <nd ref='-2043608' />
    <nd ref='-2043609' />
    <nd ref='-2043610' />
    <nd ref='-2043611' />
    <nd ref='-2043612' />
    <nd ref='-2043613' />
    <nd ref='-2043614' />
    <nd ref='-2043615' />
    <nd ref='-2043616' />
    <nd ref='-2043617' />
    <nd ref='-2043618' />
    <nd ref='-2043619' />
    <nd ref='-2043620' />
    <nd ref='-2043621' />
    <nd ref='-2043622' />
    <nd ref='-2043623' />
    <nd ref='-2043624' />
    <nd ref='-2043625' />
    <nd ref='-2043626' />
    <nd ref='-2043627' />
    <nd ref='-2043628' />
    <nd ref='-2043629' />
    <nd ref='-2043630' />
    <nd ref='-2043631' />
    <nd ref='-2043632' />
    <nd ref='-2043633' />
    <nd ref='-2043634' />
    <nd ref='-2043635' />
    <nd ref='-2043636' />
    <nd ref='-2043637' />
    <nd ref='-2043638' />
    <nd ref='-2043639' />
    <nd ref='-2043640' />
    <nd ref='-2043641' />
    <nd ref='-2043642' />
    <nd ref='-2043643' />
    <nd ref='-2043644' />
    <nd ref='-2043645' />
    <nd ref='-2043646' />
    <nd ref='-2043647' />
    <nd ref='-2043648' />
    <nd ref='-2043649' />
    <nd ref='-2043650' />
    <nd ref='-2043651' />
    <nd ref='-2043652' />
    <nd ref='-2043653' />
    <nd ref='-2043654' />
    <nd ref='-2043655' />
    <nd ref='-2043656' />
    <nd ref='-2043657' />
    <nd ref='-2043658' />
    <nd ref='-2043659' />
    <nd ref='-2043660' />
    <nd ref='-2043661' />
    <nd ref='-2043662' />
    <nd ref='-2043663' />
    <nd ref='-2043664' />
    <nd ref='-2043665' />
    <nd ref='-2043666' />
    <nd ref='-2043667' />
    <nd ref='-2043668' />
    <nd ref='-2043669' />
    <nd ref='-2043670' />
    <nd ref='-2043671' />
    <nd ref='-2043672' />
    <nd ref='-2043673' />
    <nd ref='-2043674' />
    <nd ref='-2043675' />
    <nd ref='-2043676' />
    <nd ref='-2043677' />
    <nd ref='-2043678' />
    <nd ref='-2043679' />
    <nd ref='-2043680' />
    <nd ref='-2043681' />
    <nd ref='-2043682' />
    <nd ref='-2043683' />
    <nd ref='-2043684' />
    <nd ref='-2043685' />
    <nd ref='-2043686' />
    <nd ref='-2043687' />
    <nd ref='-2043688' />
    <nd ref='-2043689' />
    <nd ref='-2043690' />
    <nd ref='-2043691' />
    <nd ref='-2043692' />
    <nd ref='-2043693' />
    <nd ref='-2043694' />
    <nd ref='-2043695' />
    <nd ref='-2043696' />
    <nd ref='-2043697' />
    <nd ref='-2043698' />
    <nd ref='-2043699' />
    <nd ref='-2043700' />
    <nd ref='-2043701' />
    <nd ref='-2043702' />
    <nd ref='-2043703' />
    <nd ref='-2043704' />
    <nd ref='-2043705' />
    <nd ref='-2043706' />
    <nd ref='-2043707' />
    <nd ref='-2043708' />
    <nd ref='-2043709' />
    <nd ref='-2043710' />
    <nd ref='-2043711' />
    <nd ref='-2043712' />
    <nd ref='-2043713' />
    <nd ref='-2043714' />
    <nd ref='-2043715' />
    <nd ref='-2043716' />
    <nd ref='-2043717' />
    <nd ref='-2043718' />
    <nd ref='-2043719' />
    <nd ref='-2043720' />
    <nd ref='-2043721' />
    <nd ref='-2043722' />
    <nd ref='-2043723' />
    <nd ref='-2043724' />
    <nd ref='-2043725' />
    <nd ref='-2043726' />
    <nd ref='-2043727' />
    <nd ref='-2043728' />
    <nd ref='-2043729' />
    <nd ref='-2043730' />
    <nd ref='-2043731' />
    <nd ref='-2043732' />
    <nd ref='-2043733' />
    <nd ref='-2043734' />
    <nd ref='-2043735' />
    <nd ref='-2043736' />
    <nd ref='-2043737' />
    <nd ref='-2043738' />
    <nd ref='-2043739' />
    <nd ref='-2043740' />
    <nd ref='-2043741' />
    <nd ref='-2043742' />
    <nd ref='-2043743' />
    <nd ref='-2043744' />
    <nd ref='-2043745' />
    <nd ref='-2043746' />
    <nd ref='-2043747' />
    <nd ref='-2043748' />
    <nd ref='-2043749' />
    <nd ref='-2043750' />
    <nd ref='-2043751' />
    <nd ref='-2043752' />
    <nd ref='-2043753' />
    <nd ref='-2043754' />
    <nd ref='-2043755' />
    <nd ref='-2043756' />
    <nd ref='-2043757' />
    <nd ref='-2043758' />
    <nd ref='-2043759' />
    <nd ref='-2043760' />
    <nd ref='-2043761' />
    <nd ref='-2043762' />
    <nd ref='-2043763' />
    <nd ref='-2043764' />
    <nd ref='-2043765' />
    <nd ref='-2043766' />
    <nd ref='-2043767' />
    <nd ref='-2043768' />
    <nd ref='-2043769' />
    <nd ref='-2043770' />
    <nd ref='-2043771' />
    <nd ref='-2043772' />
    <nd ref='-2043773' />
    <nd ref='-2043774' />
    <nd ref='-2043775' />
    <nd ref='-2043776' />
    <nd ref='-2043777' />
    <nd ref='-2043778' />
    <nd ref='-2043779' />
    <nd ref='-2043780' />
    <nd ref='-2043781' />
    <nd ref='-2043782' />
    <nd ref='-2043783' />
    <nd ref='-2043784' />
    <nd ref='-2043785' />
    <nd ref='-2043786' />
    <nd ref='-2043787' />
    <nd ref='-2043788' />
    <nd ref='-2043789' />
    <nd ref='-2043790' />
    <nd ref='-2043791' />
    <nd ref='-2043792' />
    <nd ref='-2043793' />
    <nd ref='-2043794' />
    <nd ref='-2043795' />
    <nd ref='-2043796' />
    <nd ref='-2043797' />
    <nd ref='-2043798' />
    <nd ref='-2043799' />
    <nd ref='-2043800' />
    <nd ref='-2043801' />
    <nd ref='-2043802' />
    <nd ref='-2043803' />
    <nd ref='-2043804' />
    <nd ref='-2043805' />
    <nd ref='-2043806' />
    <nd ref='-2043807' />
    <nd ref='-2043808' />
    <nd ref='-2043809' />
    <nd ref='-2043810' />
    <nd ref='-2043811' />
    <nd ref='-2043812' />
    <nd ref='-2043813' />
    <nd ref='-2043814' />
    <nd ref='-2043815' />
    <nd ref='-2043816' />
    <nd ref='-2043817' />
    <nd ref='-2043818' />
    <nd ref='-2043819' />
    <nd ref='-2043820' />
    <nd ref='-2043821' />
    <nd ref='-2043822' />
    <nd ref='-2043823' />
    <nd ref='-2043824' />
    <nd ref='-2043825' />
    <nd ref='-2043826' />
    <nd ref='-2043827' />
    <nd ref='-2043828' />
    <nd ref='-2043829' />
    <nd ref='-2043830' />
    <nd ref='-2043831' />
    <nd ref='-2043832' />
    <nd ref='-2043833' />
    <nd ref='-2043834' />
    <nd ref='-2043835' />
    <nd ref='-2043836' />
    <nd ref='-2043837' />
    <nd ref='-2043838' />
    <nd ref='-2043839' />
    <nd ref='-2043840' />
    <nd ref='-2043841' />
    <nd ref='-2043842' />
    <nd ref='-2043843' />
    <nd ref='-2043844' />
    <nd ref='-2043845' />
    <nd ref='-2043846' />
    <nd ref='-2043847' />
    <nd ref='-2043848' />
    <nd ref='-2043849' />
    <nd ref='-2043850' />
    <nd ref='-2043851' />
    <nd ref='-2043852' />
    <nd ref='-2043853' />
    <nd ref='-2043854' />
    <nd ref='-2043855' />
    <nd ref='-2043856' />
    <nd ref='-2043857' />
    <nd ref='-2043858' />
    <nd ref='-2043859' />
    <nd ref='-2043860' />
    <nd ref='-2043861' />
    <nd ref='-2043862' />
    <nd ref='-2043863' />
    <nd ref='-2043864' />
    <nd ref='-2043865' />
    <nd ref='-2043866' />
    <nd ref='-2043867' />
    <nd ref='-2043868' />
    <nd ref='-2043869' />
    <nd ref='-2043870' />
    <nd ref='-2043871' />
    <nd ref='-2043872' />
    <nd ref='-2043873' />
    <nd ref='-2043874' />
    <nd ref='-2043875' />
    <nd ref='-2043876' />
    <nd ref='-2043877' />
    <nd ref='-2043878' />
    <nd ref='-2043879' />
    <nd ref='-2043880' />
    <nd ref='-2043881' />
    <nd ref='-2043882' />
    <nd ref='-2043883' />
    <nd ref='-2043884' />
    <nd ref='-2043885' />
    <nd ref='-2043886' />
    <nd ref='-2043887' />
    <nd ref='-2043888' />
    <nd ref='-2043889' />
    <nd ref='-2043890' />
    <nd ref='-2043891' />
    <nd ref='-2043892' />
    <nd ref='-2043893' />
    <nd ref='-2043894' />
    <nd ref='-2043895' />
    <nd ref='-2043896' />
    <nd ref='-2043897' />
    <nd ref='-2043898' />
    <nd ref='-2043899' />
    <nd ref='-2043900' />
    <nd ref='-2043901' />
    <nd ref='-2043902' />
    <nd ref='-2043903' />
    <nd ref='-2043904' />
    <nd ref='-2043905' />
    <nd ref='-2043906' />
    <nd ref='-2043907' />
    <nd ref='-2043908' />
    <nd ref='-2043909' />
    <nd ref='-2043910' />
    <nd ref='-2043911' />
    <nd ref='-2043912' />
    <nd ref='-2043913' />
    <nd ref='-2043914' />
    <nd ref='-2043915' />
    <nd ref='-2043916' />
    <nd ref='-2043917' />
    <nd ref='-2043918' />
    <nd ref='-2043919' />
    <nd ref='-2043920' />
    <nd ref='-2043921' />
    <nd ref='-2043922' />
    <nd ref='-2043923' />
    <nd ref='-2043924' />
    <nd ref='-2043925' />
    <nd ref='-2043926' />
    <nd ref='-2043927' />
    <nd ref='-2043928' />
    <nd ref='-2043929' />
    <nd ref='-2043930' />
    <nd ref='-2043931' />
    <nd ref='-2043932' />
    <nd ref='-2043933' />
    <nd ref='-2043934' />
    <nd ref='-2043935' />
    <nd ref='-2043936' />
    <nd ref='-2043937' />
    <nd ref='-2043938' />
    <nd ref='-2043939' />
    <nd ref='-2043940' />
    <nd ref='-2043941' />
    <nd ref='-2043942' />
    <nd ref='-2043943' />
    <nd ref='-2043944' />
    <nd ref='-2043945' />
    <nd ref='-2043946' />
    <nd ref='-2043947' />
    <nd ref='-2043948' />
    <nd ref='-2043949' />
    <nd ref='-2043950' />
    <nd ref='-2043951' />
    <nd ref='-2043952' />
    <nd ref='-2043953' />
    <nd ref='-2043954' />
    <nd ref='-2043955' />
    <nd ref='-2043956' />
    <nd ref='-2043957' />
    <nd ref='-2043958' />
    <nd ref='-2043959' />
    <nd ref='-2043960' />
    <nd ref='-2043961' />
    <nd ref='-2043962' />
    <nd ref='-2043963' />
    <nd ref='-2043964' />
    <nd ref='-2043965' />
    <nd ref='-2043966' />
    <nd ref='-2043967' />
    <nd ref='-2043968' />
    <nd ref='-2043969' />
    <nd ref='-2043970' />
    <nd ref='-2043971' />
    <nd ref='-2043972' />
    <nd ref='-2043973' />
    <nd ref='-2043974' />
    <nd ref='-2043975' />
    <nd ref='-2043976' />
    <nd ref='-2043977' />
    <nd ref='-2043978' />
    <nd ref='-2043979' />
    <nd ref='-2043980' />
    <nd ref='-2043981' />
    <nd ref='-2043982' />
    <nd ref='-2043983' />
    <nd ref='-2043984' />
    <nd ref='-2043985' />
    <nd ref='-2043986' />
    <nd ref='-2043987' />
    <nd ref='-2043988' />
    <nd ref='-2043989' />
    <nd ref='-2043990' />
    <nd ref='-2043991' />
    <nd ref='-2043992' />
    <nd ref='-2043993' />
    <nd ref='-2043994' />
    <nd ref='-2043995' />
    <nd ref='-2043996' />
    <nd ref='-2043997' />
    <nd ref='-2043998' />
    <nd ref='-2043999' />
    <nd ref='-2044000' />
    <nd ref='-2044001' />
    <nd ref='-2044002' />
    <nd ref='-2044003' />
    <nd ref='-2044004' />
    <nd ref='-2044005' />
    <nd ref='-2044006' />
    <nd ref='-2044007' />
    <nd ref='-2044008' />
    <nd ref='-2044009' />
    <nd ref='-2044010' />
    <nd ref='-2044011' />
    <nd ref='-2044012' />
    <nd ref='-2044013' />
    <nd ref='-2044014' />
    <nd ref='-2044015' />
    <nd ref='-2044016' />
    <nd ref='-2044017' />
    <nd ref='-2044018' />
    <nd ref='-2044019' />
    <nd ref='-2044020' />
    <nd ref='-2044021' />
    <nd ref='-2044022' />
    <nd ref='-2044023' />
    <nd ref='-2044024' />
    <nd ref='-2044025' />
    <nd ref='-2044026' />
    <nd ref='-2044027' />
    <nd ref='-2044028' />
    <nd ref='-2044029' />
    <nd ref='-2044030' />
    <nd ref='-2044031' />
    <nd ref='-2044032' />
    <nd ref='-2044033' />
    <nd ref='-2044034' />
    <nd ref='-2044035' />
    <nd ref='-2044036' />
    <nd ref='-2044037' />
    <nd ref='-2044038' />
    <nd ref='-2044039' />
    <nd ref='-2044040' />
    <nd ref='-2044041' />
    <nd ref='-2044042' />
    <nd ref='-2044043' />
    <nd ref='-2044044' />
    <nd ref='-2044045' />
    <nd ref='-2044046' />
    <nd ref='-2044047' />
    <nd ref='-2044048' />
    <nd ref='-2044049' />
    <nd ref='-2044050' />
    <nd ref='-2044051' />
    <nd ref='-2044052' />
    <nd ref='-2044053' />
    <nd ref='-2044054' />
    <nd ref='-2044055' />
    <nd ref='-2044056' />
    <nd ref='-2044057' />
    <nd ref='-2044058' />
    <nd ref='-2044059' />
    <nd ref='-2044060' />
    <nd ref='-2044061' />
    <nd ref='-2044062' />
    <nd ref='-2044063' />
    <nd ref='-2044064' />
    <nd ref='-2044065' />
    <nd ref='-2044066' />
    <nd ref='-2044067' />
    <nd ref='-2044068' />
    <nd ref='-2044069' />
    <nd ref='-2044070' />
    <nd ref='-2044071' />
    <nd ref='-2044072' />
    <nd ref='-2044073' />
    <nd ref='-2044074' />
    <nd ref='-2044075' />
    <nd ref='-2044076' />
    <nd ref='-2044077' />
    <nd ref='-2044078' />
    <nd ref='-2044079' />
    <nd ref='-2044080' />
    <nd ref='-2043594' />
    <tag k='natural' v='water' />
  </way>
  <way id='-3007378' action='modify' visible='true'>
    <nd ref='-2044081' />
    <nd ref='-2044082' />
    <nd ref='-2044083' />
    <nd ref='-2044084' />
    <nd ref='-2044085' />
    <nd ref='-2044086' />
    <nd ref='-2044087' />
    <nd ref='-2044088' />
    <nd ref='-2044089' />
    <nd ref='-2044090' />
    <nd ref='-2044091' />
    <nd ref='-2044092' />
    <nd ref='-2044093' />
    <nd ref='-2044094' />
    <nd ref='-2044095' />
    <nd ref='-2044096' />
    <nd ref='-2044097' />
    <nd ref='-2044098' />
    <nd ref='-2044099' />
    <nd ref='-2044100' />
    <nd ref='-2044101' />
    <nd ref='-2044102' />
    <nd ref='-2044103' />
    <nd ref='-2044104' />
    <nd ref='-2044105' />
    <nd ref='-2044106' />
    <nd ref='-2044107' />
    <nd ref='-2044108' />
    <nd ref='-2044109' />
    <nd ref='-2044110' />
    <nd ref='-2044111' />
    <nd ref='-2044112' />
    <nd ref='-2044113' />
    <nd ref='-2044114' />
    <nd ref='-2044115' />
    <nd ref='-2044116' />
    <nd ref='-2044117' />
    <nd ref='-2044118' />
    <nd ref='-2044119' />
    <nd ref='-2044120' />
    <nd ref='-2044121' />
    <nd ref='-2044122' />
    <nd ref='-2044123' />
    <nd ref='-2044124' />
    <nd ref='-2044125' />
    <nd ref='-2044126' />
    <nd ref='-2044127' />
    <nd ref='-2044128' />
    <nd ref='-2044129' />
    <nd ref='-2044130' />
    <nd ref='-2044131' />
    <nd ref='-2044132' />
    <nd ref='-2044133' />
    <nd ref='-2044134' />
    <nd ref='-2044135' />
    <nd ref='-2044180' />
    <nd ref='-2044181' />
    <nd ref='-2044182' />
    <nd ref='-2044183' />
    <nd ref='-2044136' />
    <nd ref='-2044184' />
    <nd ref='-2044185' />
    <nd ref='-2044186' />
    <nd ref='-2044187' />
    <nd ref='-2044188' />
    <nd ref='-2044189' />
    <nd ref='-2044190' />
    <nd ref='-2044137' />
    <nd ref='-2044191' />
    <nd ref='-2044192' />
    <nd ref='-2044193' />
    <nd ref='-2044194' />
    <nd ref='-2044172' />
    <nd ref='-2044173' />
    <nd ref='-2044174' />
    <nd ref='-2044175' />
    <nd ref='-2044138' />
    <nd ref='-2044176' />
    <nd ref='-2044177' />
    <nd ref='-2044178' />
    <nd ref='-2044179' />
    <nd ref='-2044139' />
    <nd ref='-2044081' />
    <tag k='landuse' v='farmland' />
  </way>
  <way id='-3007379' action='modify' visible='true'>
    <nd ref='-2044195' />
    <nd ref='-2044196' />
    <nd ref='-2044197' />
    <nd ref='-2044154' />
    <nd ref='-2044198' />
    <nd ref='-2044199' />
    <nd ref='-2044200' />
    <nd ref='-2044155' />
    <nd ref='-2044156' />
    <nd ref='-2044157' />
    <nd ref='-2044158' />
    <nd ref='-2044159' />
    <nd ref='-2044140' />
    <nd ref='-2044160' />
    <nd ref='-2044161' />
    <nd ref='-2044162' />
    <nd ref='-2044163' />
    <nd ref='-2044164' />
    <nd ref='-2044165' />
    <nd ref='-2044166' />
    <nd ref='-2044167' />
    <nd ref='-2044141' />
    <nd ref='-2044168' />
    <nd ref='-2044169' />
    <nd ref='-2044170' />
    <nd ref='-2044171' />
    <nd ref='-2044203' />
    <nd ref='-2044142' />
    <nd ref='-2044143' />
    <nd ref='-2044144' />
    <nd ref='-2044145' />
    <nd ref='-2044146' />
    <nd ref='-2044147' />
    <nd ref='-2044148' />
    <nd ref='-2044149' />
    <nd ref='-2044150' />
    <nd ref='-2044151' />
    <nd ref='-2044152' />
    <nd ref='-2044153' />
    <nd ref='-2044195' />
    <tag k='landuse' v='farmland' />
  </way>
  <way id='-3007380' action='modify' visible='true'>
    <nd ref='-2044201' />
    <nd ref='-2044204' />
    <nd ref='-2044205' />
    <nd ref='-2044202' />
    <nd ref='-2044206' />
    <nd ref='-2044207' />
    <nd ref='-2044195' />
    <nd ref='-2044153' />
    <nd ref='-2044152' />
    <nd ref='-2044151' />
    <nd ref='-2044150' />
    <nd ref='-2044149' />
    <nd ref='-2044148' />
    <nd ref='-2044147' />
    <nd ref='-2044146' />
    <nd ref='-2044145' />
    <nd ref='-2044144' />
    <nd ref='-2044143' />
    <nd ref='-2044142' />
    <nd ref='-2044203' />
    <nd ref='-2044082' />
    <nd ref='-2044083' />
    <nd ref='-2044084' />
    <nd ref='-2044085' />
    <nd ref='-2044086' />
    <nd ref='-2044087' />
    <nd ref='-2044088' />
    <nd ref='-2044089' />
    <nd ref='-2044090' />
    <nd ref='-2044091' />
    <nd ref='-2044092' />
    <nd ref='-2044093' />
    <nd ref='-2044094' />
    <nd ref='-2044095' />
    <nd ref='-2044096' />
    <nd ref='-2044097' />
    <nd ref='-2044098' />
    <nd ref='-2044099' />
    <nd ref='-2044100' />
    <nd ref='-2044101' />
    <nd ref='-2044102' />
    <nd ref='-2044103' />
    <nd ref='-2044104' />
    <nd ref='-2044105' />
    <nd ref='-2044106' />
    <nd ref='-2044107' />
    <nd ref='-2044108' />
    <nd ref='-2044109' />
    <nd ref='-2044110' />
    <nd ref='-2044111' />
    <nd ref='-2044112' />
    <nd ref='-2044113' />
    <nd ref='-2044114' />
    <nd ref='-2044115' />
    <nd ref='-2044116' />
    <nd ref='-2044201' />
    <tag k='landuse' v='forest' />
  </way>
  <way id='-3007381' action='modify' visible='true'>
    <nd ref='-2044262' />
    <nd ref='-2044263' />
    <nd ref='-2044264' />
    <nd ref='-2044265' />
    <nd ref='-2044208' />
    <nd ref='-2044266' />
    <nd ref='-2044267' />
    <nd ref='-2044268' />
    <nd ref='-2044256' />
    <nd ref='-2044257' />
    <nd ref='-2044258' />
    <nd ref='-2044209' />
    <nd ref='-2044259' />
    <nd ref='-2044260' />
    <nd ref='-2044261' />
    <nd ref='-2044210' />
    <nd ref='-2044211' />
    <nd ref='-2044212' />
    <nd ref='-2044213' />
    <nd ref='-2044214' />
    <nd ref='-2044215' />
    <nd ref='-2044216' />
    <nd ref='-2044217' />
    <nd ref='-2044218' />
    <nd ref='-2044219' />
    <nd ref='-2044220' />
    <nd ref='-2044221' />
    <nd ref='-2044222' />
    <nd ref='-2044223' />
    <nd ref='-2044224' />
    <nd ref='-2044225' />
    <nd ref='-2044226' />
    <nd ref='-2044227' />
    <nd ref='-2044228' />
    <nd ref='-2044229' />
    <nd ref='-2044230' />
    <nd ref='-2044231' />
    <nd ref='-2044232' />
    <nd ref='-2044233' />
    <nd ref='-2044234' />
    <nd ref='-2044235' />
    <nd ref='-2044236' />
    <nd ref='-2044237' />
    <nd ref='-2044238' />
    <nd ref='-2044239' />
    <nd ref='-2044240' />
    <nd ref='-2044241' />
    <nd ref='-2044242' />
    <nd ref='-2044243' />
    <nd ref='-2044244' />
    <nd ref='-2044245' />
    <nd ref='-2044246' />
    <nd ref='-2044247' />
    <nd ref='-2044248' />
    <nd ref='-2044250' />
    <nd ref='-2044251' />
    <nd ref='-2044252' />
    <nd ref='-2044249' />
    <nd ref='-2044253' />
    <nd ref='-2044254' />
    <nd ref='-2044255' />
    <nd ref='-2044262' />
    <tag k='landuse' v='farmland' />
  </way>
  <way id='-3007382' action='modify' visible='true'>
    <nd ref='-2044324' />
    <nd ref='-2044325' />
    <nd ref='-2044326' />
    <nd ref='-2044327' />
    <nd ref='-2044269' />
    <nd ref='-2044328' />
    <nd ref='-2044329' />
    <nd ref='-2044330' />
    <nd ref='-2044331' />
    <nd ref='-2044332' />
    <nd ref='-2044333' />
    <nd ref='-2044334' />
    <nd ref='-2044270' />
    <nd ref='-2044335' />
    <nd ref='-2044336' />
    <nd ref='-2044337' />
    <nd ref='-2044338' />
    <nd ref='-2044339' />
    <nd ref='-2044340' />
    <nd ref='-2044271' />
    <nd ref='-2044341' />
    <nd ref='-2044342' />
    <nd ref='-2044272' />
    <nd ref='-2044273' />
    <nd ref='-2044274' />
    <nd ref='-2044275' />
    <nd ref='-2044276' />
    <nd ref='-2044277' />
    <nd ref='-2044278' />
    <nd ref='-2044279' />
    <nd ref='-2044280' />
    <nd ref='-2044281' />
    <nd ref='-2044282' />
    <nd ref='-2044283' />
    <nd ref='-2044284' />
    <nd ref='-2044285' />
    <nd ref='-2044286' />
    <nd ref='-2044287' />
    <nd ref='-2044288' />
    <nd ref='-2044289' />
    <nd ref='-2044290' />
    <nd ref='-2044291' />
    <nd ref='-2044292' />
    <nd ref='-2044293' />
    <nd ref='-2044294' />
    <nd ref='-2044295' />
    <nd ref='-2044296' />
    <nd ref='-2044297' />
    <nd ref='-2044298' />
    <nd ref='-2044299' />
    <nd ref='-2044300' />
    <nd ref='-2044301' />
    <nd ref='-2044302' />
    <nd ref='-2044303' />
    <nd ref='-2044304' />
    <nd ref='-2044305' />
    <nd ref='-2044306' />
    <nd ref='-2044307' />
    <nd ref='-2044308' />
    <nd ref='-2044309' />
    <nd ref='-2044310' />
    <nd ref='-2044311' />
    <nd ref='-2044312' />
    <nd ref='-2044313' />
    <nd ref='-2044314' />
    <nd ref='-2044315' />
    <nd ref='-2044316' />
    <nd ref='-2044317' />
    <nd ref='-2044318' />
    <nd ref='-2044319' />
    <nd ref='-2044320' />
    <nd ref='-2044321' />
    <nd ref='-2044322' />
    <nd ref='-2044343' />
    <nd ref='-2044344' />
    <nd ref='-2044345' />
    <nd ref='-2044323' />
    <nd ref='-2044346' />
    <nd ref='-2044347' />
    <nd ref='-2044324' />
    <tag k='landuse' v='farmland' />
  </way>
  <way id='-3007383' action='modify' visible='true'>
    <nd ref='-2044379' />
    <nd ref='-2044380' />
    <nd ref='-2044381' />
    <nd ref='-2044348' />
    <nd ref='-2044382' />
    <nd ref='-2044383' />
    <nd ref='-2044384' />
    <nd ref='-2044385' />
    <nd ref='-2044386' />
    <nd ref='-2044387' />
    <nd ref='-2044349' />
    <nd ref='-2044388' />
    <nd ref='-2044389' />
    <nd ref='-2044390' />
    <nd ref='-2044391' />
    <nd ref='-2044350' />
    <nd ref='-2044351' />
    <nd ref='-2044352' />
    <nd ref='-2044353' />
    <nd ref='-2044354' />
    <nd ref='-2044355' />
    <nd ref='-2044356' />
    <nd ref='-2044357' />
    <nd ref='-2044358' />
    <nd ref='-2044359' />
    <nd ref='-2044360' />
    <nd ref='-2044361' />
    <nd ref='-2044362' />
    <nd ref='-2044363' />
    <nd ref='-2044364' />
    <nd ref='-2044365' />
    <nd ref='-2044366' />
    <nd ref='-2044367' />
    <nd ref='-2044368' />
    <nd ref='-2044369' />
    <nd ref='-2044370' />
    <nd ref='-2044371' />
    <nd ref='-2044372' />
    <nd ref='-2044373' />
    <nd ref='-2044374' />
    <nd ref='-2044375' />
    <nd ref='-2044376' />
    <nd ref='-2044377' />
    <nd ref='-2044378' />
    <nd ref='-2044379' />
    <tag k='landuse' v='farmyard' />
  </way>
  <way id='-3007384' action='modify' visible='true'>
    <nd ref='-2044400' />
    <nd ref='-2044401' />
    <nd ref='-2044392' />
    <nd ref='-2044402' />
    <nd ref='-2044396' />
    <nd ref='-2044397' />
    <nd ref='-2044393' />
    <nd ref='-2044398' />
    <nd ref='-2044399' />
    <nd ref='-2044407' />
    <nd ref='-2044408' />
    <nd ref='-2044394' />
    <nd ref='-2044409' />
    <nd ref='-2044410' />
    <nd ref='-2044403' />
    <nd ref='-2044404' />
    <nd ref='-2044395' />
    <nd ref='-2044405' />
    <nd ref='-2044406' />
    <nd ref='-2044332' />
    <nd ref='-2044331' />
    <nd ref='-2044330' />
    <nd ref='-2044400' />
    <tag k='landuse' v='forest' />
  </way>
  <way id='-3007385' action='modify' visible='true'>
    <nd ref='-2044426' />
    <nd ref='-2044427' />
    <nd ref='-2044411' />
    <nd ref='-2044428' />
    <nd ref='-2044429' />
    <nd ref='-2044412' />
    <nd ref='-2044413' />
    <nd ref='-2044414' />
    <nd ref='-2044415' />
    <nd ref='-2044416' />
    <nd ref='-2044417' />
    <nd ref='-2044418' />
    <nd ref='-2044419' />
    <nd ref='-2044420' />
    <nd ref='-2044421' />
    <nd ref='-2044422' />
    <nd ref='-2044423' />
    <nd ref='-2044424' />
    <nd ref='-2044425' />
    <nd ref='-2044426' />
    <tag k='landuse' v='forest' />
  </way>
  <way id='-3007386' action='modify' visible='true'>
    <nd ref='-2044317' />
    <nd ref='-2044430' />
    <nd ref='-2044431' />
    <nd ref='-2044432' />
    <nd ref='-2044433' />
    <nd ref='-2044434' />
    <nd ref='-2044435' />
    <nd ref='-2044436' />
    <nd ref='-2044437' />
    <nd ref='-2044438' />
    <nd ref='-2044439' />
    <nd ref='-2044440' />
    <nd ref='-2044441' />
    <nd ref='-2044442' />
    <nd ref='-2044443' />
    <nd ref='-2044444' />
    <nd ref='-2044445' />
    <nd ref='-2044446' />
    <nd ref='-2044447' />
    <nd ref='-2044448' />
    <nd ref='-2044449' />
    <nd ref='-2044450' />
    <nd ref='-2044451' />
    <nd ref='-2044452' />
    <nd ref='-2044453' />
    <nd ref='-2044454' />
    <nd ref='-2044455' />
    <nd ref='-2044456' />
    <nd ref='-2044457' />
    <nd ref='-2044458' />
    <nd ref='-2044459' />
    <nd ref='-2044460' />
    <nd ref='-2044461' />
    <nd ref='-2044462' />
    <nd ref='-2044463' />
    <nd ref='-2044464' />
    <nd ref='-2044465' />
    <nd ref='-2044466' />
    <nd ref='-2044467' />
    <nd ref='-2044468' />
    <nd ref='-2044469' />
    <nd ref='-2044470' />
    <nd ref='-2044471' />
    <nd ref='-2044472' />
    <nd ref='-2044473' />
    <nd ref='-2044474' />
    <nd ref='-2044475' />
    <nd ref='-2044476' />
    <nd ref='-2044477' />
    <nd ref='-2044478' />
    <nd ref='-2044479' />
    <nd ref='-2044480' />
    <nd ref='-2044481' />
    <nd ref='-2044482' />
    <nd ref='-2044483' />
    <nd ref='-2044484' />
    <nd ref='-2044485' />
    <nd ref='-2044486' />
    <nd ref='-2044487' />
    <nd ref='-2044488' />
    <nd ref='-2044489' />
    <nd ref='-2044490' />
    <nd ref='-2044491' />
    <nd ref='-2044492' />
    <nd ref='-2044493' />
    <nd ref='-2044494' />
    <nd ref='-2044495' />
    <nd ref='-2044496' />
    <nd ref='-2044497' />
    <nd ref='-2044498' />
    <nd ref='-2044499' />
    <nd ref='-2044500' />
    <nd ref='-2044501' />
    <nd ref='-2044502' />
    <nd ref='-2044503' />
    <nd ref='-2044504' />
    <nd ref='-2044505' />
    <nd ref='-2044506' />
    <nd ref='-2044507' />
    <nd ref='-2044508' />
    <nd ref='-2044509' />
    <nd ref='-2044510' />
    <nd ref='-2044511' />
    <nd ref='-2044512' />
    <nd ref='-2044513' />
    <nd ref='-2044514' />
    <nd ref='-2044515' />
    <nd ref='-2044516' />
    <nd ref='-2044517' />
    <nd ref='-2044518' />
    <nd ref='-2044519' />
    <nd ref='-2044520' />
    <nd ref='-2044521' />
    <nd ref='-2044522' />
    <nd ref='-2044523' />
    <nd ref='-2044524' />
    <nd ref='-2044525' />
    <nd ref='-2044526' />
    <nd ref='-2044527' />
    <nd ref='-2044528' />
    <nd ref='-2044529' />
    <nd ref='-2044530' />
    <nd ref='-2044531' />
    <nd ref='-2044532' />
    <nd ref='-2044533' />
    <nd ref='-2044534' />
    <nd ref='-2044535' />
    <nd ref='-2044536' />
    <nd ref='-2044537' />
    <nd ref='-2044538' />
    <nd ref='-2044539' />
    <nd ref='-2044540' />
    <nd ref='-2044541' />
    <nd ref='-2044542' />
    <nd ref='-2044543' />
    <nd ref='-2044544' />
    <nd ref='-2044545' />
    <nd ref='-2044546' />
    <nd ref='-2044547' />
    <nd ref='-2044273' />
    <nd ref='-2044274' />
    <nd ref='-2044275' />
    <nd ref='-2044276' />
    <nd ref='-2044277' />
    <nd ref='-2044278' />
    <nd ref='-2044279' />
    <nd ref='-2044280' />
    <nd ref='-2044281' />
    <nd ref='-2044282' />
    <nd ref='-2044283' />
    <nd ref='-2044284' />
    <nd ref='-2044285' />
    <nd ref='-2044286' />
    <nd ref='-2044287' />
    <nd ref='-2044288' />
    <nd ref='-2044289' />
    <nd ref='-2044290' />
    <nd ref='-2044291' />
    <nd ref='-2044292' />
    <nd ref='-2044293' />
    <nd ref='-2044294' />
    <nd ref='-2044295' />
    <nd ref='-2044296' />
    <nd ref='-2044297' />
    <nd ref='-2044298' />
    <nd ref='-2044299' />
    <nd ref='-2044300' />
    <nd ref='-2044301' />
    <nd ref='-2044302' />
    <nd ref='-2044303' />
    <nd ref='-2044304' />
    <nd ref='-2044305' />
    <nd ref='-2044306' />
    <nd ref='-2044307' />
    <nd ref='-2044308' />
    <nd ref='-2044309' />
    <nd ref='-2044310' />
    <nd ref='-2044311' />
    <nd ref='-2044312' />
    <nd ref='-2044313' />
    <nd ref='-2044314' />
    <nd ref='-2044315' />
    <nd ref='-2044316' />
    <nd ref='-2044317' />
    <tag k='landuse' v='forest' />
  </way>
  <way id='-3007387' action='modify' visible='true'>
    <nd ref='75929404' />
    <nd ref='-2044555' />
    <nd ref='-2044554' />
  </way>
  <way id='-3007388' action='modify' visible='true'>
    <nd ref='-2044849' />
    <nd ref='-2044850' />
    <tag k='highway' v='unclassified' />
    <tag k='surface' v='gravel' />
    <tag k='tiger:cfcc' v='A41' />
    <tag k='tiger:county' v='Polk, MN' />
    <tag k='tiger:reviewed' v='no' />
  </way>
  <way id='-3007389' action='modify' visible='true'>
    <nd ref='-2044579' />
    <nd ref='-2044923' />
    <nd ref='-2044921' />
    <nd ref='-2044924' />
    <nd ref='-2044922' />
    <tag k='access' v='private' />
    <tag k='highway' v='service' />
    <tag k='lanes' v='1' />
    <tag k='surface' v='unpaved' />
    <tag k='tiger:cfcc' v='A41' />
    <tag k='tiger:county' v='Grand Forks, ND' />
    <tag k='tiger:reviewed' v='no' />
  </way>
  <way id='-3007390' action='modify' visible='true'>
    <nd ref='-2044573' />
    <nd ref='-2044927' />
    <nd ref='-2044925' />
    <nd ref='-2044928' />
    <nd ref='-2044926' />
    <tag k='access' v='private' />
    <tag k='highway' v='service' />
    <tag k='lanes' v='1' />
    <tag k='surface' v='unpaved' />
    <tag k='tiger:cfcc' v='A41' />
    <tag k='tiger:county' v='Grand Forks, ND' />
    <tag k='tiger:reviewed' v='no' />
  </way>
  <way id='-3007391' action='modify' visible='true'>
    <nd ref='-2044929' />
    <nd ref='-2044930' />
    <tag k='access' v='private' />
    <tag k='highway' v='service' />
    <tag k='lanes' v='1' />
    <tag k='surface' v='unpaved' />
    <tag k='tiger:cfcc' v='A41' />
    <tag k='tiger:county' v='Grand Forks, ND' />
    <tag k='tiger:reviewed' v='no' />
  </way>
  <way id='-3007392' action='modify' visible='true'>
    <nd ref='-2044931' />
    <nd ref='-2044934' />
    <nd ref='-2044935' />
    <nd ref='-2044932' />
    <nd ref='-2044936' />
    <nd ref='-2044933' />
    <tag k='access' v='private' />
    <tag k='highway' v='service' />
    <tag k='lanes' v='1' />
    <tag k='surface' v='unpaved' />
    <tag k='tiger:cfcc' v='A41' />
    <tag k='tiger:county' v='Grand Forks, ND' />
    <tag k='tiger:reviewed' v='no' />
  </way>
  <way id='-3007393' action='modify' visible='true'>
    <nd ref='-2044937' />
    <nd ref='-2044938' />
    <tag k='access' v='private' />
    <tag k='highway' v='service' />
    <tag k='lanes' v='1' />
    <tag k='surface' v='unpaved' />
    <tag k='tiger:cfcc' v='A41' />
    <tag k='tiger:county' v='Grand Forks, ND' />
    <tag k='tiger:reviewed' v='no' />
  </way>
  <way id='-3007394' action='modify' visible='true'>
    <nd ref='-2044615' />
    <nd ref='-2044945' />
    <tag k='access' v='private' />
    <tag k='highway' v='service' />
    <tag k='lanes' v='1' />
    <tag k='surface' v='unpaved' />
    <tag k='tiger:cfcc' v='A41' />
    <tag k='tiger:county' v='Grand Forks, ND' />
    <tag k='tiger:reviewed' v='no' />
  </way>
  <way id='-3007395' action='modify' visible='true'>
    <nd ref='-2044946' />
    <nd ref='-2044947' />
    <nd ref='-2044948' />
    <tag k='access' v='private' />
    <tag k='highway' v='service' />
    <tag k='lanes' v='1' />
    <tag k='surface' v='unpaved' />
    <tag k='tiger:cfcc' v='A41' />
    <tag k='tiger:county' v='Grand Forks, ND' />
    <tag k='tiger:reviewed' v='no' />
  </way>
  <way id='-3007396' action='modify' visible='true'>
    <nd ref='-2044949' />
    <nd ref='-2044950' />
    <tag k='access' v='private' />
    <tag k='highway' v='service' />
    <tag k='lanes' v='1' />
    <tag k='surface' v='unpaved' />
    <tag k='tiger:cfcc' v='A41' />
    <tag k='tiger:county' v='Grand Forks, ND' />
    <tag k='tiger:reviewed' v='no' />
  </way>
  <way id='-3007397' action='modify' visible='true'>
    <nd ref='-2044951' />
    <nd ref='-2044952' />
    <nd ref='-2044960' />
    <nd ref='-2044953' />
    <nd ref='-2044961' />
    <nd ref='-2044956' />
    <nd ref='-2044957' />
    <nd ref='-2044954' />
    <nd ref='-2044958' />
    <nd ref='-2044959' />
    <nd ref='-2044955' />
    <tag k='access' v='private' />
    <tag k='highway' v='service' />
    <tag k='lanes' v='1' />
    <tag k='surface' v='unpaved' />
    <tag k='tiger:cfcc' v='A41' />
    <tag k='tiger:county' v='Grand Forks, ND' />
    <tag k='tiger:reviewed' v='no' />
  </way>
  <way id='-3007398' action='modify' visible='true'>
    <nd ref='-2044962' />
    <nd ref='-2044965' />
    <nd ref='-2044963' />
    <nd ref='-2044966' />
    <nd ref='-2044964' />
    <tag k='access' v='private' />
    <tag k='highway' v='service' />
    <tag k='lanes' v='1' />
    <tag k='surface' v='unpaved' />
    <tag k='tiger:cfcc' v='A41' />
    <tag k='tiger:county' v='Grand Forks, ND' />
    <tag k='tiger:reviewed' v='no' />
  </way>
  <way id='-3007399' action='modify' visible='true'>
    <nd ref='-2044967' />
    <nd ref='-2044777' />
    <tag k='access' v='private' />
    <tag k='highway' v='service' />
    <tag k='lanes' v='1' />
    <tag k='surface' v='unpaved' />
    <tag k='tiger:cfcc' v='A41' />
    <tag k='tiger:county' v='Grand Forks, ND' />
    <tag k='tiger:reviewed' v='no' />
  </way>
  <way id='-3007400' action='modify' visible='true'>
    <nd ref='-2044968' />
    <nd ref='-2044969' />
    <nd ref='-2044972' />
    <nd ref='-2044973' />
    <nd ref='-2044974' />
    <nd ref='-2044970' />
    <nd ref='-2044975' />
    <nd ref='-2044976' />
    <nd ref='-2044977' />
    <nd ref='-2046507' />
    <nd ref='-2046508' />
    <nd ref='-2046509' />
    <nd ref='-2044971' />
    <nd ref='-2046510' />
    <nd ref='-2046511' />
    <nd ref='-2044968' />
    <tag k='landuse' v='farmland' />
  </way>
  <way id='-3007401' action='modify' visible='true'>
    <nd ref='-2044986' />
    <nd ref='-2044987' />
    <nd ref='-2044988' />
    <nd ref='-2044989' />
    <nd ref='-2044978' />
    <nd ref='-2044990' />
    <nd ref='-2044991' />
    <nd ref='-2044992' />
    <nd ref='-2044993' />
    <nd ref='-2044994' />
    <nd ref='-2044995' />
    <nd ref='-2044996' />
    <nd ref='-2044997' />
    <nd ref='-2044979' />
    <nd ref='-2044998' />
    <nd ref='-2044999' />
    <nd ref='-2045000' />
    <nd ref='-2045001' />
    <nd ref='-2045002' />
    <nd ref='-2045003' />
    <nd ref='-2045004' />
    <nd ref='-2045005' />
    <nd ref='-2044980' />
    <nd ref='-2045006' />
    <nd ref='-2045007' />
    <nd ref='-2045008' />
    <nd ref='-2045009' />
    <nd ref='-2045010' />
    <nd ref='-2045011' />
    <nd ref='-2044981' />
    <nd ref='-2045012' />
    <nd ref='-2045013' />
    <nd ref='-2045014' />
    <nd ref='-2045015' />
    <nd ref='-2045016' />
    <nd ref='-2045017' />
    <nd ref='-2044982' />
    <nd ref='-2045018' />
    <nd ref='-2045019' />
    <nd ref='-2045020' />
    <nd ref='-2045021' />
    <nd ref='-2045022' />
    <nd ref='-2045023' />
    <nd ref='-2045024' />
    <nd ref='-2045025' />
    <nd ref='-2044983' />
    <nd ref='-2045026' />
    <nd ref='-2045027' />
    <nd ref='-2045028' />
    <nd ref='-2045029' />
    <nd ref='-2045030' />
    <nd ref='-2045031' />
    <nd ref='-2045032' />
    <nd ref='-2044984' />
    <nd ref='-2045033' />
    <nd ref='-2045034' />
    <nd ref='-2045035' />
    <nd ref='-2044985' />
    <nd ref='-2044986' />
    <tag k='landuse' v='farmland' />
  </way>
  <way id='-3007402' action='modify' visible='true'>
    <nd ref='-2045050' />
    <nd ref='-2045051' />
    <nd ref='-2045052' />
    <nd ref='-2045036' />
    <nd ref='-2045053' />
    <nd ref='-2045054' />
    <nd ref='-2045045' />
    <nd ref='-2045046' />
    <nd ref='-2045047' />
    <nd ref='-2045037' />
    <nd ref='-2045048' />
    <nd ref='-2045049' />
    <nd ref='-2045078' />
    <nd ref='-2045079' />
    <nd ref='-2045080' />
    <nd ref='-2045038' />
    <nd ref='-2045081' />
    <nd ref='-2045082' />
    <nd ref='-2045072' />
    <nd ref='-2045073' />
    <nd ref='-2045074' />
    <nd ref='-2045039' />
    <nd ref='-2045075' />
    <nd ref='-2045076' />
    <nd ref='-2045077' />
    <nd ref='-2045040' />
    <nd ref='-2045068' />
    <nd ref='-2045069' />
    <nd ref='-2045041' />
    <nd ref='-2045070' />
    <nd ref='-2045071' />
    <nd ref='-2045063' />
    <nd ref='-2045064' />
    <nd ref='-2045065' />
    <nd ref='-2045042' />
    <nd ref='-2045066' />
    <nd ref='-2045067' />
    <nd ref='-2045059' />
    <nd ref='-2045060' />
    <nd ref='-2045043' />
    <nd ref='-2045061' />
    <nd ref='-2045062' />
    <nd ref='-2045055' />
    <nd ref='-2045056' />
    <nd ref='-2045044' />
    <nd ref='-2045057' />
    <nd ref='-2045058' />
    <nd ref='-2045050' />
    <tag k='landuse' v='forest' />
  </way>
  <way id='-3007403' action='modify' visible='true'>
    <nd ref='-2045000' />
    <nd ref='-2045085' />
    <nd ref='-2045086' />
    <nd ref='-2045083' />
    <nd ref='-2045087' />
    <nd ref='-2045088' />
    <nd ref='-2045089' />
    <nd ref='-2045090' />
    <nd ref='-2045091' />
    <nd ref='-2045084' />
    <nd ref='-2045092' />
    <nd ref='-2045093' />
    <nd ref='-2045016' />
    <nd ref='-2045015' />
    <nd ref='-2045014' />
    <nd ref='-2045013' />
    <nd ref='-2045012' />
    <nd ref='-2044981' />
    <nd ref='-2045011' />
    <nd ref='-2045010' />
    <nd ref='-2045009' />
    <nd ref='-2045008' />
    <nd ref='-2045007' />
    <nd ref='-2045006' />
    <nd ref='-2044980' />
    <nd ref='-2045005' />
    <nd ref='-2045004' />
    <nd ref='-2045003' />
    <nd ref='-2045002' />
    <nd ref='-2045001' />
    <nd ref='-2045000' />
    <tag k='landuse' v='forest' />
  </way>
  <way id='-3007404' action='modify' visible='true'>
    <nd ref='-2045102' />
    <nd ref='-2045103' />
    <nd ref='-2045094' />
    <nd ref='-2045104' />
    <nd ref='-2045105' />
    <nd ref='-2045173' />
    <nd ref='-2045112' />
    <nd ref='-2045113' />
    <nd ref='-2045114' />
    <nd ref='-2045115' />
    <nd ref='-2045095' />
    <nd ref='-2045116' />
    <nd ref='-2045117' />
    <nd ref='-2045118' />
    <nd ref='-2045119' />
    <nd ref='-2045120' />
    <nd ref='-2045121' />
    <nd ref='-2045096' />
    <nd ref='-2045122' />
    <nd ref='-2045123' />
    <nd ref='-2045124' />
    <nd ref='-2045097' />
    <nd ref='-2045098' />
    <nd ref='-2045125' />
    <nd ref='-2045126' />
    <nd ref='-2045127' />
    <nd ref='-2045128' />
    <nd ref='-2045099' />
    <nd ref='-2045129' />
    <nd ref='-2045130' />
    <nd ref='-2045131' />
    <nd ref='-2045100' />
    <nd ref='-2045106' />
    <nd ref='-2045107' />
    <nd ref='-2045108' />
    <nd ref='-2045101' />
    <nd ref='-2045109' />
    <nd ref='-2045110' />
    <nd ref='-2045111' />
    <nd ref='-2045141' />
    <nd ref='-2045168' />
    <nd ref='-2045102' />
    <tag k='landuse' v='farmland' />
  </way>
  <way id='-3007405' action='modify' visible='true'>
    <nd ref='-2045100' />
    <nd ref='-2045133' />
    <nd ref='-2045132' />
    <nd ref='-2045112' />
    <nd ref='-2045173' />
    <nd ref='-2045105' />
    <nd ref='-2045104' />
    <nd ref='-2045094' />
    <nd ref='-2045103' />
    <nd ref='-2045102' />
    <nd ref='-2045168' />
    <nd ref='-2045141' />
    <nd ref='-2045111' />
    <nd ref='-2045110' />
    <nd ref='-2045109' />
    <nd ref='-2045101' />
    <nd ref='-2045108' />
    <nd ref='-2045107' />
    <nd ref='-2045106' />
    <nd ref='-2045100' />
    <tag k='landuse' v='farmyard' />
  </way>
  <way id='-3007406' action='modify' visible='true'>
    <nd ref='-2045100' />
    <nd ref='-2045133' />
    <nd ref='-2045162' />
    <nd ref='-2045163' />
    <nd ref='-2045164' />
    <nd ref='-2045134' />
    <nd ref='-2045165' />
    <nd ref='-2045166' />
    <nd ref='-2045167' />
    <nd ref='-2045160' />
    <nd ref='-2045135' />
    <nd ref='-2045161' />
    <nd ref='-2045142' />
    <nd ref='-2045143' />
    <nd ref='-2045136' />
    <nd ref='-2045144' />
    <nd ref='-2045145' />
    <nd ref='-2045146' />
    <nd ref='-2045147' />
    <nd ref='-2045137' />
    <nd ref='-2045148' />
    <nd ref='-2045149' />
    <nd ref='-2045150' />
    <nd ref='-2045138' />
    <nd ref='-2045151' />
    <nd ref='-2045152' />
    <nd ref='-2045153' />
    <nd ref='-2045154' />
    <nd ref='-2045139' />
    <nd ref='-2045155' />
    <nd ref='-2045156' />
    <nd ref='-2045157' />
    <nd ref='-2045158' />
    <nd ref='-2045140' />
    <nd ref='-2045159' />
    <nd ref='-2045141' />
    <nd ref='-2045111' />
    <nd ref='-2045110' />
    <nd ref='-2045109' />
    <nd ref='-2045101' />
    <nd ref='-2045108' />
    <nd ref='-2045107' />
    <nd ref='-2045106' />
    <nd ref='-2045100' />
    <tag k='landuse' v='forest' />
  </way>
  <way id='-3007407' action='modify' visible='true'>
    <nd ref='-2045168' />
    <nd ref='-2045174' />
    <nd ref='-2045169' />
    <nd ref='-2045175' />
    <nd ref='-2045176' />
    <nd ref='-2045177' />
    <nd ref='-2045170' />
    <nd ref='-2045178' />
    <nd ref='-2045179' />
    <nd ref='-2045180' />
    <nd ref='-2045171' />
    <nd ref='-2045181' />
    <nd ref='-2045182' />
    <nd ref='-2045183' />
    <nd ref='-2045172' />
    <nd ref='-2045184' />
    <nd ref='-2045173' />
    <nd ref='-2045105' />
    <nd ref='-2045104' />
    <nd ref='-2045094' />
    <nd ref='-2045103' />
    <nd ref='-2045102' />
    <nd ref='-2045168' />
    <tag k='landuse' v='forest' />
  </way>
  <way id='-3007408' action='modify' visible='true'>
    <nd ref='-2045301' />
    <nd ref='-2045302' />
    <nd ref='-2045303' />
    <nd ref='-2045185' />
    <nd ref='-2045304' />
    <nd ref='-2045305' />
    <nd ref='-2045294' />
    <nd ref='-2045295' />
    <nd ref='-2045296' />
    <nd ref='-2045297' />
    <nd ref='-2045186' />
    <nd ref='-2045298' />
    <nd ref='-2045299' />
    <nd ref='-2045300' />
    <nd ref='-2045285' />
    <nd ref='-2045286' />
    <nd ref='-2045287' />
    <nd ref='-2045288' />
    <nd ref='-2045289' />
    <nd ref='-2045187' />
    <nd ref='-2045290' />
    <nd ref='-2045291' />
    <nd ref='-2045292' />
    <nd ref='-2045293' />
    <nd ref='-2045277' />
    <nd ref='-2045278' />
    <nd ref='-2045279' />
    <nd ref='-2045280' />
    <nd ref='-2045188' />
    <nd ref='-2045281' />
    <nd ref='-2045282' />
    <nd ref='-2045283' />
    <nd ref='-2045284' />
    <nd ref='-2045271' />
    <nd ref='-2045272' />
    <nd ref='-2045273' />
    <nd ref='-2045189' />
    <nd ref='-2045274' />
    <nd ref='-2045275' />
    <nd ref='-2045276' />
    <nd ref='-2045264' />
    <nd ref='-2045265' />
    <nd ref='-2045266' />
    <nd ref='-2045267' />
    <nd ref='-2045190' />
    <nd ref='-2045268' />
    <nd ref='-2045269' />
    <nd ref='-2045270' />
    <nd ref='-2045255' />
    <nd ref='-2045256' />
    <nd ref='-2045257' />
    <nd ref='-2045258' />
    <nd ref='-2045259' />
    <nd ref='-2045191' />
    <nd ref='-2045260' />
    <nd ref='-2045261' />
    <nd ref='-2045262' />
    <nd ref='-2045263' />
    <nd ref='-2045253' />
    <nd ref='-2045192' />
    <nd ref='-2045254' />
    <nd ref='-2045251' />
    <nd ref='-2045193' />
    <nd ref='-2045252' />
    <nd ref='-2045246' />
    <nd ref='-2045247' />
    <nd ref='-2045248' />
    <nd ref='-2045194' />
    <nd ref='-2045249' />
    <nd ref='-2045250' />
    <nd ref='-2045243' />
    <nd ref='-2045244' />
    <nd ref='-2045195' />
    <nd ref='-2045245' />
    <nd ref='-2045239' />
    <nd ref='-2045240' />
    <nd ref='-2045196' />
    <nd ref='-2045241' />
    <nd ref='-2045242' />
    <nd ref='-2045235' />
    <nd ref='-2045236' />
    <nd ref='-2045197' />
    <nd ref='-2045237' />
    <nd ref='-2045238' />
    <nd ref='-2045231' />
    <nd ref='-2045232' />
    <nd ref='-2045198' />
    <nd ref='-2045233' />
    <nd ref='-2045234' />
    <nd ref='-2045228' />
    <nd ref='-2045229' />
    <nd ref='-2045199' />
    <nd ref='-2045230' />
    <nd ref='-2045224' />
    <nd ref='-2045225' />
    <nd ref='-2045200' />
    <nd ref='-2045226' />
    <nd ref='-2045227' />
    <nd ref='-2045221' />
    <nd ref='-2045222' />
    <nd ref='-2045201' />
    <nd ref='-2045223' />
    <nd ref='-2045216' />
    <nd ref='-2045217' />
    <nd ref='-2045218' />
    <nd ref='-2045202' />
    <nd ref='-2045219' />
    <nd ref='-2045220' />
    <nd ref='-2045206' />
    <nd ref='-2045207' />
    <nd ref='-2045203' />
    <nd ref='-2045208' />
    <nd ref='-2045209' />
    <nd ref='-2045210' />
    <nd ref='-2045211' />
    <nd ref='-2045212' />
    <nd ref='-2045204' />
    <nd ref='-2045213' />
    <nd ref='-2045214' />
    <nd ref='-2045215' />
    <nd ref='-2045485' />
    <nd ref='-2045487' />
    <nd ref='-2045306' />
    <nd ref='-2045307' />
    <nd ref='-2045308' />
    <nd ref='-2045309' />
    <nd ref='-2045205' />
    <nd ref='-2045310' />
    <nd ref='-2045311' />
    <nd ref='-2045312' />
    <nd ref='-2045301' />
    <tag k='landuse' v='farmland' />
  </way>
  <way id='-3007409' action='modify' visible='true'>
    <nd ref='-2045316' />
    <nd ref='-2045317' />
    <nd ref='-2045318' />
    <nd ref='-2045313' />
    <nd ref='-2045319' />
    <nd ref='-2045320' />
    <nd ref='-2045321' />
    <nd ref='-2045255' />
    <nd ref='-2045270' />
    <nd ref='-2045269' />
    <nd ref='-2045268' />
    <nd ref='-2045190' />
    <nd ref='-2045267' />
    <nd ref='-2045266' />
    <nd ref='-2045265' />
    <nd ref='-2045264' />
    <nd ref='-2045276' />
    <nd ref='-2045275' />
    <nd ref='-2045274' />
    <nd ref='-2045189' />
    <nd ref='-2045273' />
    <nd ref='-2045272' />
    <nd ref='-2045271' />
    <nd ref='-2045284' />
    <nd ref='-2045327' />
    <nd ref='-2045328' />
    <nd ref='-2045329' />
    <nd ref='-2045314' />
    <nd ref='-2045330' />
    <nd ref='-2045331' />
    <nd ref='-2045332' />
    <nd ref='-2045322' />
    <nd ref='-2045323' />
    <nd ref='-2045324' />
    <nd ref='-2045315' />
    <nd ref='-2045325' />
    <nd ref='-2045326' />
    <nd ref='-2045316' />
    <tag k='landuse' v='forest' />
  </way>
  <way id='-3007410' action='modify' visible='true'>
    <nd ref='-2045444' />
    <nd ref='-2045445' />
    <nd ref='-2045446' />
    <nd ref='-2045447' />
    <nd ref='-2045333' />
    <nd ref='-2045448' />
    <nd ref='-2045449' />
    <nd ref='-2045450' />
    <nd ref='-2045334' />
    <nd ref='-2045407' />
    <nd ref='-2045408' />
    <nd ref='-2045335' />
    <nd ref='-2045409' />
    <nd ref='-2045410' />
    <nd ref='-2045398' />
    <nd ref='-2045399' />
    <nd ref='-2045400' />
    <nd ref='-2045401' />
    <nd ref='-2045402' />
    <nd ref='-2045336' />
    <nd ref='-2045403' />
    <nd ref='-2045404' />
    <nd ref='-2045405' />
    <nd ref='-2045406' />
    <nd ref='-2045392' />
    <nd ref='-2045393' />
    <nd ref='-2045394' />
    <nd ref='-2045337' />
    <nd ref='-2045395' />
    <nd ref='-2045396' />
    <nd ref='-2045397' />
    <nd ref='-2045382' />
    <nd ref='-2045383' />
    <nd ref='-2045384' />
    <nd ref='-2045385' />
    <nd ref='-2045386' />
    <nd ref='-2045338' />
    <nd ref='-2045387' />
    <nd ref='-2045388' />
    <nd ref='-2045389' />
    <nd ref='-2045390' />
    <nd ref='-2045391' />
    <nd ref='-2045362' />
    <nd ref='-2045363' />
    <nd ref='-2045364' />
    <nd ref='-2045365' />
    <nd ref='-2045339' />
    <nd ref='-2045366' />
    <nd ref='-2045367' />
    <nd ref='-2045368' />
    <nd ref='-2045369' />
    <nd ref='-2045370' />
    <nd ref='-2045371' />
    <nd ref='-2045350' />
    <nd ref='-2045372' />
    <nd ref='-2045373' />
    <nd ref='-2045374' />
    <nd ref='-2045375' />
    <nd ref='-2045351' />
    <nd ref='-2045376' />
    <nd ref='-2045377' />
    <nd ref='-2045411' />
    <nd ref='-2045412' />
    <nd ref='-2045413' />
    <nd ref='-2045378' />
    <nd ref='-2045414' />
    <nd ref='-2045415' />
    <nd ref='-2045437' />
    <nd ref='-2045438' />
    <nd ref='-2045434' />
    <nd ref='-2045439' />
    <nd ref='-2045432' />
    <nd ref='-2045428' />
    <nd ref='-2045429' />
    <nd ref='-2045379' />
    <nd ref='-2045430' />
    <nd ref='-2045424' />
    <nd ref='-2045425' />
    <nd ref='-2045380' />
    <nd ref='-2045426' />
    <nd ref='-2045427' />
    <nd ref='-2045431' />
    <nd ref='-2045435' />
    <nd ref='-2045433' />
    <nd ref='-2045436' />
    <nd ref='-2045416' />
    <nd ref='-2045417' />
    <nd ref='-2045418' />
    <nd ref='-2045419' />
    <nd ref='-2045381' />
    <nd ref='-2045420' />
    <nd ref='-2045421' />
    <nd ref='-2045422' />
    <nd ref='-2045423' />
    <nd ref='-2045352' />
    <nd ref='-2045353' />
    <nd ref='-2045354' />
    <nd ref='-2045355' />
    <nd ref='-2045356' />
    <nd ref='-2045340' />
    <nd ref='-2045357' />
    <nd ref='-2045358' />
    <nd ref='-2045359' />
    <nd ref='-2045360' />
    <nd ref='-2045361' />
    <nd ref='-2045343' />
    <nd ref='-2045344' />
    <nd ref='-2045345' />
    <nd ref='-2045341' />
    <nd ref='-2045346' />
    <nd ref='-2045347' />
    <nd ref='-2045348' />
    <nd ref='-2045477' />
    <nd ref='-2045478' />
    <nd ref='-2045479' />
    <nd ref='-2045480' />
    <nd ref='-2045342' />
    <nd ref='-2045481' />
    <nd ref='-2045482' />
    <nd ref='-2045483' />
    <nd ref='-2045484' />
    <nd ref='-2045486' />
    <nd ref='-2045471' />
    <nd ref='-2045472' />
    <nd ref='-2045473' />
    <nd ref='-2045440' />
    <nd ref='-2045474' />
    <nd ref='-2045475' />
    <nd ref='-2045476' />
    <nd ref='-2045465' />
    <nd ref='-2045466' />
    <nd ref='-2045467' />
    <nd ref='-2045441' />
    <nd ref='-2045468' />
    <nd ref='-2045469' />
    <nd ref='-2045470' />
    <nd ref='-2045461' />
    <nd ref='-2045462' />
    <nd ref='-2045442' />
    <nd ref='-2045463' />
    <nd ref='-2045464' />
    <nd ref='-2045457' />
    <nd ref='-2045458' />
    <nd ref='-2045349' />
    <nd ref='-2045459' />
    <nd ref='-2045460' />
    <nd ref='-2045451' />
    <nd ref='-2045452' />
    <nd ref='-2045453' />
    <nd ref='-2045443' />
    <nd ref='-2045454' />
    <nd ref='-2045455' />
    <nd ref='-2045456' />
    <nd ref='-2045444' />
    <tag k='landuse' v='farmland' />
  </way>
  <way id='-3007411' action='modify' visible='true'>
    <nd ref='-2045485' />
    <nd ref='-2045486' />
    <nd ref='-2045471' />
    <nd ref='-2045472' />
    <nd ref='-2045473' />
    <nd ref='-2045440' />
    <nd ref='-2045474' />
    <nd ref='-2045475' />
    <nd ref='-2045476' />
    <nd ref='-2045465' />
    <nd ref='-2045466' />
    <nd ref='-2045467' />
    <nd ref='-2045441' />
    <nd ref='-2045468' />
    <nd ref='-2045469' />
    <nd ref='-2045470' />
    <nd ref='-2045461' />
    <nd ref='-2045462' />
    <nd ref='-2045442' />
    <nd ref='-2045463' />
    <nd ref='-2045464' />
    <nd ref='-2045457' />
    <nd ref='-2045458' />
    <nd ref='-2045349' />
    <nd ref='-2045459' />
    <nd ref='-2045460' />
    <nd ref='-2045451' />
    <nd ref='-2045452' />
    <nd ref='-2045453' />
    <nd ref='-2045443' />
    <nd ref='-2045454' />
    <nd ref='-2045455' />
    <nd ref='-2045456' />
    <nd ref='-2045444' />
    <nd ref='-2045445' />
    <nd ref='-2045446' />
    <nd ref='-2045447' />
    <nd ref='-2045333' />
    <nd ref='-2045448' />
    <nd ref='-2045487' />
    <nd ref='-2045485' />
    <tag k='landuse' v='forest' />
  </way>
  <way id='-3007412' action='modify' visible='true'>
    <nd ref='-2045690' />
    <nd ref='-2045691' />
    <nd ref='-2045692' />
    <nd ref='-2045693' />
    <nd ref='-2045488' />
    <nd ref='-2045694' />
    <nd ref='-2045695' />
    <nd ref='-2045696' />
    <nd ref='-2045680' />
    <nd ref='-2045681' />
    <nd ref='-2045682' />
    <nd ref='-2045683' />
    <nd ref='-2045684' />
    <nd ref='-2045489' />
    <nd ref='-2045685' />
    <nd ref='-2045686' />
    <nd ref='-2045687' />
    <nd ref='-2045688' />
    <nd ref='-2045689' />
    <nd ref='-2045697' />
    <nd ref='-2045698' />
    <nd ref='-2045699' />
    <nd ref='-2045700' />
    <nd ref='-2045490' />
    <nd ref='-2045701' />
    <nd ref='-2045702' />
    <nd ref='-2045703' />
    <nd ref='-2045521' />
    <nd ref='-2045523' />
    <nd ref='-2045524' />
    <nd ref='-2045525' />
    <nd ref='-2045491' />
    <nd ref='-2045526' />
    <nd ref='-2045527' />
    <nd ref='-2045528' />
    <nd ref='-2045529' />
    <nd ref='-2045530' />
    <nd ref='-2045531' />
    <nd ref='-2045492' />
    <nd ref='-2045532' />
    <nd ref='-2045533' />
    <nd ref='-2045534' />
    <nd ref='-2045541' />
    <nd ref='-2045542' />
    <nd ref='-2045543' />
    <nd ref='-2045544' />
    <nd ref='-2045545' />
    <nd ref='-2045522' />
    <nd ref='-2045546' />
    <nd ref='-2045547' />
    <nd ref='-2045548' />
    <nd ref='-2045549' />
    <nd ref='-2045535' />
    <nd ref='-2045536' />
    <nd ref='-2045537' />
    <nd ref='-2045493' />
    <nd ref='-2045538' />
    <nd ref='-2045539' />
    <nd ref='-2045540' />
    <nd ref='-2045550' />
    <nd ref='-2045551' />
    <nd ref='-2045494' />
    <nd ref='-2045552' />
    <nd ref='-2045553' />
    <nd ref='-2045495' />
    <nd ref='-2045554' />
    <nd ref='-2045555' />
    <nd ref='-2045496' />
    <nd ref='-2045556' />
    <nd ref='-2045557' />
    <nd ref='-2045558' />
    <nd ref='-2045559' />
    <nd ref='-2045560' />
    <nd ref='-2045497' />
    <nd ref='-2045561' />
    <nd ref='-2045562' />
    <nd ref='-2045563' />
    <nd ref='-2045564' />
    <nd ref='-2045565' />
    <nd ref='-2045566' />
    <nd ref='-2045567' />
    <nd ref='-2045498' />
    <nd ref='-2045568' />
    <nd ref='-2045569' />
    <nd ref='-2045570' />
    <nd ref='-2045571' />
    <nd ref='-2045572' />
    <nd ref='-2045573' />
    <nd ref='-2045574' />
    <nd ref='-2045499' />
    <nd ref='-2045575' />
    <nd ref='-2045576' />
    <nd ref='-2045577' />
    <nd ref='-2045578' />
    <nd ref='-2045579' />
    <nd ref='-2045580' />
    <nd ref='-2045581' />
    <nd ref='-2045500' />
    <nd ref='-2045582' />
    <nd ref='-2045583' />
    <nd ref='-2045584' />
    <nd ref='-2045585' />
    <nd ref='-2045501' />
    <nd ref='-2045586' />
    <nd ref='-2045587' />
    <nd ref='-2045588' />
    <nd ref='-2045502' />
    <nd ref='-2045589' />
    <nd ref='-2045590' />
    <nd ref='-2045591' />
    <nd ref='-2045503' />
    <nd ref='-2045592' />
    <nd ref='-2045593' />
    <nd ref='-2045594' />
    <nd ref='-2045504' />
    <nd ref='-2045595' />
    <nd ref='-2045596' />
    <nd ref='-2045505' />
    <nd ref='-2045597' />
    <nd ref='-2045598' />
    <nd ref='-2045599' />
    <nd ref='-2045506' />
    <nd ref='-2045600' />
    <nd ref='-2045601' />
    <nd ref='-2045602' />
    <nd ref='-2045507' />
    <nd ref='-2045603' />
    <nd ref='-2045604' />
    <nd ref='-2045605' />
    <nd ref='-2045606' />
    <nd ref='-2045607' />
    <nd ref='-2045608' />
    <nd ref='-2045609' />
    <nd ref='-2045508' />
    <nd ref='-2045610' />
    <nd ref='-2045611' />
    <nd ref='-2045612' />
    <nd ref='-2045613' />
    <nd ref='-2045614' />
    <nd ref='-2045615' />
    <nd ref='-2045616' />
    <nd ref='-2045509' />
    <nd ref='-2045617' />
    <nd ref='-2045618' />
    <nd ref='-2045619' />
    <nd ref='-2045620' />
    <nd ref='-2045621' />
    <nd ref='-2045510' />
    <nd ref='-2045622' />
    <nd ref='-2045623' />
    <nd ref='-2045624' />
    <nd ref='-2045625' />
    <nd ref='-2045511' />
    <nd ref='-2045626' />
    <nd ref='-2045627' />
    <nd ref='-2045628' />
    <nd ref='-2045629' />
    <nd ref='-2045630' />
    <nd ref='-2045512' />
    <nd ref='-2045631' />
    <nd ref='-2045632' />
    <nd ref='-2045633' />
    <nd ref='-2045634' />
    <nd ref='-2045635' />
    <nd ref='-2045513' />
    <nd ref='-2045636' />
    <nd ref='-2045637' />
    <nd ref='-2045638' />
    <nd ref='-2045639' />
    <nd ref='-2045640' />
    <nd ref='-2045514' />
    <nd ref='-2045641' />
    <nd ref='-2045642' />
    <nd ref='-2045643' />
    <nd ref='-2045644' />
    <nd ref='-2045645' />
    <nd ref='-2045646' />
    <nd ref='-2045515' />
    <nd ref='-2045647' />
    <nd ref='-2045648' />
    <nd ref='-2045649' />
    <nd ref='-2045650' />
    <nd ref='-2045651' />
    <nd ref='-2045652' />
    <nd ref='-2045653' />
    <nd ref='-2045516' />
    <nd ref='-2045654' />
    <nd ref='-2045655' />
    <nd ref='-2045656' />
    <nd ref='-2045657' />
    <nd ref='-2045658' />
    <nd ref='-2045517' />
    <nd ref='-2045659' />
    <nd ref='-2045660' />
    <nd ref='-2045661' />
    <nd ref='-2045662' />
    <nd ref='-2045518' />
    <nd ref='-2045663' />
    <nd ref='-2045664' />
    <nd ref='-2045665' />
    <nd ref='-2045666' />
    <nd ref='-2045667' />
    <nd ref='-2045668' />
    <nd ref='-2045519' />
    <nd ref='-2045669' />
    <nd ref='-2045670' />
    <nd ref='-2045671' />
    <nd ref='-2045672' />
    <nd ref='-2045673' />
    <nd ref='-2045674' />
    <nd ref='-2045675' />
    <nd ref='-2045520' />
    <nd ref='-2045676' />
    <nd ref='-2045677' />
    <nd ref='-2045678' />
    <nd ref='-2045679' />
    <nd ref='-2045690' />
    <tag k='landuse' v='farmland' />
  </way>
  <way id='-3007413' action='modify' visible='true'>
    <nd ref='-2045794' />
    <nd ref='-2045795' />
    <nd ref='-2045704' />
    <nd ref='-2045796' />
    <nd ref='-2045801' />
    <nd ref='-2045802' />
    <nd ref='-2045793' />
    <nd ref='-2045803' />
    <nd ref='-2045838' />
    <nd ref='-2045839' />
    <nd ref='-2045840' />
    <nd ref='-2045804' />
    <nd ref='-2045841' />
    <nd ref='-2045842' />
    <nd ref='-2045832' />
    <nd ref='-2045833' />
    <nd ref='-2045834' />
    <nd ref='-2045805' />
    <nd ref='-2045835' />
    <nd ref='-2045836' />
    <nd ref='-2045837' />
    <nd ref='-2045843' />
    <nd ref='-2045844' />
    <nd ref='-2045845' />
    <nd ref='-2045806' />
    <nd ref='-2045846' />
    <nd ref='-2045847' />
    <nd ref='-2045848' />
    <nd ref='-2045849' />
    <nd ref='-2045807' />
    <nd ref='-2045850' />
    <nd ref='-2045851' />
    <nd ref='-2045826' />
    <nd ref='-2045827' />
    <nd ref='-2045828' />
    <nd ref='-2045808' />
    <nd ref='-2045829' />
    <nd ref='-2045830' />
    <nd ref='-2045831' />
    <nd ref='-2045852' />
    <nd ref='-2045853' />
    <nd ref='-2045854' />
    <nd ref='-2045809' />
    <nd ref='-2045855' />
    <nd ref='-2045856' />
    <nd ref='-2045857' />
    <nd ref='-2045858' />
    <nd ref='-2045859' />
    <nd ref='-2045810' />
    <nd ref='-2045860' />
    <nd ref='-2045861' />
    <nd ref='-2045821' />
    <nd ref='-2045822' />
    <nd ref='-2045823' />
    <nd ref='-2045811' />
    <nd ref='-2045824' />
    <nd ref='-2045825' />
    <nd ref='-2045862' />
    <nd ref='-2045863' />
    <nd ref='-2045864' />
    <nd ref='-2045812' />
    <nd ref='-2045865' />
    <nd ref='-2045866' />
    <nd ref='-2045867' />
    <nd ref='-2045868' />
    <nd ref='-2045869' />
    <nd ref='-2045813' />
    <nd ref='-2045870' />
    <nd ref='-2045871' />
    <nd ref='-2045816' />
    <nd ref='-2045817' />
    <nd ref='-2045818' />
    <nd ref='-2045815' />
    <nd ref='-2045819' />
    <nd ref='-2045820' />
    <nd ref='-2045872' />
    <nd ref='-2045873' />
    <nd ref='-2045874' />
    <nd ref='-2045814' />
    <nd ref='-2045875' />
    <nd ref='-2045876' />
    <nd ref='-2045717' />
    <nd ref='-2045718' />
    <nd ref='-2045719' />
    <nd ref='-2045720' />
    <nd ref='-2045705' />
    <nd ref='-2045721' />
    <nd ref='-2045722' />
    <nd ref='-2045723' />
    <nd ref='-2045724' />
    <nd ref='-2045725' />
    <nd ref='-2045726' />
    <nd ref='-2045727' />
    <nd ref='-2045706' />
    <nd ref='-2045728' />
    <nd ref='-2045729' />
    <nd ref='-2045730' />
    <nd ref='-2045731' />
    <nd ref='-2045732' />
    <nd ref='-2045733' />
    <nd ref='-2045734' />
    <nd ref='-2045707' />
    <nd ref='-2045735' />
    <nd ref='-2045736' />
    <nd ref='-2045737' />
    <nd ref='-2045738' />
    <nd ref='-2045739' />
    <nd ref='-2045740' />
    <nd ref='-2045708' />
    <nd ref='-2045741' />
    <nd ref='-2045742' />
    <nd ref='-2045743' />
    <nd ref='-2045709' />
    <nd ref='-2045744' />
    <nd ref='-2045710' />
    <nd ref='-2045745' />
    <nd ref='-2045746' />
    <nd ref='-2045747' />
    <nd ref='-2045748' />
    <nd ref='-2045711' />
    <nd ref='-2045749' />
    <nd ref='-2045750' />
    <nd ref='-2045751' />
    <nd ref='-2045752' />
    <nd ref='-2045753' />
    <nd ref='-2045754' />
    <nd ref='-2045755' />
    <nd ref='-2045712' />
    <nd ref='-2045756' />
    <nd ref='-2045757' />
    <nd ref='-2045758' />
    <nd ref='-2045759' />
    <nd ref='-2045760' />
    <nd ref='-2045761' />
    <nd ref='-2045762' />
    <nd ref='-2045763' />
    <nd ref='-2045713' />
    <nd ref='-2045764' />
    <nd ref='-2045765' />
    <nd ref='-2045766' />
    <nd ref='-2045767' />
    <nd ref='-2045768' />
    <nd ref='-2045878' />
    <nd ref='-2045769' />
    <nd ref='-2045770' />
    <nd ref='-2045771' />
    <nd ref='-2045714' />
    <nd ref='-2045772' />
    <nd ref='-2045773' />
    <nd ref='-2045774' />
    <nd ref='-2045775' />
    <nd ref='-2045776' />
    <nd ref='-2045777' />
    <nd ref='-2045778' />
    <nd ref='-2045779' />
    <nd ref='-2045715' />
    <nd ref='-2045780' />
    <nd ref='-2045781' />
    <nd ref='-2045782' />
    <nd ref='-2045783' />
    <nd ref='-2045784' />
    <nd ref='-2045785' />
    <nd ref='-2045786' />
    <nd ref='-2045787' />
    <nd ref='-2045716' />
    <nd ref='-2045788' />
    <nd ref='-2045789' />
    <nd ref='-2045790' />
    <nd ref='-2045791' />
    <nd ref='-2045797' />
    <nd ref='-2045798' />
    <nd ref='-2045792' />
    <nd ref='-2045799' />
    <nd ref='-2045800' />
    <nd ref='-2045794' />
    <tag k='landuse' v='farmland' />
  </way>
  <way id='-3007414' action='modify' visible='true'>
    <nd ref='-2045784' />
    <nd ref='-2045877' />
    <nd ref='-2045888' />
    <nd ref='-2045762' />
    <nd ref='-2045763' />
    <nd ref='-2045713' />
    <nd ref='-2045764' />
    <nd ref='-2045765' />
    <nd ref='-2045766' />
    <nd ref='-2045767' />
    <nd ref='-2045768' />
    <nd ref='-2045878' />
    <nd ref='-2045769' />
    <nd ref='-2045770' />
    <nd ref='-2045771' />
    <nd ref='-2045714' />
    <nd ref='-2045772' />
    <nd ref='-2045773' />
    <nd ref='-2045774' />
    <nd ref='-2045775' />
    <nd ref='-2045776' />
    <nd ref='-2045777' />
    <nd ref='-2045778' />
    <nd ref='-2045779' />
    <nd ref='-2045715' />
    <nd ref='-2045780' />
    <nd ref='-2045781' />
    <nd ref='-2045782' />
    <nd ref='-2045783' />
    <nd ref='-2045784' />
    <tag k='landuse' v='farmyard' />
  </way>
  <way id='-3007415' action='modify' visible='true'>
    <nd ref='-2045878' />
    <nd ref='-2045889' />
    <nd ref='-2045890' />
    <nd ref='-2045879' />
    <nd ref='-2045891' />
    <nd ref='-2045892' />
    <nd ref='-2045893' />
    <nd ref='-2045880' />
    <nd ref='-2045894' />
    <nd ref='-2045895' />
    <nd ref='-2045896' />
    <nd ref='-2045897' />
    <nd ref='-2045881' />
    <nd ref='-2045898' />
    <nd ref='-2045899' />
    <nd ref='-2045900' />
    <nd ref='-2045901' />
    <nd ref='-2045882' />
    <nd ref='-2045902' />
    <nd ref='-2045903' />
    <nd ref='-2045904' />
    <nd ref='-2045905' />
    <nd ref='-2045883' />
    <nd ref='-2045906' />
    <nd ref='-2045907' />
    <nd ref='-2045908' />
    <nd ref='-2045884' />
    <nd ref='-2045909' />
    <nd ref='-2045910' />
    <nd ref='-2045911' />
    <nd ref='-2045912' />
    <nd ref='-2045885' />
    <nd ref='-2045913' />
    <nd ref='-2045914' />
    <nd ref='-2045915' />
    <nd ref='-2045916' />
    <nd ref='-2045886' />
    <nd ref='-2045917' />
    <nd ref='-2045918' />
    <nd ref='-2045919' />
    <nd ref='-2045887' />
    <nd ref='-2045920' />
    <nd ref='-2045921' />
    <nd ref='-2045888' />
    <nd ref='-2045877' />
    <nd ref='-2045784' />
    <nd ref='-2045783' />
    <nd ref='-2045782' />
    <nd ref='-2045781' />
    <nd ref='-2045780' />
    <nd ref='-2045715' />
    <nd ref='-2045779' />
    <nd ref='-2045778' />
    <nd ref='-2045777' />
    <nd ref='-2045776' />
    <nd ref='-2045775' />
    <nd ref='-2045774' />
    <nd ref='-2045773' />
    <nd ref='-2045772' />
    <nd ref='-2045714' />
    <nd ref='-2045771' />
    <nd ref='-2045770' />
    <nd ref='-2045769' />
    <nd ref='-2045878' />
    <tag k='landuse' v='forest' />
  </way>
  <way id='-3007416' action='modify' visible='true'>
    <nd ref='-2045922' />
    <nd ref='-2045923' />
    <nd ref='-2045926' />
    <nd ref='-2045927' />
    <nd ref='-2045928' />
    <nd ref='-2045929' />
    <nd ref='-2045924' />
    <nd ref='-2045930' />
    <nd ref='-2045931' />
    <nd ref='-2045932' />
    <nd ref='-2045925' />
    <nd ref='-2045922' />
    <tag k='landuse' v='farmland' />
  </way>
  <way id='-3007417' action='modify' visible='true'>
    <nd ref='-2045933' />
    <nd ref='-2045961' />
    <nd ref='-2045962' />
    <nd ref='-2045963' />
    <nd ref='-2045964' />
    <nd ref='-2045965' />
    <nd ref='-2045934' />
    <nd ref='-2045966' />
    <nd ref='-2045967' />
    <nd ref='-2045968' />
    <nd ref='-2045969' />
    <nd ref='-2045952' />
    <nd ref='-2045953' />
    <nd ref='-2045954' />
    <nd ref='-2045955' />
    <nd ref='-2045956' />
    <nd ref='-2045935' />
    <nd ref='-2045957' />
    <nd ref='-2045958' />
    <nd ref='-2045959' />
    <nd ref='-2045960' />
    <nd ref='-2045947' />
    <nd ref='-2045948' />
    <nd ref='-2045949' />
    <nd ref='-2045936' />
    <nd ref='-2045950' />
    <nd ref='-2045951' />
    <nd ref='-2046062' />
    <nd ref='-2045939' />
    <nd ref='-2045940' />
    <nd ref='-2045941' />
    <nd ref='-2045942' />
    <nd ref='-2045937' />
    <nd ref='-2045943' />
    <nd ref='-2045944' />
    <nd ref='-2045945' />
    <nd ref='-2045946' />
    <nd ref='-2045938' />
    <nd ref='-2045933' />
    <tag k='landuse' v='farmland' />
  </way>
  <way id='-3007418' action='modify' visible='true'>
    <nd ref='-2045978' />
    <nd ref='-2045979' />
    <nd ref='-2045980' />
    <nd ref='-2045981' />
    <nd ref='-2045982' />
    <nd ref='-2045970' />
    <nd ref='-2045983' />
    <nd ref='-2045984' />
    <nd ref='-2045985' />
    <nd ref='-2045986' />
    <nd ref='-2045987' />
    <nd ref='-2046019' />
    <nd ref='-2046020' />
    <nd ref='-2046021' />
    <nd ref='-2046022' />
    <nd ref='-2045971' />
    <nd ref='-2046023' />
    <nd ref='-2046024' />
    <nd ref='-2046025' />
    <nd ref='-2046026' />
    <nd ref='-2046010' />
    <nd ref='-2046011' />
    <nd ref='-2046012' />
    <nd ref='-2046013' />
    <nd ref='-2046014' />
    <nd ref='-2045972' />
    <nd ref='-2046015' />
    <nd ref='-2046016' />
    <nd ref='-2046017' />
    <nd ref='-2046018' />
    <nd ref='-2046002' />
    <nd ref='-2046003' />
    <nd ref='-2046004' />
    <nd ref='-2046005' />
    <nd ref='-2045973' />
    <nd ref='-2046006' />
    <nd ref='-2046007' />
    <nd ref='-2046008' />
    <nd ref='-2046009' />
    <nd ref='-2045974' />
    <nd ref='-2045995' />
    <nd ref='-2045996' />
    <nd ref='-2045997' />
    <nd ref='-2045998' />
    <nd ref='-2045975' />
    <nd ref='-2045999' />
    <nd ref='-2046000' />
    <nd ref='-2046001' />
    <nd ref='-2045992' />
    <nd ref='-2045993' />
    <nd ref='-2045976' />
    <nd ref='-2045994' />
    <nd ref='-2045988' />
    <nd ref='-2045989' />
    <nd ref='-2045977' />
    <nd ref='-2045990' />
    <nd ref='-2045991' />
    <nd ref='-2045978' />
    <tag k='landuse' v='farmland' />
  </way>
  <way id='-3007487' action='modify' visible='true'>
    <nd ref='-2046053' />
    <nd ref='-2046054' />
    <nd ref='-2046030' />
    <nd ref='-2046055' />
    <nd ref='-2046056' />
    <nd ref='-2045939' />
    <nd ref='-2046062' />
    <nd ref='-2045951' />
    <nd ref='-2045950' />
    <nd ref='-2045936' />
    <nd ref='-2045949' />
    <nd ref='-2045948' />
    <nd ref='-2045947' />
    <nd ref='-2045960' />
    <nd ref='-2046036' />
    <nd ref='-2046037' />
    <nd ref='-2046038' />
    <nd ref='-2046031' />
    <nd ref='-2046039' />
    <nd ref='-2046040' />
    <nd ref='-2046041' />
    <nd ref='-2046057' />
    <nd ref='-2046042' />
    <nd ref='-2046032' />
    <nd ref='-2046043' />
    <nd ref='-2046044' />
    <nd ref='-2046045' />
    <nd ref='-2046033' />
    <nd ref='-2046086' />
    <nd ref='-2046046' />
    <nd ref='-2046080' />
    <nd ref='-2046047' />
    <nd ref='-2046048' />
    <nd ref='-2046034' />
    <nd ref='-2046049' />
    <nd ref='-2046050' />
    <nd ref='-2046051' />
    <nd ref='-2046035' />
    <nd ref='-2046052' />
    <nd ref='-2046053' />
    <tag k='landuse' v='farmyard' />
  </way>
  <way id='-3007522' action='modify' visible='true'>
    <nd ref='-2046057' />
    <nd ref='-2046063' />
    <nd ref='-2046064' />
    <nd ref='-2046058' />
    <nd ref='-2046065' />
    <nd ref='-2046066' />
    <nd ref='-2046067' />
    <nd ref='-2046068' />
    <nd ref='-2046059' />
    <nd ref='-2046069' />
    <nd ref='-2046070' />
    <nd ref='-2046071' />
    <nd ref='-2046072' />
    <nd ref='-2046060' />
    <nd ref='-2046073' />
    <nd ref='-2046074' />
    <nd ref='-2046075' />
    <nd ref='-2046076' />
    <nd ref='-2046077' />
    <nd ref='-2046061' />
    <nd ref='-2046078' />
    <nd ref='-2046079' />
    <nd ref='-2046062' />
    <nd ref='-2045951' />
    <nd ref='-2045950' />
    <nd ref='-2045936' />
    <nd ref='-2045949' />
    <nd ref='-2045948' />
    <nd ref='-2045947' />
    <nd ref='-2045960' />
    <nd ref='-2046036' />
    <nd ref='-2046037' />
    <nd ref='-2046038' />
    <nd ref='-2046031' />
    <nd ref='-2046039' />
    <nd ref='-2046040' />
    <nd ref='-2046041' />
    <nd ref='-2046057' />
    <tag k='landuse' v='forest' />
  </way>
  <way id='-3007560' action='modify' visible='true'>
    <nd ref='-2046046' />
    <nd ref='-2046080' />
    <nd ref='-2046099' />
    <nd ref='-2046100' />
    <nd ref='-2046081' />
    <nd ref='-2046101' />
    <nd ref='-2046095' />
    <nd ref='-2046096' />
    <nd ref='-2046082' />
    <nd ref='-2046097' />
    <nd ref='-2046098' />
    <nd ref='-2046092' />
    <nd ref='-2046093' />
    <nd ref='-2046083' />
    <nd ref='-2046094' />
    <nd ref='-2046087' />
    <nd ref='-2046088' />
    <nd ref='-2046084' />
    <nd ref='-2046089' />
    <nd ref='-2046090' />
    <nd ref='-2046085' />
    <nd ref='-2046091' />
    <nd ref='-2046086' />
    <nd ref='-2046046' />
    <tag k='landuse' v='forest' />
  </way>
  <way id='-3007592' action='modify' visible='true'>
    <nd ref='-2046112' />
    <nd ref='-2046202' />
    <nd ref='-2046203' />
    <nd ref='-2046204' />
    <nd ref='-2046205' />
    <nd ref='-2046102' />
    <nd ref='-2046206' />
    <nd ref='-2046207' />
    <nd ref='-2046208' />
    <nd ref='-2046195' />
    <nd ref='-2046196' />
    <nd ref='-2046197' />
    <nd ref='-2046198' />
    <nd ref='-2046103' />
    <nd ref='-2046199' />
    <nd ref='-2046200' />
    <nd ref='-2046201' />
    <nd ref='-2046188' />
    <nd ref='-2046189' />
    <nd ref='-2046190' />
    <nd ref='-2046191' />
    <nd ref='-2046104' />
    <nd ref='-2046192' />
    <nd ref='-2046193' />
    <nd ref='-2046194' />
    <nd ref='-2046181' />
    <nd ref='-2046182' />
    <nd ref='-2046183' />
    <nd ref='-2046184' />
    <nd ref='-2046105' />
    <nd ref='-2046185' />
    <nd ref='-2046186' />
    <nd ref='-2046187' />
    <nd ref='-2046172' />
    <nd ref='-2046173' />
    <nd ref='-2046174' />
    <nd ref='-2046175' />
    <nd ref='-2046176' />
    <nd ref='-2046106' />
    <nd ref='-2046177' />
    <nd ref='-2046178' />
    <nd ref='-2046179' />
    <nd ref='-2046180' />
    <nd ref='-2046169' />
    <nd ref='-2046170' />
    <nd ref='-2046107' />
    <nd ref='-2046171' />
    <nd ref='-2046167' />
    <nd ref='-2046108' />
    <nd ref='-2046168' />
    <nd ref='-2046109' />
    <nd ref='-2046110' />
    <nd ref='-2046112' />
    <tag k='landuse' v='farmland' />
  </way>
  <way id='-3007616' action='modify' visible='true'>
    <nd ref='-2046153' />
    <nd ref='-2046154' />
    <nd ref='-2046114' />
    <nd ref='-2046155' />
    <nd ref='-2046156' />
    <nd ref='-2046146' />
    <nd ref='-2046147' />
    <nd ref='-2046148' />
    <nd ref='-2046149' />
    <nd ref='-2046115' />
    <nd ref='-2046150' />
    <nd ref='-2046151' />
    <nd ref='-2046152' />
    <nd ref='-2046419' />
    <nd ref='-2046420' />
    <nd ref='-2046421' />
    <nd ref='-2046422' />
    <nd ref='-2046116' />
    <nd ref='-2046423' />
    <nd ref='-2046424' />
    <nd ref='-2046425' />
    <nd ref='-2046429' />
    <nd ref='-2046430' />
    <nd ref='-2046431' />
    <nd ref='-2046432' />
    <nd ref='-2046117' />
    <nd ref='-2046433' />
    <nd ref='-2046434' />
    <nd ref='-2046435' />
    <nd ref='-2046142' />
    <nd ref='-2046143' />
    <nd ref='-2046118' />
    <nd ref='-2046144' />
    <nd ref='-2046145' />
    <nd ref='-2046119' />
    <nd ref='-2046138' />
    <nd ref='-2046139' />
    <nd ref='-2046121' />
    <nd ref='-2046140' />
    <nd ref='-2046141' />
    <nd ref='-2046135' />
    <nd ref='-2046136' />
    <nd ref='-2046122' />
    <nd ref='-2046137' />
    <nd ref='-2046132' />
    <nd ref='-2046133' />
    <nd ref='-2046123' />
    <nd ref='-2046134' />
    <nd ref='-2046131' />
    <nd ref='-2046163' />
    <nd ref='-2046164' />
    <nd ref='-2046125' />
    <nd ref='-2046165' />
    <nd ref='-2046166' />
    <nd ref='-2046157' />
    <nd ref='-2046158' />
    <nd ref='-2046159' />
    <nd ref='-2046126' />
    <nd ref='-2046160' />
    <nd ref='-2046161' />
    <nd ref='-2046162' />
    <nd ref='-2046153' />
    <tag k='landuse' v='farmland' />
  </way>
  <way id='-3007841' action='modify' visible='true'>
    <nd ref='-2046329' />
    <nd ref='-2046310' />
    <nd ref='-2046311' />
    <nd ref='-2046312' />
    <nd ref='-2046313' />
    <nd ref='-2046210' />
    <nd ref='-2046314' />
    <nd ref='-2046315' />
    <nd ref='-2046316' />
    <nd ref='-2046304' />
    <nd ref='-2046305' />
    <nd ref='-2046306' />
    <nd ref='-2046211' />
    <nd ref='-2046307' />
    <nd ref='-2046308' />
    <nd ref='-2046309' />
    <nd ref='-2046297' />
    <nd ref='-2046298' />
    <nd ref='-2046299' />
    <nd ref='-2046300' />
    <nd ref='-2046212' />
    <nd ref='-2046301' />
    <nd ref='-2046302' />
    <nd ref='-2046303' />
    <nd ref='-2046290' />
    <nd ref='-2046291' />
    <nd ref='-2046292' />
    <nd ref='-2046293' />
    <nd ref='-2046213' />
    <nd ref='-2046294' />
    <nd ref='-2046295' />
    <nd ref='-2046296' />
    <nd ref='-2046286' />
    <nd ref='-2046287' />
    <nd ref='-2046214' />
    <nd ref='-2046288' />
    <nd ref='-2046289' />
    <nd ref='-2046281' />
    <nd ref='-2046282' />
    <nd ref='-2046283' />
    <nd ref='-2046215' />
    <nd ref='-2046284' />
    <nd ref='-2046285' />
    <nd ref='-2046271' />
    <nd ref='-2046272' />
    <nd ref='-2046273' />
    <nd ref='-2046274' />
    <nd ref='-2046275' />
    <nd ref='-2046216' />
    <nd ref='-2046276' />
    <nd ref='-2046277' />
    <nd ref='-2046278' />
    <nd ref='-2046279' />
    <nd ref='-2046280' />
    <nd ref='-2046265' />
    <nd ref='-2046266' />
    <nd ref='-2046267' />
    <nd ref='-2046218' />
    <nd ref='-2046268' />
    <nd ref='-2046269' />
    <nd ref='-2046270' />
    <nd ref='-2046262' />
    <nd ref='-2046263' />
    <nd ref='-2046219' />
    <nd ref='-2046264' />
    <nd ref='-2046255' />
    <nd ref='-2046256' />
    <nd ref='-2046257' />
    <nd ref='-2046258' />
    <nd ref='-2046222' />
    <nd ref='-2046259' />
    <nd ref='-2046260' />
    <nd ref='-2046261' />
    <nd ref='-2046244' />
    <nd ref='-2046245' />
    <nd ref='-2046246' />
    <nd ref='-2046223' />
    <nd ref='-2046247' />
    <nd ref='-2046248' />
    <nd ref='-2046249' />
    <nd ref='-2046239' />
    <nd ref='-2046240' />
    <nd ref='-2046224' />
    <nd ref='-2046241' />
    <nd ref='-2046235' />
    <nd ref='-2046236' />
    <nd ref='-2046225' />
    <nd ref='-2046237' />
    <nd ref='-2046238' />
    <nd ref='-2046231' />
    <nd ref='-2046232' />
    <nd ref='-2046226' />
    <nd ref='-2046233' />
    <nd ref='-2046234' />
    <nd ref='-2046242' />
    <nd ref='-2046227' />
    <nd ref='-2046243' />
    <nd ref='-2046250' />
    <nd ref='-2046251' />
    <nd ref='-2046252' />
    <nd ref='-2046228' />
    <nd ref='-2046253' />
    <nd ref='-2046254' />
    <nd ref='-2046317' />
    <nd ref='-2046318' />
    <nd ref='-2046229' />
    <nd ref='-2046319' />
    <nd ref='-2046320' />
    <nd ref='-2046321' />
    <nd ref='-2046322' />
    <nd ref='-2046230' />
    <nd ref='-2046323' />
    <nd ref='-2046329' />
    <tag k='landuse' v='farmland' />
  </way>
  <way id='-3007912' action='modify' visible='true'>
    <nd ref='-2046340' />
    <nd ref='-2046341' />
    <nd ref='-2046342' />
    <nd ref='-2046330' />
    <nd ref='-2046343' />
    <nd ref='-2046344' />
    <nd ref='-2046345' />
    <nd ref='-2046334' />
    <nd ref='-2046335' />
    <nd ref='-2046336' />
    <nd ref='-2046331' />
    <nd ref='-2046337' />
    <nd ref='-2046338' />
    <nd ref='-2046339' />
    <nd ref='-2046353' />
    <nd ref='-2046354' />
    <nd ref='-2046355' />
    <nd ref='-2046332' />
    <nd ref='-2046356' />
    <nd ref='-2046357' />
    <nd ref='-2046346' />
    <nd ref='-2046347' />
    <nd ref='-2046348' />
    <nd ref='-2046349' />
    <nd ref='-2046333' />
    <nd ref='-2046350' />
    <nd ref='-2046351' />
    <nd ref='-2046352' />
    <nd ref='-2046340' />
    <tag k='landuse' v='farmland' />
  </way>
  <way id='-3007930' action='modify' visible='true'>
    <nd ref='-2046368' />
    <nd ref='-2046369' />
    <nd ref='-2046370' />
    <nd ref='-2046364' />
    <nd ref='-2046371' />
    <nd ref='-2046372' />
    <nd ref='-2046373' />
    <nd ref='-2046374' />
    <nd ref='-2046375' />
    <nd ref='-2046376' />
    <nd ref='-2046377' />
    <nd ref='-2046365' />
    <nd ref='-2046378' />
    <nd ref='-2046379' />
    <nd ref='-2046380' />
    <nd ref='-2046381' />
    <nd ref='-2046366' />
    <nd ref='-2046367' />
    <nd ref='-2046368' />
    <tag k='landuse' v='farmland' />
  </way>
  <way id='-3007944' action='modify' visible='true'>
    <nd ref='-2046394' />
    <nd ref='-2046395' />
    <nd ref='-2046396' />
    <nd ref='-2046397' />
    <nd ref='-2046382' />
    <nd ref='-2046398' />
    <nd ref='-2046399' />
    <nd ref='-2046400' />
    <nd ref='-2046401' />
    <nd ref='-2046402' />
    <nd ref='-2046403' />
    <nd ref='-2046404' />
    <nd ref='-2046383' />
    <nd ref='-2046405' />
    <nd ref='-2046406' />
    <nd ref='-2046407' />
    <nd ref='-2046408' />
    <nd ref='-2046409' />
    <nd ref='-2046410' />
    <nd ref='-2046384' />
    <nd ref='-2046411' />
    <nd ref='-2046412' />
    <nd ref='-2046413' />
    <nd ref='-2046386' />
    <nd ref='-2046387' />
    <nd ref='-2046388' />
    <nd ref='-2046389' />
    <nd ref='-2046385' />
    <nd ref='-2046390' />
    <nd ref='-2046391' />
    <nd ref='-2046392' />
    <nd ref='-2046393' />
    <nd ref='-2046394' />
    <tag k='landuse' v='farmland' />
  </way>
  <way id='-3008032' action='modify' visible='true'>
    <nd ref='-2046462' />
    <nd ref='-2046463' />
    <nd ref='-2046464' />
    <nd ref='-2046436' />
    <nd ref='-2046465' />
    <nd ref='-2046466' />
    <nd ref='-2046467' />
    <nd ref='-2046451' />
    <nd ref='-2046452' />
    <nd ref='-2046453' />
    <nd ref='-2046437' />
    <nd ref='-2046454' />
    <nd ref='-2046455' />
    <nd ref='-2046456' />
    <nd ref='-2046445' />
    <nd ref='-2046446' />
    <nd ref='-2046447' />
    <nd ref='-2046438' />
    <nd ref='-2046448' />
    <nd ref='-2046449' />
    <nd ref='-2046450' />
    <nd ref='-2046440' />
    <nd ref='-2046441' />
    <nd ref='-2046442' />
    <nd ref='-2046439' />
    <nd ref='-2046443' />
    <nd ref='-2046444' />
    <nd ref='-2046462' />
    <tag k='landuse' v='farmland' />
  </way>
  <way id='-3008059' action='modify' visible='true'>
    <nd ref='-2046468' />
    <nd ref='-2046469' />
    <nd ref='-2046502' />
    <nd ref='-2046503' />
    <nd ref='-2046504' />
    <nd ref='-2046470' />
    <nd ref='-2046505' />
    <nd ref='-2046506' />
    <nd ref='-2046498' />
    <nd ref='-2046499' />
    <nd ref='-2046471' />
    <nd ref='-2046500' />
    <nd ref='-2046501' />
    <nd ref='-2045078' />
    <nd ref='-2045049' />
    <nd ref='-2045048' />
    <nd ref='-2045037' />
    <nd ref='-2045047' />
    <nd ref='-2045046' />
    <nd ref='-2045045' />
    <nd ref='-2045054' />
    <nd ref='-2045053' />
    <nd ref='-2045036' />
    <nd ref='-2045052' />
    <nd ref='-2045051' />
    <nd ref='-2045050' />
    <nd ref='-2045058' />
    <nd ref='-2045057' />
    <nd ref='-2046487' />
    <nd ref='-2046488' />
    <nd ref='-2046489' />
    <nd ref='-2046472' />
    <nd ref='-2046490' />
    <nd ref='-2046491' />
    <nd ref='-2046492' />
    <nd ref='-2046493' />
    <nd ref='-2046494' />
    <nd ref='-2046473' />
    <nd ref='-2046495' />
    <nd ref='-2046496' />
    <nd ref='-2046497' />
    <nd ref='-2046485' />
    <nd ref='-2046478' />
    <nd ref='-2046486' />
    <nd ref='-2046483' />
    <nd ref='-2046477' />
    <nd ref='-2046484' />
    <nd ref='-2046481' />
    <nd ref='-2046476' />
    <nd ref='-2046482' />
    <nd ref='-2046479' />
    <nd ref='-2046475' />
    <nd ref='-2046480' />
    <nd ref='-2046468' />
    <tag k='landuse' v='farmland' />
  </way>
  <way id='-3008109' action='modify' visible='true'>
    <nd ref='-2046575' />
    <nd ref='-2046576' />
    <nd ref='-2046577' />
    <nd ref='-2046578' />
    <nd ref='-2046516' />
    <nd ref='-2046579' />
    <nd ref='-2046580' />
    <nd ref='-2046581' />
    <nd ref='-2046517' />
    <nd ref='-2046532' />
    <nd ref='-2046533' />
    <nd ref='-2046534' />
    <nd ref='-2046535' />
    <nd ref='-2046518' />
    <nd ref='-2046536' />
    <nd ref='-2046537' />
    <nd ref='-2046538' />
    <nd ref='-2046539' />
    <nd ref='-2046540' />
    <nd ref='-2046541' />
    <nd ref='-2046519' />
    <nd ref='-2046542' />
    <nd ref='-2046543' />
    <nd ref='-2046544' />
    <nd ref='-2046520' />
    <nd ref='-2046545' />
    <nd ref='-2046546' />
    <nd ref='-2046547' />
    <nd ref='-2046521' />
    <nd ref='-2046548' />
    <nd ref='-2046549' />
    <nd ref='-2046550' />
    <nd ref='-2046551' />
    <nd ref='-2046522' />
    <nd ref='-2046552' />
    <nd ref='-2046553' />
    <nd ref='-2046523' />
    <nd ref='-2046554' />
    <nd ref='-2046555' />
    <nd ref='-2046556' />
    <nd ref='-2046524' />
    <nd ref='-2046557' />
    <nd ref='-2046558' />
    <nd ref='-2046525' />
    <nd ref='-2046559' />
    <nd ref='-2046560' />
    <nd ref='-2046526' />
    <nd ref='-2046561' />
    <nd ref='-2046562' />
    <nd ref='-2046527' />
    <nd ref='-2046563' />
    <nd ref='-2046564' />
    <nd ref='-2046565' />
    <nd ref='-2046528' />
    <nd ref='-2046566' />
    <nd ref='-2046529' />
    <nd ref='-2046567' />
    <nd ref='-2046568' />
    <nd ref='-2046569' />
    <nd ref='-2046570' />
    <nd ref='-2046530' />
    <nd ref='-2046571' />
    <nd ref='-2046572' />
    <nd ref='-2046573' />
    <nd ref='-2046574' />
    <nd ref='-2046575' />
    <tag k='landuse' v='farmland' />
  </way>
  <way id='-3008166' action='modify' visible='true'>
    <nd ref='-2046152' />
    <nd ref='-2046582' />
    <nd ref='-2046583' />
    <nd ref='-2046142' />
    <nd ref='-2046435' />
    <nd ref='-2046434' />
    <nd ref='-2046433' />
    <nd ref='-2046117' />
    <nd ref='-2046432' />
    <nd ref='-2046431' />
    <nd ref='-2046430' />
    <nd ref='-2046429' />
    <nd ref='-2046425' />
    <nd ref='-2046424' />
    <nd ref='-2046423' />
    <nd ref='-2046116' />
    <nd ref='-2046422' />
    <nd ref='-2046421' />
    <nd ref='-2046420' />
    <nd ref='-2046419' />
    <nd ref='-2046152' />
    <tag k='landuse' v='farmyard' />
  </way>
  <way id='-3008194' action='modify' visible='true'>
    <nd ref='-2046119' />
    <nd ref='-2046586' />
    <nd ref='-2046587' />
    <nd ref='-2046588' />
    <nd ref='-2046589' />
    <nd ref='-2046590' />
    <nd ref='-2046591' />
  </way>
  <way id='9668517' action='modify' timestamp='2020-08-20T19:18:12Z' uid='214969' user='AndrewBuck' visible='true' version='2' changeset='89708593'>
    <nd ref='75867901' />
    <nd ref='-2044652' />
    <nd ref='-2044653' />
    <nd ref='75867902' />
    <nd ref='-2044654' />
    <nd ref='-2044664' />
    <nd ref='75867903' />
    <nd ref='-2044665' />
    <nd ref='-2044662' />
    <nd ref='75867904' />
    <nd ref='-2044663' />
    <nd ref='75867905' />
    <nd ref='-2044660' />
    <nd ref='75867906' />
    <nd ref='-2044661' />
    <nd ref='75867907' />
    <nd ref='-2044658' />
    <nd ref='75867909' />
    <nd ref='-2044659' />
    <nd ref='75867910' />
    <nd ref='-2044655' />
    <nd ref='-2044656' />
    <nd ref='75867911' />
    <nd ref='-2044701' />
    <nd ref='-2044657' />
    <nd ref='-2044702' />
    <nd ref='75867912' />
    <tag k='access' v='private' />
    <tag k='highway' v='service' />
    <tag k='lanes' v='1' />
    <tag k='surface' v='unpaved' />
    <tag k='tiger:cfcc' v='A74' />
    <tag k='tiger:county' v='Grand Forks, ND' />
    <tag k='tiger:reviewed' v='no' />
  </way>
  <way id='9668828' timestamp='2020-08-20T19:18:12Z' uid='214969' user='AndrewBuck' visible='true' version='2' changeset='89708593'>
    <nd ref='75872871' />
    <nd ref='75872873' />
    <nd ref='75872875' />
    <nd ref='75872877' />
    <nd ref='75872879' />
    <nd ref='75872882' />
    <nd ref='75872884' />
    <nd ref='75872886' />
    <nd ref='75872888' />
    <nd ref='75872890' />
    <nd ref='75872893' />
    <nd ref='75872896' />
    <nd ref='75872899' />
    <nd ref='75872901' />
    <nd ref='75872904' />
    <nd ref='75872905' />
    <nd ref='75872906' />
    <nd ref='75872908' />
    <nd ref='75872910' />
    <tag k='access' v='private' />
    <tag k='highway' v='service' />
    <tag k='lanes' v='1' />
    <tag k='surface' v='unpaved' />
    <tag k='tiger:cfcc' v='A74' />
    <tag k='tiger:county' v='Grand Forks, ND' />
    <tag k='tiger:reviewed' v='no' />
  </way>
  <way id='9668860' timestamp='2020-08-20T19:18:12Z' uid='214969' user='AndrewBuck' visible='true' version='2' changeset='89708593'>
    <nd ref='75873415' />
    <nd ref='75873417' />
    <nd ref='75873422' />
    <nd ref='7830459608' />
    <nd ref='7830459607' />
    <nd ref='7830459606' />
    <nd ref='7830459605' />
    <nd ref='7830459604' />
    <nd ref='7830459603' />
    <nd ref='7830459602' />
    <nd ref='7830459601' />
    <nd ref='75873426' />
    <nd ref='7830459600' />
    <nd ref='75873424' />
    <nd ref='7830459599' />
    <nd ref='7830459598' />
    <nd ref='75873420' />
    <nd ref='75873417' />
    <tag k='access' v='private' />
    <tag k='highway' v='service' />
    <tag k='lanes' v='1' />
    <tag k='surface' v='unpaved' />
    <tag k='tiger:cfcc' v='A74' />
    <tag k='tiger:county' v='Grand Forks, ND' />
  </way>
  <way id='9669757' timestamp='2020-08-20T19:18:12Z' uid='214969' user='AndrewBuck' visible='true' version='2' changeset='89708593'>
    <nd ref='75885098' />
    <nd ref='75885101' />
    <nd ref='75885103' />
    <nd ref='75885105' />
    <tag k='access' v='private' />
    <tag k='highway' v='service' />
    <tag k='lanes' v='1' />
    <tag k='surface' v='unpaved' />
    <tag k='tiger:cfcc' v='A74' />
    <tag k='tiger:county' v='Grand Forks, ND' />
    <tag k='tiger:reviewed' v='no' />
  </way>
  <way id='9669894' timestamp='2020-08-20T19:18:12Z' uid='214969' user='AndrewBuck' visible='true' version='2' changeset='89708593'>
    <nd ref='75887096' />
    <nd ref='75887097' />
    <nd ref='75887101' />
    <nd ref='75887103' />
    <tag k='access' v='private' />
    <tag k='highway' v='service' />
    <tag k='lanes' v='1' />
    <tag k='surface' v='unpaved' />
    <tag k='tiger:cfcc' v='A74' />
    <tag k='tiger:county' v='Grand Forks, ND' />
    <tag k='tiger:reviewed' v='no' />
  </way>
  <way id='9669904' timestamp='2020-08-20T19:18:12Z' uid='214969' user='AndrewBuck' visible='true' version='2' changeset='89708593'>
    <nd ref='75887242' />
    <nd ref='75887244' />
    <nd ref='75887246' />
    <nd ref='75887248' />
    <tag k='access' v='private' />
    <tag k='highway' v='service' />
    <tag k='lanes' v='1' />
    <tag k='surface' v='unpaved' />
    <tag k='tiger:cfcc' v='A41' />
    <tag k='tiger:county' v='Grand Forks, ND' />
    <tag k='tiger:reviewed' v='no' />
  </way>
  <way id='9670470' timestamp='2020-08-20T19:18:12Z' uid='214969' user='AndrewBuck' visible='true' version='2' changeset='89708593'>
    <nd ref='75895073' />
    <nd ref='75895075' />
    <nd ref='75895077' />
    <tag k='access' v='private' />
    <tag k='highway' v='service' />
    <tag k='lanes' v='1' />
    <tag k='surface' v='unpaved' />
    <tag k='tiger:cfcc' v='A74' />
    <tag k='tiger:county' v='Grand Forks, ND' />
    <tag k='tiger:reviewed' v='no' />
  </way>
  <way id='9670473' timestamp='2020-08-20T19:18:12Z' uid='214969' user='AndrewBuck' visible='true' version='2' changeset='89708593'>
    <nd ref='75895094' />
    <nd ref='75895096' />
    <nd ref='75895098' />
    <nd ref='75895101' />
    <nd ref='75895103' />
    <nd ref='75895105' />
    <nd ref='75895107' />
    <nd ref='75895108' />
    <nd ref='75895111' />
    <nd ref='75895112' />
    <nd ref='75895114' />
    <tag k='access' v='private' />
    <tag k='highway' v='service' />
    <tag k='lanes' v='1' />
    <tag k='surface' v='unpaved' />
    <tag k='tiger:cfcc' v='A74' />
    <tag k='tiger:county' v='Grand Forks, ND' />
    <tag k='tiger:reviewed' v='no' />
  </way>
  <way id='9670485' timestamp='2020-08-20T19:18:12Z' uid='214969' user='AndrewBuck' visible='true' version='2' changeset='89708593'>
    <nd ref='75895251' />
    <nd ref='75895252' />
    <nd ref='75895254' />
    <nd ref='75895257' />
    <nd ref='75895259' />
    <nd ref='75895261' />
    <nd ref='75895263' />
    <nd ref='75895265' />
    <tag k='access' v='private' />
    <tag k='highway' v='service' />
    <tag k='lanes' v='1' />
    <tag k='surface' v='unpaved' />
    <tag k='tiger:cfcc' v='A74' />
    <tag k='tiger:county' v='Grand Forks, ND' />
    <tag k='tiger:reviewed' v='no' />
  </way>
  <way id='9670494' action='modify' timestamp='2020-08-20T19:18:12Z' uid='214969' user='AndrewBuck' visible='true' version='2' changeset='89708593'>
    <nd ref='75895340' />
    <nd ref='-2044683' />
    <nd ref='-2044682' />
    <nd ref='-2044684' />
    <nd ref='75895341' />
    <tag k='access' v='private' />
    <tag k='highway' v='service' />
    <tag k='lanes' v='1' />
    <tag k='surface' v='unpaved' />
    <tag k='tiger:cfcc' v='A74' />
    <tag k='tiger:county' v='Grand Forks, ND' />
    <tag k='tiger:reviewed' v='no' />
  </way>
  <way id='9670528' timestamp='2007-10-16T22:55:38Z' uid='7168' user='DaveHansenTiger' visible='true' version='1' changeset='207492'>
    <nd ref='75895786' />
    <nd ref='75895787' />
    <tag k='access' v='private' />
    <tag k='highway' v='service' />
    <tag k='tiger:cfcc' v='A74' />
    <tag k='tiger:county' v='Grand Forks, ND' />
    <tag k='tiger:reviewed' v='no' />
    <tag k='tiger:source' v='tiger_import_dch_v0.6_20070829' />
    <tag k='tiger:tlid' v='171303927' />
    <tag k='tiger:upload_uuid' v='bulk_upload.pl-69727963-fbd6-4553-9a00-80e09918bb57' />
  </way>
  <way id='9670592' action='modify' timestamp='2020-08-20T19:18:12Z' uid='214969' user='AndrewBuck' visible='true' version='2' changeset='89708593'>
    <nd ref='75896500' />
    <nd ref='-2044556' />
    <nd ref='75896502' />
    <nd ref='-2044557' />
    <nd ref='-2044558' />
    <nd ref='75896504' />
    <nd ref='-2044559' />
    <nd ref='-2044560' />
    <nd ref='75896506' />
    <nd ref='-2044561' />
    <nd ref='-2044562' />
    <nd ref='75896508' />
    <nd ref='-2044563' />
    <nd ref='-2044564' />
    <nd ref='75896510' />
    <nd ref='-2044565' />
    <nd ref='75896512' />
    <tag k='access' v='private' />
    <tag k='highway' v='service' />
    <tag k='lanes' v='1' />
    <tag k='surface' v='unpaved' />
    <tag k='tiger:cfcc' v='A74' />
    <tag k='tiger:county' v='Grand Forks, ND' />
    <tag k='tiger:reviewed' v='no' />
  </way>
  <way id='9670594' action='modify' timestamp='2020-08-20T19:18:12Z' uid='214969' user='AndrewBuck' visible='true' version='2' changeset='89708593'>
    <nd ref='75896519' />
    <nd ref='-2044680' />
    <nd ref='75896520' />
    <nd ref='-2044681' />
    <nd ref='-2044678' />
    <nd ref='75896522' />
    <nd ref='-2044679' />
    <nd ref='-2044676' />
    <nd ref='-2044666' />
    <nd ref='-2044677' />
    <nd ref='75896524' />
    <nd ref='-2044667' />
    <nd ref='-2044668' />
    <nd ref='75896526' />
    <nd ref='-2044669' />
    <nd ref='-2044670' />
    <nd ref='75896528' />
    <nd ref='-2044671' />
    <nd ref='-2044674' />
    <nd ref='75896530' />
    <nd ref='-2044675' />
    <nd ref='-2044672' />
    <nd ref='75896532' />
    <nd ref='-2044673' />
    <nd ref='75896533' />
    <tag k='access' v='private' />
    <tag k='highway' v='service' />
    <tag k='lanes' v='1' />
    <tag k='surface' v='unpaved' />
    <tag k='tiger:cfcc' v='A74' />
    <tag k='tiger:county' v='Grand Forks, ND' />
    <tag k='tiger:reviewed' v='no' />
  </way>
  <way id='9670595' action='modify' timestamp='2020-08-20T19:18:12Z' uid='214969' user='AndrewBuck' visible='true' version='2' changeset='89708593'>
    <nd ref='75896534' />
    <nd ref='-2044699' />
    <nd ref='75896535' />
    <nd ref='-2044700' />
    <nd ref='75896538' />
    <tag k='access' v='private' />
    <tag k='highway' v='service' />
    <tag k='lanes' v='1' />
    <tag k='surface' v='unpaved' />
    <tag k='tiger:cfcc' v='A74' />
    <tag k='tiger:county' v='Grand Forks, ND' />
    <tag k='tiger:reviewed' v='no' />
  </way>
  <way id='9670601' action='modify' timestamp='2020-08-20T19:18:12Z' uid='214969' user='AndrewBuck' visible='true' version='2' changeset='89708593'>
    <nd ref='75896592' />
    <nd ref='-2044548' />
    <nd ref='75896596' />
    <nd ref='-2044549' />
    <nd ref='-2044550' />
    <nd ref='75896598' />
    <nd ref='-2044551' />
    <nd ref='-2044552' />
    <nd ref='75896600' />
    <nd ref='-2044553' />
    <nd ref='-2044943' />
    <nd ref='75896602' />
    <nd ref='-2044944' />
    <nd ref='-2044941' />
    <nd ref='-2044939' />
    <nd ref='-2044942' />
    <nd ref='-2044940' />
    <tag k='access' v='private' />
    <tag k='highway' v='service' />
    <tag k='lanes' v='1' />
    <tag k='surface' v='unpaved' />
    <tag k='tiger:cfcc' v='A74' />
    <tag k='tiger:county' v='Grand Forks, ND' />
    <tag k='tiger:reviewed' v='no' />
  </way>
  <way id='9670607' action='modify' timestamp='2020-08-20T19:18:12Z' uid='214969' user='AndrewBuck' visible='true' version='2' changeset='89708593'>
    <nd ref='75896650' />
    <nd ref='75896651' />
    <nd ref='-2044573' />
    <nd ref='-2044572' />
    <nd ref='-2044574' />
    <nd ref='-2044575' />
    <nd ref='75896652' />
    <nd ref='-2044576' />
    <nd ref='-2044577' />
    <nd ref='75896654' />
    <nd ref='-2044578' />
    <nd ref='75896656' />
    <nd ref='-2044579' />
    <nd ref='75896658' />
    <nd ref='-2044580' />
    <nd ref='75896660' />
    <nd ref='-2044581' />
    <nd ref='75896662' />
    <nd ref='-2044582' />
    <nd ref='75896663' />
    <nd ref='75896665' />
    <tag k='access' v='private' />
    <tag k='highway' v='service' />
    <tag k='lanes' v='1' />
    <tag k='surface' v='unpaved' />
    <tag k='tiger:cfcc' v='A41' />
    <tag k='tiger:county' v='Grand Forks, ND' />
    <tag k='tiger:reviewed' v='no' />
  </way>
  <way id='9670611' timestamp='2020-08-20T19:18:12Z' uid='214969' user='AndrewBuck' visible='true' version='2' changeset='89708593'>
    <nd ref='75896696' />
    <nd ref='75896697' />
    <nd ref='75896699' />
    <nd ref='75896701' />
    <nd ref='75896702' />
    <nd ref='75896704' />
    <nd ref='75896705' />
    <nd ref='75896706' />
    <nd ref='75896707' />
    <nd ref='75896708' />
    <nd ref='75896710' />
    <nd ref='75896712' />
    <nd ref='75896713' />
    <nd ref='75896716' />
    <nd ref='75896718' />
    <nd ref='75896720' />
    <nd ref='75896722' />
    <tag k='access' v='private' />
    <tag k='highway' v='service' />
    <tag k='lanes' v='1' />
    <tag k='surface' v='unpaved' />
    <tag k='tiger:cfcc' v='A41' />
    <tag k='tiger:county' v='Grand Forks, ND' />
    <tag k='tiger:reviewed' v='no' />
  </way>
  <way id='9670651' action='modify' timestamp='2020-08-20T19:18:12Z' uid='214969' user='AndrewBuck' visible='true' version='2' changeset='89708593'>
    <nd ref='75897196' />
    <nd ref='75897198' />
    <nd ref='-2044603' />
    <nd ref='75897200' />
    <nd ref='-2044609' />
    <nd ref='-2044604' />
    <nd ref='-2044610' />
    <nd ref='-2044607' />
    <nd ref='75897205' />
    <nd ref='-2044608' />
    <nd ref='-2044605' />
    <nd ref='75897207' />
    <nd ref='-2044606' />
    <nd ref='-2044611' />
    <nd ref='-2044612' />
    <nd ref='75897209' />
    <nd ref='-2044613' />
    <nd ref='75897211' />
    <tag k='access' v='private' />
    <tag k='highway' v='service' />
    <tag k='lanes' v='1' />
    <tag k='surface' v='unpaved' />
    <tag k='tiger:cfcc' v='A74' />
    <tag k='tiger:county' v='Grand Forks, ND' />
    <tag k='tiger:reviewed' v='no' />
  </way>
  <way id='9670792' timestamp='2020-08-19T16:53:32Z' uid='214969' user='AndrewBuck' visible='true' version='2' changeset='89646201'>
    <nd ref='75899058' />
    <nd ref='75899060' />
    <nd ref='75899061' />
    <nd ref='75899062' />
    <nd ref='75899064' />
    <nd ref='75899066' />
    <nd ref='75899068' />
    <nd ref='75899071' />
    <nd ref='75899073' />
    <nd ref='75899075' />
    <nd ref='75899077' />
    <nd ref='75899114' />
    <tag k='highway' v='service' />
    <tag k='lanes' v='1' />
    <tag k='surface' v='unpaved' />
    <tag k='tiger:cfcc' v='A41' />
    <tag k='tiger:county' v='Grand Forks, ND' />
    <tag k='tiger:reviewed' v='no' />
  </way>
  <way id='9670795' timestamp='2020-08-19T16:53:32Z' uid='214969' user='AndrewBuck' visible='true' version='2' changeset='89646201'>
    <nd ref='75899114' />
    <nd ref='75899116' />
    <nd ref='75899117' />
    <nd ref='75899119' />
    <nd ref='75899120' />
    <nd ref='75899121' />
    <nd ref='75899122' />
    <nd ref='75899061' />
    <tag k='highway' v='track' />
    <tag k='lanes' v='1' />
    <tag k='surface' v='unpaved' />
    <tag k='tiger:cfcc' v='A41' />
    <tag k='tiger:county' v='Grand Forks, ND' />
    <tag k='tiger:reviewed' v='no' />
  </way>
  <way id='9670973' timestamp='2024-03-27T18:57:24Z' uid='15981404' user='diamondarmorsteve' visible='true' version='3' changeset='149239503'>
    <nd ref='75955100' />
    <nd ref='75968905' />
    <nd ref='75968907' />
    <nd ref='75968909' />
    <nd ref='75968911' />
    <nd ref='75968913' />
    <nd ref='75968915' />
    <nd ref='75901138' />
    <nd ref='75901140' />
    <nd ref='75901142' />
    <nd ref='75969001' />
    <nd ref='75969003' />
    <nd ref='75969005' />
    <nd ref='75969008' />
    <nd ref='75969010' />
    <nd ref='75969011' />
    <nd ref='75969012' />
    <nd ref='75969013' />
    <nd ref='75969014' />
    <nd ref='75969015' />
    <nd ref='75969017' />
    <nd ref='75969018' />
    <nd ref='75969020' />
    <nd ref='75969022' />
    <nd ref='75897426' />
    <nd ref='75897449' />
    <nd ref='75969024' />
    <nd ref='75867072' />
    <nd ref='75969026' />
    <nd ref='75871066' />
    <nd ref='75969029' />
    <nd ref='75969032' />
    <nd ref='75896890' />
    <nd ref='75969034' />
    <nd ref='75969036' />
    <nd ref='75866352' />
    <nd ref='75969038' />
    <nd ref='75872256' />
    <nd ref='75920070' />
    <nd ref='75872253' />
    <nd ref='75871745' />
    <nd ref='75969040' />
    <nd ref='75969042' />
    <nd ref='75969045' />
    <nd ref='75969048' />
    <nd ref='75969050' />
    <nd ref='75969053' />
    <nd ref='75969055' />
    <nd ref='75969057' />
    <nd ref='75969058' />
    <nd ref='75969060' />
    <nd ref='75969061' />
    <nd ref='75969063' />
    <nd ref='75969065' />
    <nd ref='75969067' />
    <nd ref='75969069' />
    <nd ref='75969071' />
    <nd ref='75969073' />
    <tag k='highway' v='tertiary' />
    <tag k='lanes' v='2' />
    <tag k='name' v='15th Street Northeast' />
    <tag k='name_1' v='County Road 18' />
    <tag k='ref' v='CR 18' />
    <tag k='surface' v='unpaved' />
    <tag k='tiger:cfcc' v='A41' />
    <tag k='tiger:county' v='Grand Forks, ND' />
    <tag k='tiger:name_base' v='15th' />
    <tag k='tiger:name_base_1' v='County Road 18' />
    <tag k='tiger:name_direction_suffix' v='NE' />
    <tag k='tiger:name_type' v='St' />
    <tag k='tiger:reviewed' v='no' />
  </way>
  <way id='9671018' timestamp='2020-08-19T16:53:32Z' uid='214969' user='AndrewBuck' visible='true' version='2' changeset='89646201'>
    <nd ref='75901637' />
    <nd ref='75901638' />
    <nd ref='75901639' />
    <nd ref='75901641' />
    <nd ref='75901643' />
    <nd ref='75901645' />
    <tag k='access' v='private' />
    <tag k='highway' v='service' />
    <tag k='lanes' v='1' />
    <tag k='surface' v='unpaved' />
    <tag k='tiger:cfcc' v='A74' />
    <tag k='tiger:county' v='Grand Forks, ND' />
    <tag k='tiger:reviewed' v='no' />
  </way>
  <way id='9671727' action='modify' timestamp='2020-08-20T19:18:12Z' uid='214969' user='AndrewBuck' visible='true' version='2' changeset='89708593'>
    <nd ref='75909187' />
    <nd ref='-2044633' />
    <nd ref='75909189' />
    <nd ref='-2044634' />
    <nd ref='-2044635' />
    <nd ref='75909191' />
    <nd ref='-2044636' />
    <nd ref='-2044637' />
    <nd ref='75909193' />
    <nd ref='-2044638' />
    <nd ref='-2044639' />
    <nd ref='75909195' />
    <nd ref='-2044640' />
    <nd ref='-2044641' />
    <nd ref='75909197' />
    <nd ref='-2044642' />
    <nd ref='75909199' />
    <tag k='access' v='private' />
    <tag k='highway' v='service' />
    <tag k='lanes' v='1' />
    <tag k='surface' v='unpaved' />
    <tag k='tiger:cfcc' v='A74' />
    <tag k='tiger:county' v='Grand Forks, ND' />
    <tag k='tiger:reviewed' v='no' />
  </way>
  <way id='9671729' action='modify' timestamp='2020-08-20T19:18:12Z' uid='214969' user='AndrewBuck' visible='true' version='2' changeset='89708593'>
    <nd ref='75909201' />
    <nd ref='-2044631' />
    <nd ref='75909202' />
    <nd ref='-2044632' />
    <nd ref='-2044629' />
    <nd ref='75909203' />
    <nd ref='-2044630' />
    <nd ref='-2044627' />
    <nd ref='75909204' />
    <nd ref='-2044628' />
    <nd ref='-2044625' />
    <nd ref='75909205' />
    <nd ref='-2044626' />
    <nd ref='-2044623' />
    <nd ref='75909206' />
    <nd ref='-2044624' />
    <nd ref='-2044621' />
    <nd ref='75909207' />
    <nd ref='-2044622' />
    <nd ref='-2044619' />
    <nd ref='75909208' />
    <nd ref='-2044620' />
    <nd ref='75909209' />
    <nd ref='-2044616' />
    <nd ref='-2044617' />
    <nd ref='75909211' />
    <nd ref='-2044618' />
    <nd ref='-2044614' />
    <nd ref='75909212' />
    <nd ref='-2044615' />
    <nd ref='75909214' />
    <tag k='access' v='private' />
    <tag k='highway' v='service' />
    <tag k='lanes' v='1' />
    <tag k='surface' v='unpaved' />
    <tag k='tiger:cfcc' v='A41' />
    <tag k='tiger:county' v='Grand Forks, ND' />
    <tag k='tiger:reviewed' v='no' />
  </way>
  <way id='9671932' timestamp='2020-08-19T16:53:32Z' uid='214969' user='AndrewBuck' visible='true' version='2' changeset='89646201'>
    <nd ref='75911842' />
    <nd ref='75911844' />
    <nd ref='75911846' />
    <nd ref='75911848' />
    <nd ref='75911850' />
    <nd ref='75911852' />
    <tag k='access' v='private' />
    <tag k='highway' v='service' />
    <tag k='lanes' v='1' />
    <tag k='surface' v='unpaved' />
    <tag k='tiger:cfcc' v='A74' />
    <tag k='tiger:county' v='Grand Forks, ND' />
    <tag k='tiger:reviewed' v='no' />
  </way>
  <way id='9672295' timestamp='2020-08-19T16:53:32Z' uid='214969' user='AndrewBuck' visible='true' version='4' changeset='89646201'>
    <nd ref='75916010' />
    <nd ref='75916012' />
    <nd ref='75899091' />
    <nd ref='75916013' />
    <nd ref='75916015' />
    <nd ref='75916017' />
    <nd ref='75916019' />
    <nd ref='75916023' />
    <nd ref='7638029428' />
    <nd ref='75916026' />
    <nd ref='75901637' />
    <nd ref='75916028' />
    <tag k='highway' v='unclassified' />
    <tag k='lanes' v='2' />
    <tag k='name' v='27th Avenue' />
    <tag k='surface' v='unpaved' />
    <tag k='tiger:cfcc' v='A41' />
    <tag k='tiger:county' v='Grand Forks, ND' />
    <tag k='tiger:name_base' v='27th' />
    <tag k='tiger:name_type' v='Ave' />
    <tag k='tiger:reviewed' v='no' />
  </way>
  <way id='9672361' timestamp='2020-08-20T19:18:12Z' uid='214969' user='AndrewBuck' visible='true' version='4' changeset='89708593'>
    <nd ref='75917583' />
    <nd ref='75917586' />
    <nd ref='75917588' />
    <nd ref='75917590' />
    <tag k='highway' v='residential' />
    <tag k='lanes' v='1' />
    <tag k='name' v='Ferry Avenue Northeast' />
    <tag k='surface' v='unpaved' />
    <tag k='tiger:cfcc' v='A41' />
    <tag k='tiger:county' v='Grand Forks, ND' />
    <tag k='tiger:name_base' v='Ferry' />
    <tag k='tiger:name_direction_suffix' v='NE' />
    <tag k='tiger:name_type' v='Ave' />
    <tag k='tiger:reviewed' v='no' />
  </way>
  <way id='9672549' timestamp='2020-08-11T02:51:25Z' uid='214969' user='AndrewBuck' visible='true' version='8' changeset='89222714'>
    <nd ref='75922058' />
    <nd ref='4160641133' />
    <nd ref='75922060' />
    <nd ref='75922063' />
    <nd ref='4160641132' />
    <nd ref='4160641130' />
    <nd ref='4160641127' />
    <nd ref='4160641125' />
    <nd ref='4160641122' />
    <nd ref='4160641121' />
    <nd ref='75922065' />
    <nd ref='4160641119' />
    <nd ref='4160641118' />
    <nd ref='75922067' />
    <nd ref='4160641120' />
    <nd ref='4160641123' />
    <nd ref='4160641124' />
    <nd ref='4160641126' />
    <nd ref='4160641128' />
    <nd ref='4160641129' />
    <nd ref='75922068' />
    <nd ref='75922071' />
    <tag k='highway' v='track' />
    <tag k='lanes' v='1' />
    <tag k='name' v='30th Avenue Northeast' />
    <tag k='surface' v='unpaved' />
    <tag k='tiger:cfcc' v='A41' />
    <tag k='tiger:county' v='Grand Forks, ND' />
    <tag k='tiger:name_base' v='30th' />
    <tag k='tiger:name_direction_suffix' v='NE' />
    <tag k='tiger:name_type' v='Ave' />
    <tag k='tiger:reviewed' v='aerial' />
  </way>
  <way id='9672865' action='modify' timestamp='2020-08-20T19:18:12Z' uid='214969' user='AndrewBuck' visible='true' version='5' changeset='89708593'>
    <nd ref='75929367' />
    <nd ref='-2044601' />
    <nd ref='75929369' />
    <nd ref='-2044602' />
    <nd ref='-2044597' />
    <nd ref='75929371' />
    <nd ref='-2044598' />
    <nd ref='-2044599' />
    <nd ref='75929373' />
    <nd ref='-2044600' />
    <nd ref='-2044595' />
    <nd ref='75929377' />
    <nd ref='-2044596' />
    <nd ref='-2044593' />
    <nd ref='75929378' />
    <nd ref='-2044594' />
    <nd ref='-2044590' />
    <nd ref='-2044591' />
    <nd ref='75929380' />
    <nd ref='-2044592' />
    <nd ref='-2044588' />
    <nd ref='75929383' />
    <nd ref='-2044589' />
    <nd ref='-2044586' />
    <nd ref='75929385' />
    <nd ref='-2044587' />
    <nd ref='-2044583' />
    <nd ref='-2044584' />
    <nd ref='75929387' />
    <nd ref='-2044585' />
    <nd ref='75929389' />
    <nd ref='75896665' />
    <nd ref='75929391' />
    <nd ref='75929392' />
    <nd ref='-2044570' />
    <nd ref='75929395' />
    <nd ref='-2044571' />
    <nd ref='75896519' />
    <nd ref='-2044568' />
    <nd ref='75929397' />
    <nd ref='-2044569' />
    <nd ref='75896650' />
    <nd ref='-2044566' />
    <nd ref='75929399' />
    <nd ref='-2044567' />
    <nd ref='-2044929' />
    <nd ref='75929401' />
    <nd ref='75929403' />
    <nd ref='-2044931' />
    <nd ref='75896500' />
    <nd ref='75929404' />
    <nd ref='-2044555' />
    <nd ref='-2044554' />
    <nd ref='75929406' />
    <nd ref='75896592' />
    <nd ref='75929408' />
    <nd ref='75929410' />
    <nd ref='75929413' />
    <nd ref='75929415' />
    <nd ref='75896534' />
    <nd ref='75929417' />
    <nd ref='75929419' />
    <tag k='highway' v='unclassified' />
    <tag k='lanes' v='2' />
    <tag k='name' v='29th Avenue Northeast' />
    <tag k='surface' v='unpaved' />
    <tag k='tiger:reviewed' v='no' />
  </way>
  <way id='9673125' action='modify' timestamp='2020-08-20T19:18:12Z' uid='214969' user='AndrewBuck' visible='true' version='4' changeset='89708593'>
    <nd ref='75933057' />
    <nd ref='-2044644' />
    <nd ref='-2044645' />
    <nd ref='75933059' />
    <nd ref='-2044646' />
    <nd ref='-2044647' />
    <nd ref='75933061' />
    <nd ref='-2044648' />
    <nd ref='-2044703' />
    <nd ref='75867912' />
    <nd ref='75867901' />
    <nd ref='75897196' />
    <nd ref='75933065' />
    <nd ref='75929367' />
    <tag k='highway' v='unclassified' />
    <tag k='lanes' v='2' />
    <tag k='name' v='13th Street Northeast' />
    <tag k='surface' v='unpaved' />
    <tag k='tiger:cfcc' v='A41' />
    <tag k='tiger:county' v='Grand Forks, ND' />
    <tag k='tiger:name_base' v='13th' />
    <tag k='tiger:name_direction_suffix' v='NE' />
    <tag k='tiger:name_type' v='St' />
    <tag k='tiger:reviewed' v='no' />
  </way>
  <way id='9673128' action='modify' timestamp='2024-03-27T18:57:24Z' uid='15981404' user='diamondarmorsteve' visible='true' version='6' changeset='149239503'>
    <nd ref='7830459613' />
    <nd ref='75933092' />
    <nd ref='75933094' />
    <nd ref='75933096' />
    <nd ref='75933098' />
    <nd ref='75916000' />
    <nd ref='75933099' />
    <nd ref='75933101' />
    <nd ref='75933104' />
    <nd ref='75933107' />
    <nd ref='75933109' />
    <nd ref='75872871' />
    <nd ref='75933111' />
    <nd ref='75933113' />
    <nd ref='75933116' />
    <nd ref='75933118' />
    <nd ref='75933120' />
    <nd ref='75933121' />
    <nd ref='75933123' />
    <nd ref='75933125' />
    <nd ref='75933126' />
    <nd ref='75933127' />
    <nd ref='75933128' />
    <nd ref='75933129' />
    <nd ref='75933131' />
    <nd ref='75933132' />
    <nd ref='75933134' />
    <nd ref='75933135' />
    <nd ref='-2044649' />
    <nd ref='-2044650' />
    <nd ref='75933136' />
    <nd ref='-2044651' />
    <nd ref='75933137' />
    <nd ref='8663577565' />
    <nd ref='75933139' />
    <tag k='highway' v='unclassified' />
    <tag k='lanes' v='2' />
    <tag k='name' v='13th Street Northeast' />
    <tag k='name_1' v='County Road 18' />
    <tag k='ref' v='CR 18' />
    <tag k='surface' v='unpaved' />
    <tag k='tiger:cfcc' v='A41' />
    <tag k='tiger:county' v='Grand Forks, ND' />
    <tag k='tiger:name_base' v='13th' />
    <tag k='tiger:name_base_1' v='County Road 18' />
    <tag k='tiger:name_direction_suffix' v='NE' />
    <tag k='tiger:name_type' v='St' />
    <tag k='tiger:reviewed' v='no' />
  </way>
  <way id='9673162' action='modify' timestamp='2024-03-27T18:57:24Z' uid='15981404' user='diamondarmorsteve' visible='true' version='7' changeset='149239503'>
    <nd ref='75933892' />
    <nd ref='8663577563' />
    <nd ref='75909214' />
    <nd ref='75933894' />
    <nd ref='75929406' />
    <nd ref='75933896' />
    <nd ref='75933898' />
    <nd ref='75933900' />
    <nd ref='75933902' />
    <nd ref='-2044938' />
    <nd ref='75933904' />
    <nd ref='75933906' />
    <nd ref='75933908' />
    <nd ref='75895786' />
    <nd ref='75922031' />
    <nd ref='75933909' />
    <nd ref='75933911' />
    <nd ref='75933913' />
    <nd ref='75933915' />
    <nd ref='75895340' />
    <nd ref='75933918' />
    <nd ref='-2044697' />
    <nd ref='75933920' />
    <nd ref='-2044698' />
    <nd ref='-2044695' />
    <nd ref='75933922' />
    <nd ref='-2044696' />
    <nd ref='75933924' />
    <nd ref='75933925' />
    <nd ref='75933927' />
    <nd ref='-2044685' />
    <nd ref='75933929' />
    <nd ref='-2044686' />
    <nd ref='75933931' />
    <nd ref='-2044687' />
    <nd ref='75933933' />
    <nd ref='-2044688' />
    <nd ref='75933936' />
    <nd ref='-2044693' />
    <nd ref='75933938' />
    <nd ref='-2044694' />
    <nd ref='75933940' />
    <tag k='highway' v='tertiary' />
    <tag k='lanes' v='2' />
    <tag k='name' v='14th Street Northeast' />
    <tag k='name_1' v='County Road 18' />
    <tag k='ref' v='CR 18' />
    <tag k='surface' v='unpaved' />
    <tag k='tiger:cfcc' v='A41' />
    <tag k='tiger:county' v='Grand Forks, ND' />
    <tag k='tiger:name_base' v='14th' />
    <tag k='tiger:name_base_1' v='County Road 18' />
    <tag k='tiger:name_direction_suffix' v='NE' />
    <tag k='tiger:name_type' v='St' />
    <tag k='tiger:reviewed' v='no' />
  </way>
  <way id='9673463' action='modify' timestamp='2020-08-19T16:53:32Z' uid='214969' user='AndrewBuck' visible='true' version='4' changeset='89646201'>
    <nd ref='75928299' />
    <nd ref='75939681' />
    <nd ref='75939684' />
    <nd ref='75939686' />
    <nd ref='75939688' />
    <nd ref='75939689' />
    <nd ref='75939690' />
    <nd ref='75939691' />
    <nd ref='75939693' />
    <nd ref='75939696' />
    <nd ref='75939697' />
    <nd ref='75939699' />
    <nd ref='75939701' />
    <tag k='highway' v='track' />
    <tag k='lanes' v='1' />
    <tag k='name' v='12th Street Northeast' />
    <tag k='surface' v='unpaved' />
    <tag k='tiger:cfcc' v='A41' />
    <tag k='tiger:county' v='Grand Forks, ND' />
    <tag k='tiger:name_base' v='12th' />
    <tag k='tiger:name_direction_suffix' v='NE' />
    <tag k='tiger:name_type' v='St' />
    <tag k='tiger:reviewed' v='no' />
  </way>
  <way id='9674000' timestamp='2020-08-20T19:18:12Z' uid='214969' user='AndrewBuck' visible='true' version='4' changeset='89708593'>
    <nd ref='75887242' />
    <nd ref='75948935' />
    <nd ref='75948937' />
    <nd ref='75948940' />
    <nd ref='75948941' />
    <nd ref='75887248' />
    <nd ref='75948943' />
    <nd ref='75948945' />
    <nd ref='75948947' />
    <nd ref='75948949' />
    <nd ref='75948951' />
    <nd ref='75948954' />
    <tag k='access' v='private' />
    <tag k='highway' v='service' />
    <tag k='lanes' v='1' />
    <tag k='surface' v='unpaved' />
    <tag k='tiger:cfcc' v='A41' />
    <tag k='tiger:county' v='Grand Forks, ND' />
    <tag k='tiger:reviewed' v='no' />
  </way>
  <way id='9674340' timestamp='2020-08-20T19:18:12Z' uid='214969' user='AndrewBuck' visible='true' version='5' changeset='89708593'>
    <nd ref='75955100' />
    <nd ref='75955102' />
    <nd ref='75955105' />
    <nd ref='75955107' />
    <nd ref='75955109' />
    <nd ref='75955111' />
    <nd ref='75895114' />
    <nd ref='75895094' />
    <nd ref='75955113' />
    <nd ref='75895251' />
    <nd ref='75955115' />
    <nd ref='75955117' />
    <nd ref='75955119' />
    <nd ref='75955121' />
    <nd ref='75955124' />
    <nd ref='75955126' />
    <nd ref='75955128' />
    <nd ref='75955130' />
    <nd ref='75955132' />
    <nd ref='75955134' />
    <nd ref='75955136' />
    <nd ref='75955138' />
    <nd ref='75955140' />
    <nd ref='75955142' />
    <nd ref='75955144' />
    <nd ref='75955146' />
    <nd ref='75955149' />
    <nd ref='75955151' />
    <nd ref='75955153' />
    <nd ref='75955154' />
    <nd ref='75955156' />
    <nd ref='75955158' />
    <nd ref='75955160' />
    <nd ref='75955162' />
    <tag k='highway' v='unclassified' />
    <tag k='lanes' v='2' />
    <tag k='name' v='31st Avenue Northeast' />
    <tag k='surface' v='unpaved' />
    <tag k='tiger:cfcc' v='A41' />
    <tag k='tiger:county' v='Grand Forks, ND' />
    <tag k='tiger:name_base' v='31st' />
    <tag k='tiger:name_direction_suffix' v='NE' />
    <tag k='tiger:name_type' v='Ave' />
    <tag k='tiger:reviewed' v='no' />
  </way>
  <way id='9674976' timestamp='2020-08-20T19:18:12Z' uid='214969' user='AndrewBuck' visible='true' version='4' changeset='89708593'>
    <nd ref='75916028' />
    <nd ref='75950741' />
    <nd ref='75968920' />
    <nd ref='75968922' />
    <nd ref='75968923' />
    <nd ref='75873415' />
    <nd ref='75968924' />
    <nd ref='75968925' />
    <nd ref='75968926' />
    <nd ref='75896696' />
    <nd ref='75929421' />
    <tag k='highway' v='unclassified' />
    <tag k='lanes' v='2' />
    <tag k='name' v='15th Street Northeast' />
    <tag k='surface' v='unpaved' />
    <tag k='tiger:cfcc' v='A41' />
    <tag k='tiger:county' v='Grand Forks, ND' />
    <tag k='tiger:name_base' v='15th' />
    <tag k='tiger:name_direction_suffix' v='NE' />
    <tag k='tiger:name_type' v='St' />
    <tag k='tiger:reviewed' v='no' />
  </way>
  <way id='9674982' timestamp='2020-08-20T19:18:12Z' uid='214969' user='AndrewBuck' visible='true' version='3' changeset='89708593'>
    <nd ref='75929423' />
    <nd ref='75969177' />
    <nd ref='75969179' />
    <nd ref='75969182' />
    <nd ref='75969184' />
    <nd ref='75969185' />
    <nd ref='75922058' />
    <tag k='access' v='private' />
    <tag k='highway' v='service' />
    <tag k='lanes' v='1' />
    <tag k='name' v='15th Street Northeast' />
    <tag k='surface' v='unpaved' />
    <tag k='tiger:cfcc' v='A41' />
    <tag k='tiger:county' v='Grand Forks, ND' />
    <tag k='tiger:name_base' v='15th' />
    <tag k='tiger:name_direction_suffix' v='NE' />
    <tag k='tiger:name_type' v='St' />
    <tag k='tiger:reviewed' v='no' />
  </way>
  <way id='9675130' timestamp='2020-08-20T19:18:12Z' uid='214969' user='AndrewBuck' visible='true' version='4' changeset='89708593'>
    <nd ref='75922042' />
    <nd ref='75955100' />
    <tag k='highway' v='track' />
    <tag k='lanes' v='1' />
    <tag k='name' v='15th Street' />
    <tag k='surface' v='unpaved' />
    <tag k='tiger:cfcc' v='A41' />
    <tag k='tiger:county' v='Grand Forks, ND' />
    <tag k='tiger:name_base' v='15th' />
    <tag k='tiger:name_type' v='St' />
    <tag k='tiger:reviewed' v='no' />
  </way>
  <way id='18201695' timestamp='2024-07-02T14:29:32Z' uid='2088464' user='Spencer_MHD' visible='true' version='2' changeset='153460263'>
    <nd ref='187810321' />
    <nd ref='187810324' />
    <nd ref='187810326' />
    <nd ref='187810327' />
    <tag k='highway' v='service' />
    <tag k='surface' v='gravel' />
    <tag k='tiger:cfcc' v='A41' />
    <tag k='tiger:county' v='Polk, MN' />
    <tag k='tiger:reviewed' v='no' />
  </way>
  <way id='18201730' action='modify' timestamp='2020-08-20T19:18:12Z' uid='214969' user='AndrewBuck' visible='true' version='2' changeset='89708593'>
    <nd ref='187810652' />
    <nd ref='-2044783' />
    <nd ref='187810654' />
    <nd ref='-2044784' />
    <nd ref='7830455317' />
    <nd ref='-2044778' />
    <nd ref='-2044779' />
    <nd ref='-2044780' />
    <nd ref='7830455315' />
    <nd ref='-2044781' />
    <nd ref='-2044782' />
    <nd ref='7830455312' />
    <tag k='access' v='private' />
    <tag k='highway' v='service' />
    <tag k='lanes' v='1' />
    <tag k='surface' v='unpaved' />
    <tag k='tiger:cfcc' v='A41' />
    <tag k='tiger:county' v='Polk, MN' />
  </way>
  <way id='18202103' timestamp='2024-07-02T14:29:32Z' uid='2088464' user='Spencer_MHD' visible='true' version='3' changeset='153460263'>
    <nd ref='187814158' />
    <nd ref='187814160' />
    <nd ref='187814162' />
    <nd ref='187814164' />
    <nd ref='187814165' />
    <nd ref='187814167' />
    <nd ref='12029224279' />
    <nd ref='187814169' />
    <nd ref='12029224278' />
    <nd ref='12029224277' />
    <nd ref='187814171' />
    <nd ref='187814173' />
    <nd ref='187814175' />
    <nd ref='12029224276' />
    <nd ref='187814177' />
    <nd ref='12029224275' />
    <nd ref='187814179' />
    <nd ref='187814181' />
    <nd ref='187814183' />
    <nd ref='187814184' />
    <nd ref='187814186' />
    <nd ref='187814188' />
    <nd ref='187814189' />
    <nd ref='187814191' />
    <nd ref='187814192' />
    <nd ref='187814143' />
    <nd ref='187814194' />
    <nd ref='187814196' />
    <nd ref='187814198' />
    <tag k='highway' v='residential' />
    <tag k='surface' v='gravel' />
    <tag k='tiger:cfcc' v='A41' />
    <tag k='tiger:county' v='Polk, MN' />
    <tag k='tiger:reviewed' v='no' />
  </way>
  <way id='18202166' timestamp='2023-12-29T22:25:26Z' uid='2088464' user='Spencer_MHD' visible='true' version='2' changeset='145679494'>
    <nd ref='187814915' />
    <nd ref='187814916' />
    <nd ref='187814917' />
    <nd ref='187814918' />
    <tag k='highway' v='track' />
    <tag k='tiger:cfcc' v='A41' />
    <tag k='tiger:county' v='Polk, MN' />
    <tag k='tiger:reviewed' v='no' />
  </way>
  <way id='18202242' action='modify' timestamp='2024-07-02T14:29:32Z' uid='2088464' user='Spencer_MHD' visible='true' version='3' changeset='153460263'>
    <nd ref='187836223' />
    <nd ref='-2044851' />
    <nd ref='187815586' />
    <nd ref='187815590' />
    <nd ref='187815592' />
    <nd ref='187814181' />
    <nd ref='187815594' />
    <tag k='highway' v='residential' />
    <tag k='surface' v='gravel' />
    <tag k='tiger:cfcc' v='A41' />
    <tag k='tiger:county' v='Polk, MN' />
    <tag k='tiger:reviewed' v='no' />
  </way>
  <way id='18202686' timestamp='2024-12-13T16:33:58Z' uid='38487' user='jumbanho' visible='true' version='4' changeset='160253170'>
    <nd ref='187819194' />
    <nd ref='187819195' />
    <nd ref='187819197' />
    <nd ref='12420715119' />
    <nd ref='187819199' />
    <nd ref='187819201' />
    <tag k='highway' v='service' />
    <tag k='service' v='driveway' />
    <tag k='surface' v='unpaved' />
    <tag k='tiger:cfcc' v='A41' />
    <tag k='tiger:county' v='Polk, MN' />
    <tag k='tiger:reviewed' v='no' />
  </way>
  <way id='18202695' timestamp='2024-12-13T16:33:58Z' uid='38487' user='jumbanho' visible='true' version='2' changeset='160253170'>
    <nd ref='187819308' />
    <nd ref='187819201' />
    <tag k='highway' v='service' />
    <tag k='service' v='driveway' />
    <tag k='surface' v='unpaved' />
    <tag k='tiger:cfcc' v='A41' />
    <tag k='tiger:county' v='Polk, MN' />
    <tag k='tiger:reviewed' v='no' />
  </way>
  <way id='18202697' timestamp='2024-12-13T16:33:58Z' uid='38487' user='jumbanho' visible='true' version='2' changeset='160253170'>
    <nd ref='187819326' />
    <nd ref='187819209' />
    <tag k='highway' v='service' />
    <tag k='service' v='driveway' />
    <tag k='surface' v='unpaved' />
    <tag k='tiger:cfcc' v='A41' />
    <tag k='tiger:county' v='Polk, MN' />
    <tag k='tiger:reviewed' v='no' />
  </way>
  <way id='18202706' timestamp='2024-07-02T14:29:32Z' uid='2088464' user='Spencer_MHD' visible='true' version='2' changeset='153460263'>
    <nd ref='187819374' />
    <nd ref='187819376' />
    <nd ref='187819378' />
    <nd ref='187819380' />
    <nd ref='187819382' />
    <tag k='access' v='private' />
    <tag k='highway' v='service' />
    <tag k='surface' v='gravel' />
    <tag k='tiger:cfcc' v='A41' />
    <tag k='tiger:county' v='Polk, MN' />
    <tag k='tiger:reviewed' v='no' />
  </way>
  <way id='18202743' action='modify' timestamp='2024-07-02T14:29:32Z' uid='2088464' user='Spencer_MHD' visible='true' version='3' changeset='153460263'>
    <nd ref='187819764' />
    <nd ref='-2044744' />
    <nd ref='-2044752' />
    <nd ref='-2044751' />
    <nd ref='-2044753' />
    <nd ref='-2044746' />
    <nd ref='-2044747' />
    <nd ref='-2044748' />
    <nd ref='187819767' />
    <nd ref='-2044749' />
    <nd ref='-2044750' />
    <nd ref='-2044755' />
    <nd ref='-2044754' />
    <nd ref='-2044756' />
    <nd ref='-2044745' />
    <nd ref='187819768' />
    <nd ref='-2044759' />
    <nd ref='-2044760' />
    <nd ref='-2044769' />
    <nd ref='-2044761' />
    <nd ref='-2044770' />
    <nd ref='-2044762' />
    <nd ref='-2044771' />
    <nd ref='-2044763' />
    <nd ref='-2044772' />
    <nd ref='-2044764' />
    <nd ref='-2044773' />
    <nd ref='-2044765' />
    <nd ref='-2044774' />
    <nd ref='-2044766' />
    <nd ref='-2044775' />
    <nd ref='-2044767' />
    <nd ref='-2044776' />
    <nd ref='-2044768' />
    <nd ref='-2044756' />
    <tag k='access' v='private' />
    <tag k='highway' v='service' />
    <tag k='surface' v='gravel' />
    <tag k='tiger:cfcc' v='A41' />
    <tag k='tiger:county' v='Polk, MN' />
    <tag k='tiger:reviewed' v='no' />
  </way>
  <way id='18202833' action='modify' timestamp='2024-07-02T14:29:32Z' uid='2088464' user='Spencer_MHD' visible='true' version='3' changeset='153460263'>
    <nd ref='12029224477' />
    <nd ref='-2044720' />
    <nd ref='-2044721' />
    <nd ref='12029224474' />
    <nd ref='-2044722' />
    <nd ref='-2044716' />
    <nd ref='-2044717' />
    <nd ref='187820517' />
    <nd ref='-2044718' />
    <nd ref='-2044719' />
    <nd ref='-2044723' />
    <nd ref='187820519' />
    <nd ref='-2044724' />
    <nd ref='187820521' />
    <nd ref='-2044725' />
    <nd ref='12029224475' />
    <nd ref='-2044726' />
    <nd ref='-2044727' />
    <nd ref='12029224476' />
    <nd ref='-2044728' />
    <nd ref='187820522' />
    <nd ref='-2044714' />
    <nd ref='187820524' />
    <nd ref='-2044715' />
    <nd ref='-2044713' />
    <nd ref='187820525' />
    <tag k='highway' v='track' />
    <tag k='tiger:cfcc' v='A41' />
    <tag k='tiger:county' v='Polk, MN' />
    <tag k='tiger:reviewed' v='no' />
  </way>
  <way id='18202923' timestamp='2024-07-02T14:29:32Z' uid='2088464' user='Spencer_MHD' visible='true' version='4' changeset='153460263'>
    <nd ref='187821400' />
    <nd ref='187821401' />
    <nd ref='12029189164' />
    <nd ref='187821402' />
    <tag k='highway' v='tertiary' />
    <tag k='name_1' v='470th Avenue Northwest' />
    <tag k='surface' v='asphalt' />
    <tag k='tiger:cfcc' v='A41' />
    <tag k='tiger:county' v='Polk, MN' />
    <tag k='tiger:reviewed' v='no' />
  </way>
  <way id='18202967' action='modify' timestamp='2024-07-02T14:29:32Z' uid='2088464' user='Spencer_MHD' visible='true' version='3' changeset='153460263'>
    <nd ref='187821656' />
    <nd ref='-2044964' />
    <nd ref='-2044798' />
    <nd ref='-2044799' />
    <nd ref='-2044802' />
    <nd ref='-2044804' />
    <nd ref='-2044803' />
    <nd ref='-2044805' />
    <nd ref='-2044801' />
    <nd ref='-2044800' />
    <nd ref='-2044797' />
    <nd ref='-2044796' />
    <nd ref='187821657' />
    <nd ref='187821658' />
    <nd ref='-2044951' />
    <nd ref='3681480801' />
    <tag k='highway' v='residential' />
    <tag k='surface' v='gravel' />
    <tag k='tiger:cfcc' v='A41' />
    <tag k='tiger:county' v='Polk, MN' />
    <tag k='tiger:reviewed' v='no' />
  </way>
  <way id='18203667' action='delete' timestamp='2020-08-20T19:18:12Z' uid='214969' user='AndrewBuck' visible='true' version='2' changeset='89708593'>
    <tag k='highway' v='track' />
    <tag k='lanes' v='1' />
    <tag k='surface' v='unpaved' />
    <tag k='tiger:cfcc' v='A74' />
    <tag k='tiger:county' v='Polk, MN' />
    <tag k='tiger:reviewed' v='no' />
  </way>
  <way id='18203673' timestamp='2023-12-29T22:25:26Z' uid='2088464' user='Spencer_MHD' visible='true' version='2' changeset='145679494'>
    <nd ref='187825283' />
    <nd ref='187825285' />
    <nd ref='11466991393' />
    <nd ref='187825287' />
    <nd ref='187825289' />
    <nd ref='187825292' />
    <nd ref='187825294' />
    <tag k='access' v='private' />
    <tag k='highway' v='service' />
    <tag k='surface' v='gravel' />
    <tag k='tiger:cfcc' v='A74' />
    <tag k='tiger:county' v='Polk, MN' />
    <tag k='tiger:reviewed' v='no' />
  </way>
  <way id='18204118' timestamp='2020-08-20T19:18:12Z' uid='214969' user='AndrewBuck' visible='true' version='4' changeset='89708593'>
    <nd ref='187827550' />
    <nd ref='187821552' />
    <nd ref='3681462611' />
    <nd ref='187853881' />
    <tag k='highway' v='track' />
    <tag k='lanes' v='1' />
    <tag k='surface' v='unpaved' />
    <tag k='tiger:cfcc' v='A41' />
    <tag k='tiger:county' v='Polk, MN' />
    <tag k='tiger:reviewed' v='no' />
  </way>
  <way id='18204248' action='modify' timestamp='2023-12-29T22:25:26Z' uid='2088464' user='Spencer_MHD' visible='true' version='3' changeset='145679494'>
    <nd ref='187828309' />
    <nd ref='187828310' />
    <nd ref='187810650' />
    <nd ref='187845255' />
    <nd ref='187828312' />
    <nd ref='1865198656' />
    <nd ref='187828313' />
    <nd ref='187828315' />
    <nd ref='187828317' />
    <nd ref='187828319' />
    <nd ref='187810975' />
    <nd ref='187828320' />
    <nd ref='187828321' />
    <nd ref='187828322' />
    <nd ref='187824957' />
    <nd ref='187810081' />
    <nd ref='187828323' />
    <nd ref='187828324' />
    <nd ref='187826747' />
    <nd ref='187828325' />
    <nd ref='187809730' />
    <nd ref='187826652' />
    <nd ref='187828326' />
    <nd ref='187828328' />
    <nd ref='187823425' />
    <nd ref='187828329' />
    <nd ref='187828332' />
    <nd ref='187812370' />
    <nd ref='187828334' />
    <nd ref='187828336' />
    <nd ref='187828337' />
    <nd ref='187828338' />
    <nd ref='187828339' />
    <nd ref='187828342' />
    <nd ref='187828343' />
    <nd ref='187828344' />
    <nd ref='187828347' />
    <nd ref='187828349' />
    <nd ref='187828350' />
    <nd ref='187828351' />
    <nd ref='187828352' />
    <nd ref='187827639' />
    <nd ref='187828355' />
    <nd ref='187828359' />
    <nd ref='187815186' />
    <nd ref='187828361' />
    <nd ref='187828362' />
    <nd ref='187828363' />
    <nd ref='187828364' />
    <nd ref='187828367' />
    <nd ref='187828369' />
    <nd ref='187825283' />
    <nd ref='187828371' />
    <nd ref='187828372' />
    <nd ref='187828373' />
    <nd ref='187828374' />
    <nd ref='187828375' />
    <nd ref='187828376' />
    <nd ref='-2044707' />
    <nd ref='-2044706' />
    <nd ref='187814920' />
    <tag k='highway' v='residential' />
    <tag k='surface' v='gravel' />
    <tag k='tiger:cfcc' v='A41' />
    <tag k='tiger:county' v='Polk, MN' />
    <tag k='tiger:reviewed' v='no' />
  </way>
  <way id='18204312' action='modify' timestamp='2023-12-29T22:25:26Z' uid='2088464' user='Spencer_MHD' visible='true' version='2' changeset='145679494'>
    <nd ref='187828371' />
    <nd ref='-2044791' />
    <nd ref='-2044792' />
    <nd ref='11466991472' />
    <nd ref='-2044793' />
    <nd ref='-2044794' />
    <nd ref='11466991473' />
    <nd ref='-2044795' />
    <nd ref='-2044785' />
    <nd ref='-2044786' />
    <nd ref='-2044787' />
    <nd ref='11466991474' />
    <nd ref='-2044788' />
    <nd ref='-2044789' />
    <nd ref='-2044790' />
    <nd ref='187828697' />
    <tag k='access' v='private' />
    <tag k='highway' v='service' />
    <tag k='surface' v='gravel' />
    <tag k='tiger:cfcc' v='A74' />
    <tag k='tiger:county' v='Polk, MN' />
    <tag k='tiger:reviewed' v='no' />
  </way>
  <way id='18204410' action='modify' timestamp='2024-07-02T14:29:32Z' uid='2088464' user='Spencer_MHD' visible='true' version='4' changeset='153460263'>
    <nd ref='187829162' />
    <nd ref='187829164' />
    <nd ref='187829165' />
    <nd ref='-2044812' />
    <nd ref='-2044813' />
    <nd ref='12029224500' />
    <nd ref='-2044814' />
    <nd ref='-2044815' />
    <nd ref='-2044816' />
    <nd ref='-2044817' />
    <nd ref='12029224501' />
    <nd ref='-2044818' />
    <nd ref='-2044819' />
    <nd ref='187829166' />
    <nd ref='187821657' />
    <nd ref='187829168' />
    <nd ref='187829170' />
    <nd ref='187829171' />
    <nd ref='187829172' />
    <tag k='highway' v='residential' />
    <tag k='surface' v='gravel' />
    <tag k='tiger:cfcc' v='A41' />
    <tag k='tiger:county' v='Polk, MN' />
    <tag k='tiger:reviewed' v='no' />
  </way>
  <way id='18204618' timestamp='2024-07-02T14:29:32Z' uid='2088464' user='Spencer_MHD' visible='true' version='2' changeset='153460263'>
    <nd ref='187829166' />
    <nd ref='187830241' />
    <nd ref='12029224502' />
    <nd ref='12029224503' />
    <tag k='access' v='private' />
    <tag k='highway' v='service' />
    <tag k='tiger:cfcc' v='A74' />
    <tag k='tiger:county' v='Polk, MN' />
    <tag k='tiger:reviewed' v='no' />
  </way>
  <way id='18204626' timestamp='2007-12-25T00:56:58Z' uid='7168' user='DaveHansenTiger' visible='true' version='1' changeset='415579'>
    <nd ref='187829168' />
    <nd ref='187830297' />
    <tag k='access' v='private' />
    <tag k='highway' v='service' />
    <tag k='tiger:cfcc' v='A74' />
    <tag k='tiger:county' v='Polk, MN' />
    <tag k='tiger:reviewed' v='no' />
    <tag k='tiger:source' v='tiger_import_dch_v0.6_20070813' />
    <tag k='tiger:tlid' v='171440855' />
    <tag k='tiger:upload_uuid' v='bulk_upload.pl-f266f504-bf6a-4b78-af90-7efea9017581' />
  </way>
  <way id='18204629' action='delete' timestamp='2007-12-25T00:56:58Z' uid='7168' user='DaveHansenTiger' visible='true' version='1' changeset='415579'>
    <tag k='access' v='private' />
    <tag k='highway' v='service' />
    <tag k='tiger:cfcc' v='A74' />
    <tag k='tiger:county' v='Polk, MN' />
    <tag k='tiger:reviewed' v='no' />
    <tag k='tiger:source' v='tiger_import_dch_v0.6_20070813' />
    <tag k='tiger:tlid' v='171440858' />
    <tag k='tiger:upload_uuid' v='bulk_upload.pl-f266f504-bf6a-4b78-af90-7efea9017581' />
  </way>
  <way id='18204657' timestamp='2007-12-25T00:57:05Z' uid='7168' user='DaveHansenTiger' visible='true' version='1' changeset='415579'>
    <nd ref='187830419' />
    <nd ref='187830423' />
    <tag k='access' v='private' />
    <tag k='highway' v='service' />
    <tag k='tiger:cfcc' v='A74' />
    <tag k='tiger:county' v='Polk, MN' />
    <tag k='tiger:reviewed' v='no' />
    <tag k='tiger:source' v='tiger_import_dch_v0.6_20070813' />
    <tag k='tiger:tlid' v='171440870' />
    <tag k='tiger:upload_uuid' v='bulk_upload.pl-f266f504-bf6a-4b78-af90-7efea9017581' />
  </way>
  <way id='18204660' timestamp='2007-12-25T00:57:05Z' uid='7168' user='DaveHansenTiger' visible='true' version='1' changeset='415579'>
    <nd ref='187830434' />
    <nd ref='187830436' />
    <tag k='access' v='private' />
    <tag k='highway' v='service' />
    <tag k='tiger:cfcc' v='A74' />
    <tag k='tiger:county' v='Polk, MN' />
    <tag k='tiger:reviewed' v='no' />
    <tag k='tiger:source' v='tiger_import_dch_v0.6_20070813' />
    <tag k='tiger:tlid' v='171440873' />
    <tag k='tiger:upload_uuid' v='bulk_upload.pl-f266f504-bf6a-4b78-af90-7efea9017581' />
  </way>
  <way id='18205186' action='delete' timestamp='2024-07-02T14:29:32Z' uid='2088464' user='Spencer_MHD' visible='true' version='2' changeset='153460263'>
    <tag k='highway' v='track' />
    <tag k='tiger:cfcc' v='A41' />
    <tag k='tiger:county' v='Polk, MN' />
    <tag k='tiger:reviewed' v='no' />
  </way>
  <way id='18205364' timestamp='2024-07-02T14:29:32Z' uid='2088464' user='Spencer_MHD' visible='true' version='2' changeset='153460263'>
    <nd ref='187814165' />
    <nd ref='187834234' />
    <tag k='access' v='private' />
    <tag k='highway' v='service' />
    <tag k='service' v='driveway' />
    <tag k='surface' v='gravel' />
    <tag k='tiger:cfcc' v='A41' />
    <tag k='tiger:county' v='Polk, MN' />
    <tag k='tiger:reviewed' v='no' />
  </way>
  <way id='18205591' timestamp='2024-07-02T14:29:32Z' uid='2088464' user='Spencer_MHD' visible='true' version='2' changeset='153460263'>
    <nd ref='187835579' />
    <nd ref='187835581' />
    <nd ref='187835583' />
    <tag k='access' v='private' />
    <tag k='highway' v='service' />
    <tag k='surface' v='gravel' />
    <tag k='tiger:cfcc' v='A41' />
    <tag k='tiger:county' v='Polk, MN' />
    <tag k='tiger:reviewed' v='no' />
  </way>
  <way id='18205593' timestamp='2007-12-25T01:01:47Z' uid='7168' user='DaveHansenTiger' visible='true' version='1' changeset='415579'>
    <nd ref='187835596' />
    <nd ref='187835598' />
    <tag k='access' v='private' />
    <tag k='highway' v='service' />
    <tag k='tiger:cfcc' v='A74' />
    <tag k='tiger:county' v='Polk, MN' />
    <tag k='tiger:reviewed' v='no' />
    <tag k='tiger:source' v='tiger_import_dch_v0.6_20070813' />
    <tag k='tiger:tlid' v='171428342' />
    <tag k='tiger:upload_uuid' v='bulk_upload.pl-f266f504-bf6a-4b78-af90-7efea9017581' />
  </way>
  <way id='18205698' timestamp='2024-07-02T14:29:32Z' uid='2088464' user='Spencer_MHD' visible='true' version='2' changeset='153460263'>
    <nd ref='187810326' />
    <nd ref='12029224274' />
    <nd ref='12029224270' />
    <nd ref='12029224271' />
    <nd ref='187819212' />
    <nd ref='12029224272' />
    <nd ref='187836101' />
    <tag k='highway' v='residential' />
    <tag k='surface' v='gravel' />
    <tag k='tiger:cfcc' v='A41' />
    <tag k='tiger:county' v='Polk, MN' />
    <tag k='tiger:reviewed' v='no' />
  </way>
  <way id='18205727' action='modify' timestamp='2024-07-02T14:29:32Z' uid='2088464' user='Spencer_MHD' visible='true' version='5' changeset='153460263'>
    <nd ref='187836218' />
    <nd ref='12029224536' />
    <nd ref='12029224537' />
    <nd ref='187814104' />
    <nd ref='12029224533' />
    <nd ref='187827950' />
    <nd ref='12029224534' />
    <nd ref='3681484820' />
    <nd ref='12029224535' />
    <nd ref='187836220' />
    <nd ref='187836221' />
    <nd ref='3681480799' />
    <nd ref='3681480800' />
    <nd ref='187836223' />
    <nd ref='-2044849' />
    <nd ref='3681484802' />
    <nd ref='-2044852' />
    <nd ref='3681484804' />
    <nd ref='-2044853' />
    <nd ref='-2044854' />
    <nd ref='3681484805' />
    <nd ref='-2044855' />
    <nd ref='187836229' />
    <tag k='highway' v='unclassified' />
    <tag k='surface' v='gravel' />
    <tag k='tiger:cfcc' v='A41' />
    <tag k='tiger:county' v='Polk, MN' />
    <tag k='tiger:reviewed' v='no' />
  </way>
  <way id='18205729' action='modify' timestamp='2024-07-02T14:29:32Z' uid='2088464' user='Spencer_MHD' visible='true' version='5' changeset='153460263'>
    <nd ref='187836229' />
    <nd ref='-2044856' />
    <nd ref='3681484806' />
    <nd ref='-2044857' />
    <nd ref='-2044858' />
    <nd ref='3681484807' />
    <nd ref='-2044859' />
    <nd ref='-2044860' />
    <nd ref='3681484803' />
    <nd ref='-2044861' />
    <nd ref='187819208' />
    <nd ref='187819209' />
    <nd ref='187819212' />
    <nd ref='187819214' />
    <tag k='highway' v='unclassified' />
    <tag k='name' v='490th Avenue Northwest' />
    <tag k='surface' v='gravel' />
    <tag k='tiger:cfcc' v='A41' />
    <tag k='tiger:county' v='Polk, MN' />
    <tag k='tiger:reviewed' v='no' />
  </way>
  <way id='18206169' timestamp='2020-08-20T19:18:12Z' uid='214969' user='AndrewBuck' visible='true' version='2' changeset='89708593'>
    <nd ref='187838377' />
    <nd ref='187838378' />
    <nd ref='7830459652' />
    <nd ref='187838380' />
    <nd ref='7830459651' />
    <nd ref='7830459650' />
    <nd ref='7830459649' />
    <nd ref='7830459648' />
    <nd ref='7830459647' />
    <nd ref='7830459646' />
    <nd ref='7830459645' />
    <nd ref='7830459644' />
    <nd ref='7830459643' />
    <nd ref='7830459642' />
    <nd ref='7830459641' />
    <nd ref='7830459640' />
    <nd ref='7830459639' />
    <nd ref='7830459638' />
    <nd ref='7830459637' />
    <nd ref='7830459636' />
    <nd ref='7830459635' />
    <nd ref='7830459634' />
    <nd ref='7830459633' />
    <nd ref='7830459649' />
    <tag k='access' v='private' />
    <tag k='highway' v='service' />
    <tag k='lanes' v='1' />
    <tag k='surface' v='unpaved' />
    <tag k='tiger:cfcc' v='A74' />
    <tag k='tiger:county' v='Polk, MN' />
  </way>
  <way id='18206445' timestamp='2024-12-13T16:33:58Z' uid='38487' user='jumbanho' visible='true' version='2' changeset='160253170'>
    <nd ref='187839709' />
    <nd ref='187839710' />
    <tag k='highway' v='track' />
    <tag k='tiger:cfcc' v='A41' />
    <tag k='tiger:county' v='Polk, MN' />
    <tag k='tiger:reviewed' v='no' />
  </way>
  <way id='18206743' timestamp='2020-08-20T19:18:12Z' uid='214969' user='AndrewBuck' visible='true' version='2' changeset='89708593'>
    <nd ref='187814919' />
    <nd ref='187841721' />
    <tag k='access' v='private' />
    <tag k='highway' v='service' />
    <tag k='lanes' v='1' />
    <tag k='surface' v='unpaved' />
    <tag k='tiger:cfcc' v='A74' />
    <tag k='tiger:county' v='Polk, MN' />
    <tag k='tiger:reviewed' v='no' />
  </way>
  <way id='18206746' timestamp='2023-12-29T22:25:26Z' uid='2088464' user='Spencer_MHD' visible='true' version='2' changeset='145679494'>
    <nd ref='187828374' />
    <nd ref='187841737' />
    <tag k='access' v='private' />
    <tag k='highway' v='service' />
    <tag k='surface' v='unpaved' />
    <tag k='tiger:cfcc' v='A74' />
    <tag k='tiger:county' v='Polk, MN' />
    <tag k='tiger:reviewed' v='no' />
  </way>
  <way id='18206749' timestamp='2020-08-20T19:18:12Z' uid='214969' user='AndrewBuck' visible='true' version='2' changeset='89708593'>
    <nd ref='187827554' />
    <nd ref='7830455311' />
    <nd ref='7830455310' />
    <nd ref='7830455309' />
    <nd ref='7830455308' />
    <nd ref='187841745' />
    <nd ref='7830455307' />
    <nd ref='7830455306' />
    <nd ref='7830455305' />
    <nd ref='7830455304' />
    <nd ref='7830455303' />
    <nd ref='7830455302' />
    <tag k='access' v='private' />
    <tag k='highway' v='service' />
    <tag k='lanes' v='1' />
    <tag k='surface' v='unpaved' />
    <tag k='tiger:cfcc' v='A74' />
    <tag k='tiger:county' v='Polk, MN' />
    <tag k='tiger:reviewed' v='no' />
  </way>
  <way id='18207582' timestamp='2020-08-20T19:18:12Z' uid='214969' user='AndrewBuck' visible='true' version='4' changeset='89708593'>
    <nd ref='5070957446' />
    <nd ref='187848098' />
    <nd ref='187848100' />
    <nd ref='187821417' />
    <nd ref='187836615' />
    <nd ref='187848102' />
    <nd ref='187828369' />
    <nd ref='187825294' />
    <nd ref='187810652' />
    <nd ref='187825233' />
    <nd ref='187848104' />
    <nd ref='187848106' />
    <nd ref='3681480768' />
    <nd ref='3681480769' />
    <nd ref='3681480770' />
    <nd ref='3681480771' />
    <nd ref='3681480772' />
    <nd ref='3681480773' />
    <nd ref='3681480774' />
    <tag k='highway' v='tertiary' />
    <tag k='lanes' v='2' />
    <tag k='name' v='County Highway 64' />
    <tag k='surface' v='unpaved' />
    <tag k='tiger:cfcc' v='A41' />
    <tag k='tiger:county' v='Polk, MN' />
    <tag k='tiger:name_base' v='County Highway 64' />
    <tag k='tiger:reviewed' v='no' />
  </way>
  <way id='18208343' timestamp='2024-07-02T14:29:32Z' uid='2088464' user='Spencer_MHD' visible='true' version='4' changeset='153460263'>
    <nd ref='187829052' />
    <nd ref='12029224269' />
    <nd ref='187853857' />
    <nd ref='187835596' />
    <nd ref='187815590' />
    <nd ref='187835579' />
    <nd ref='187853859' />
    <nd ref='187819374' />
    <nd ref='187836101' />
    <tag k='highway' v='tertiary' />
    <tag k='name' v='County Highway 22' />
    <tag k='surface' v='asphalt' />
    <tag k='tiger:cfcc' v='A41' />
    <tag k='tiger:county' v='Polk, MN' />
    <tag k='tiger:name_base' v='County Highway 22' />
    <tag k='tiger:reviewed' v='no' />
  </way>
  <way id='18208345' timestamp='2024-07-02T14:29:32Z' uid='2088464' user='Spencer_MHD' visible='true' version='8' changeset='153460263'>
    <nd ref='3681480774' />
    <nd ref='3681480784' />
    <nd ref='3681480783' />
    <nd ref='3681480782' />
    <nd ref='187853871' />
    <nd ref='187853873' />
    <nd ref='187853875' />
    <nd ref='187839709' />
    <nd ref='187829171' />
    <nd ref='187830434' />
    <nd ref='187830419' />
    <nd ref='187853877' />
    <nd ref='3681462610' />
    <nd ref='187853879' />
    <nd ref='187853881' />
    <nd ref='3681453076' />
    <tag k='highway' v='tertiary' />
    <tag k='name' v='County Highway 22' />
    <tag k='name_1' v='470th Avenue Northwest' />
    <tag k='surface' v='asphalt' />
    <tag k='tiger:cfcc' v='A41' />
    <tag k='tiger:county' v='Polk, MN' />
    <tag k='tiger:name_base' v='County Highway 22' />
    <tag k='tiger:reviewed' v='no' />
  </way>
  <way id='18208346' action='modify' timestamp='2024-07-02T14:29:32Z' uid='2088464' user='Spencer_MHD' visible='true' version='5' changeset='153460263'>
    <nd ref='187819764' />
    <nd ref='-2044742' />
    <nd ref='-2044732' />
    <nd ref='-2044743' />
    <nd ref='187853887' />
    <nd ref='-2044733' />
    <nd ref='-2044777' />
    <nd ref='187853891' />
    <nd ref='187838377' />
    <nd ref='187848104' />
    <tag k='highway' v='residential' />
    <tag k='name' v='County Highway 22' />
    <tag k='surface' v='gravel' />
    <tag k='tiger:cfcc' v='A41' />
    <tag k='tiger:county' v='Polk, MN' />
    <tag k='tiger:name_base' v='County Highway 22' />
    <tag k='tiger:reviewed' v='no' />
  </way>
  <way id='18208348' timestamp='2024-07-02T14:29:32Z' uid='2088464' user='Spencer_MHD' visible='true' version='5' changeset='153460263'>
    <nd ref='187819214' />
    <nd ref='187853921' />
    <nd ref='187814158' />
    <nd ref='187814179' />
    <nd ref='187833970' />
    <nd ref='187853923' />
    <tag k='highway' v='tertiary' />
    <tag k='name' v='County Highway 22' />
    <tag k='surface' v='asphalt' />
    <tag k='tiger:cfcc' v='A41' />
    <tag k='tiger:county' v='Polk, MN' />
    <tag k='tiger:name_base' v='County Highway 22' />
    <tag k='tiger:reviewed' v='no' />
  </way>
  <way id='18208350' timestamp='2024-07-02T14:29:32Z' uid='2088464' user='Spencer_MHD' visible='true' version='4' changeset='153460263'>
    <nd ref='187836101' />
    <nd ref='187853932' />
    <nd ref='3681480785' />
    <nd ref='3681480786' />
    <nd ref='3681480787' />
    <nd ref='3681480788' />
    <nd ref='3681480789' />
    <nd ref='3681480790' />
    <nd ref='187853934' />
    <nd ref='187853936' />
    <nd ref='3681480791' />
    <nd ref='3681480792' />
    <nd ref='3681480793' />
    <nd ref='3681480794' />
    <nd ref='3681480795' />
    <nd ref='3681480796' />
    <nd ref='3681480797' />
    <nd ref='3681480798' />
    <nd ref='187819214' />
    <tag k='highway' v='tertiary' />
    <tag k='name' v='County Highway 22' />
    <tag k='surface' v='asphalt' />
    <tag k='tiger:cfcc' v='A41' />
    <tag k='tiger:county' v='Polk, MN' />
    <tag k='tiger:name_base' v='County Highway 22' />
    <tag k='tiger:reviewed' v='no' />
  </way>
  <way id='18208355' timestamp='2024-07-02T14:29:32Z' uid='2088464' user='Spencer_MHD' visible='true' version='6' changeset='153460263'>
    <nd ref='187821402' />
    <nd ref='187853957' />
    <nd ref='187853959' />
    <nd ref='187814186' />
    <nd ref='187816108' />
    <nd ref='187853961' />
    <tag k='highway' v='tertiary' />
    <tag k='name' v='County Highway 70' />
    <tag k='name_1' v='470th Avenue Northwest' />
    <tag k='surface' v='asphalt' />
    <tag k='tiger:cfcc' v='A41' />
    <tag k='tiger:county' v='Polk, MN' />
    <tag k='tiger:name_base' v='County Highway 70' />
    <tag k='tiger:reviewed' v='no' />
  </way>
  <way id='47153487' action='modify' timestamp='2021-04-25T00:51:53Z' uid='10266866' user='elijahmathews' visible='true' version='8' changeset='103557274'>
    <nd ref='75933892' />
    <nd ref='-2044947' />
    <nd ref='-2044949' />
    <nd ref='75933139' />
    <tag k='highway' v='tertiary' />
    <tag k='lanes' v='2' />
    <tag k='maxspeed' v='55 mph' />
    <tag k='name' v='28th Avenue Northeast' />
    <tag k='oneway' v='no' />
    <tag k='ref' v='CR 33;CR 18' />
    <tag k='surface' v='asphalt' />
  </way>
  <way id='52599031' timestamp='2026-06-14T15:42:57Z' uid='22101257' user='IvaKraljić' visible='true' version='14' changeset='184100133'>
    <nd ref='75941473' />
    <nd ref='1030948551' />
    <nd ref='75941470' />
    <nd ref='75941469' />
    <nd ref='75941466' />
    <nd ref='75941465' />
    <nd ref='75941462' />
    <nd ref='75941461' />
    <nd ref='75941458' />
    <nd ref='75941456' />
    <nd ref='75941453' />
    <nd ref='75941449' />
    <nd ref='75941446' />
    <nd ref='75941438' />
    <nd ref='75941433' />
    <nd ref='75941430' />
    <tag k='hgv' v='designated' />
    <tag k='hgv:national_network' v='yes' />
    <tag k='highway' v='motorway' />
    <tag k='lanes' v='2' />
    <tag k='maxspeed' v='75 mph' />
    <tag k='oneway' v='yes' />
    <tag k='ref' v='I 29;US 81' />
    <tag k='source:hgv:national_network' v='https://hepgis-usdot.hub.arcgis.com/apps/usdot::national-network-conventional-combination-trucks-map/explore' />
  </way>
  <way id='88832688' timestamp='2026-06-14T15:42:57Z' uid='22101257' user='IvaKraljić' visible='true' version='10' changeset='184100133'>
    <nd ref='75942002' />
    <nd ref='75941999' />
    <nd ref='75941996' />
    <nd ref='75941989' />
    <nd ref='75941987' />
    <nd ref='75941985' />
    <nd ref='75941983' />
    <nd ref='1030948491' />
    <nd ref='75941981' />
    <nd ref='75941979' />
    <nd ref='75941977' />
    <nd ref='75941976' />
    <nd ref='1030948071' />
    <nd ref='75941974' />
    <nd ref='1030948332' />
    <nd ref='5427192310' />
    <nd ref='75897892' />
    <tag k='hgv' v='designated' />
    <tag k='hgv:national_network' v='yes' />
    <tag k='highway' v='motorway' />
    <tag k='lanes' v='2' />
    <tag k='maxspeed' v='75 mph' />
    <tag k='oneway' v='yes' />
    <tag k='ref' v='I 29;US 81' />
    <tag k='source:hgv:national_network' v='https://hepgis-usdot.hub.arcgis.com/apps/usdot::national-network-conventional-combination-trucks-map/explore' />
  </way>
  <way id='151714589' timestamp='2025-07-08T13:29:56Z' uid='14100502' user='the_edge01' visible='true' version='2' changeset='168650402'>
    <nd ref='1645568351' />
    <nd ref='1645568352' />
    <nd ref='1645568356' />
    <nd ref='1645568358' />
    <nd ref='1645568361' />
    <nd ref='1645568363' />
    <nd ref='1645568365' />
    <nd ref='1645568368' />
    <nd ref='1645568371' />
    <nd ref='1645568373' />
    <nd ref='1645568376' />
    <nd ref='1645568378' />
    <nd ref='1645568380' />
    <nd ref='1645568383' />
    <nd ref='1645568385' />
    <nd ref='1645568387' />
    <nd ref='1645568389' />
    <nd ref='1645568392' />
    <nd ref='1645568394' />
    <nd ref='1645568397' />
    <nd ref='12987729912' />
    <nd ref='12987729913' />
    <nd ref='12987729911' />
    <nd ref='12987729910' />
    <nd ref='12987729909' />
    <nd ref='12987729908' />
    <nd ref='12987729907' />
    <nd ref='12987729906' />
    <nd ref='12987729905' />
    <nd ref='12987729904' />
    <nd ref='12987729903' />
    <nd ref='12987729902' />
    <nd ref='12987720199' />
    <nd ref='12987720198' />
    <nd ref='3990170139' />
    <tag k='power' v='line' />
    <tag k='source' v='Bing' />
    <tag k='voltage' v='115000' />
  </way>
  <way id='364036878' timestamp='2024-12-13T16:33:58Z' uid='38487' user='jumbanho' visible='true' version='5' changeset='160253170'>
    <nd ref='187821402' />
    <nd ref='187814219' />
    <nd ref='187829053' />
    <nd ref='187829054' />
    <nd ref='187829055' />
    <nd ref='187827655' />
    <nd ref='187828617' />
    <nd ref='187823277' />
    <nd ref='187829056' />
    <nd ref='187829058' />
    <nd ref='187829060' />
    <nd ref='187829061' />
    <nd ref='187826663' />
    <nd ref='187809738' />
    <nd ref='187829062' />
    <nd ref='187826756' />
    <nd ref='187824969' />
    <nd ref='187829064' />
    <nd ref='187829066' />
    <nd ref='187810987' />
    <nd ref='187829067' />
    <nd ref='187829070' />
    <nd ref='187829072' />
    <nd ref='187845232' />
    <nd ref='187824991' />
    <tag k='highway' v='residential' />
    <tag k='name' v='170th Street Northwest' />
    <tag k='surface' v='gravel' />
    <tag k='tiger:cfcc' v='A41' />
    <tag k='tiger:county' v='Polk, MN' />
    <tag k='tiger:reviewed' v='no' />
  </way>
  <way id='364036887' timestamp='2024-07-02T14:29:32Z' uid='2088464' user='Spencer_MHD' visible='true' version='5' changeset='153460263'>
    <nd ref='3681453076' />
    <nd ref='3681453077' />
    <tag k='bridge' v='yes' />
    <tag k='highway' v='tertiary' />
    <tag k='layer' v='1' />
    <tag k='name' v='County Highway 22' />
    <tag k='name_1' v='470th Avenue Northwest' />
    <tag k='surface' v='paved' />
    <tag k='tiger:cfcc' v='A41' />
    <tag k='tiger:county' v='Polk, MN' />
    <tag k='tiger:name_base' v='County Highway 22' />
    <tag k='tiger:reviewed' v='no' />
  </way>
  <way id='364036890' timestamp='2024-07-02T14:29:32Z' uid='2088464' user='Spencer_MHD' visible='true' version='4' changeset='153460263'>
    <nd ref='3681453077' />
    <nd ref='187836221' />
    <nd ref='187853883' />
    <nd ref='12029189166' />
    <nd ref='187853885' />
    <nd ref='12029189167' />
    <nd ref='12029189165' />
    <nd ref='187821400' />
    <tag k='highway' v='tertiary' />
    <tag k='name' v='County Highway 22' />
    <tag k='name_1' v='470th Avenue Northwest' />
    <tag k='surface' v='asphalt' />
    <tag k='tiger:cfcc' v='A41' />
    <tag k='tiger:county' v='Polk, MN' />
    <tag k='tiger:name_base' v='County Highway 22' />
    <tag k='tiger:reviewed' v='no' />
  </way>
  <way id='364039131' timestamp='2024-07-02T14:29:32Z' uid='2088464' user='Spencer_MHD' visible='true' version='3' changeset='153460263'>
    <nd ref='3681480774' />
    <nd ref='3681480781' />
    <nd ref='3681480780' />
    <nd ref='3681480779' />
    <nd ref='3681480778' />
    <nd ref='3681480777' />
    <nd ref='3681480776' />
    <nd ref='3681480775' />
    <nd ref='187853893' />
    <nd ref='187853895' />
    <nd ref='187836412' />
    <nd ref='187831262' />
    <nd ref='187841884' />
    <nd ref='187841942' />
    <nd ref='187853897' />
    <nd ref='187830613' />
    <nd ref='187814088' />
    <nd ref='12029224470' />
    <nd ref='187853899' />
    <nd ref='12029224469' />
    <nd ref='187853902' />
    <tag k='highway' v='tertiary' />
    <tag k='name' v='County Highway 22' />
    <tag k='surface' v='asphalt' />
    <tag k='tiger:cfcc' v='A41' />
    <tag k='tiger:county' v='Polk, MN' />
    <tag k='tiger:name_base' v='County Highway 22' />
    <tag k='tiger:reviewed' v='no' />
  </way>
  <way id='364039133' timestamp='2024-07-02T14:29:32Z' uid='2088464' user='Spencer_MHD' visible='true' version='2' changeset='153460263'>
    <nd ref='3681480802' />
    <nd ref='187836223' />
    <tag k='highway' v='residential' />
    <tag k='surface' v='gravel' />
    <tag k='tiger:cfcc' v='A41' />
    <tag k='tiger:county' v='Polk, MN' />
    <tag k='tiger:reviewed' v='no' />
  </way>
  <way id='364039134' timestamp='2024-07-02T14:29:32Z' uid='2088464' user='Spencer_MHD' visible='true' version='2' changeset='153460263'>
    <nd ref='3681480801' />
    <nd ref='3681480802' />
    <tag k='bridge' v='yes' />
    <tag k='highway' v='residential' />
    <tag k='surface' v='concrete' />
    <tag k='tiger:cfcc' v='A41' />
    <tag k='tiger:county' v='Polk, MN' />
    <tag k='tiger:reviewed' v='no' />
  </way>
  <way id='364039349' action='modify' timestamp='2024-07-02T14:29:32Z' uid='2088464' user='Spencer_MHD' visible='true' version='2' changeset='153460263'>
    <nd ref='187836229' />
    <nd ref='-2044862' />
    <nd ref='3681484808' />
    <nd ref='-2044863' />
    <nd ref='-2044864' />
    <nd ref='3681484809' />
    <nd ref='-2044865' />
    <nd ref='-2044866' />
    <nd ref='3681484810' />
    <nd ref='-2044867' />
    <nd ref='-2044868' />
    <nd ref='3681484811' />
    <nd ref='-2044869' />
    <nd ref='3681484812' />
    <nd ref='-2044890' />
    <nd ref='187836231' />
    <tag k='highway' v='residential' />
    <tag k='surface' v='gravel' />
    <tag k='tiger:cfcc' v='A41' />
    <tag k='tiger:county' v='Polk, MN' />
    <tag k='tiger:reviewed' v='no' />
  </way>
  <way id='364039350' action='modify' timestamp='2024-07-02T14:29:32Z' uid='2088464' user='Spencer_MHD' visible='true' version='2' changeset='153460263'>
    <nd ref='187836231' />
    <nd ref='-2044889' />
    <nd ref='-2044887' />
    <nd ref='3681484813' />
    <nd ref='-2044888' />
    <nd ref='-2044881' />
    <nd ref='3681484814' />
    <nd ref='-2044882' />
    <nd ref='-2044879' />
    <nd ref='3681484815' />
    <nd ref='-2044880' />
    <nd ref='-2044877' />
    <nd ref='3681484816' />
    <nd ref='-2044878' />
    <nd ref='-2044883' />
    <nd ref='3681484818' />
    <tag k='highway' v='service' />
    <tag k='surface' v='gravel' />
    <tag k='tiger:cfcc' v='A41' />
    <tag k='tiger:county' v='Polk, MN' />
    <tag k='tiger:reviewed' v='no' />
  </way>
  <way id='364039351' action='modify' timestamp='2015-08-04T23:34:44Z' uid='2930607' user='MatthewKluft' visible='true' version='1' changeset='33115913'>
    <nd ref='3681484818' />
    <nd ref='-2044884' />
    <nd ref='-2044885' />
    <nd ref='3681484817' />
    <nd ref='-2044886' />
    <nd ref='-2044870' />
    <nd ref='-2044871' />
    <nd ref='187836233' />
    <nd ref='-2044872' />
    <nd ref='-2044873' />
    <nd ref='187836235' />
    <nd ref='-2044874' />
    <nd ref='-2044875' />
    <nd ref='187836237' />
    <nd ref='-2044876' />
    <nd ref='-2044919' />
    <nd ref='187836239' />
    <nd ref='-2044920' />
    <nd ref='-2044916' />
    <nd ref='-2044917' />
    <nd ref='-2044891' />
    <nd ref='-2044918' />
    <nd ref='-2044907' />
    <nd ref='-2044908' />
    <nd ref='-2044909' />
    <nd ref='-2044910' />
    <nd ref='-2044911' />
    <nd ref='-2044892' />
    <nd ref='-2044912' />
    <nd ref='-2044913' />
    <nd ref='-2044914' />
    <nd ref='-2044915' />
    <nd ref='-2044899' />
    <nd ref='-2044900' />
    <nd ref='-2044901' />
    <nd ref='-2044902' />
    <nd ref='-2044893' />
    <nd ref='-2044903' />
    <nd ref='-2044904' />
    <nd ref='-2044905' />
    <nd ref='-2044906' />
    <nd ref='-2044896' />
    <nd ref='-2044894' />
    <nd ref='-2044897' />
    <nd ref='-2044898' />
    <nd ref='-2044895' />
    <tag k='highway' v='track' />
    <tag k='tiger:cfcc' v='A41' />
    <tag k='tiger:county' v='Polk, MN' />
    <tag k='tiger:reviewed' v='no' />
  </way>
  <way id='364042987' timestamp='2024-07-02T14:29:32Z' uid='2088464' user='Spencer_MHD' visible='true' version='3' changeset='153460263'>
    <nd ref='187821400' />
    <nd ref='187853886' />
    <nd ref='12029189168' />
    <nd ref='187829052' />
    <tag k='highway' v='tertiary' />
    <tag k='name' v='County Highway 22' />
    <tag k='surface' v='asphalt' />
    <tag k='tiger:cfcc' v='A41' />
    <tag k='tiger:county' v='Polk, MN' />
    <tag k='tiger:name_base' v='County Highway 22' />
    <tag k='tiger:reviewed' v='no' />
  </way>
  <way id='414933669' timestamp='2020-08-20T19:18:12Z' uid='214969' user='AndrewBuck' visible='true' version='3' changeset='89708593'>
    <nd ref='75922044' />
    <nd ref='75922046' />
    <tag k='bridge' v='yes' />
    <tag k='highway' v='track' />
    <tag k='lanes' v='1' />
    <tag k='layer' v='1' />
    <tag k='name' v='30th Avenue Northeast' />
    <tag k='surface' v='unpaved' />
    <tag k='tiger:cfcc' v='A41' />
    <tag k='tiger:county' v='Grand Forks, ND' />
    <tag k='tiger:name_base' v='30th' />
    <tag k='tiger:name_direction_suffix' v='NE' />
    <tag k='tiger:name_type' v='Ave' />
    <tag k='tiger:reviewed' v='aerial' />
  </way>
  <way id='414933670' timestamp='2020-08-20T19:18:12Z' uid='214969' user='AndrewBuck' visible='true' version='3' changeset='89708593'>
    <nd ref='75922048' />
    <nd ref='75922054' />
    <nd ref='75922057' />
    <nd ref='75922058' />
    <tag k='access' v='private' />
    <tag k='highway' v='service' />
    <tag k='lanes' v='1' />
    <tag k='name' v='30th Avenue Northeast' />
    <tag k='surface' v='unpaved' />
    <tag k='tiger:cfcc' v='A41' />
    <tag k='tiger:county' v='Grand Forks, ND' />
    <tag k='tiger:name_base' v='30th' />
    <tag k='tiger:name_direction_suffix' v='NE' />
    <tag k='tiger:name_type' v='Ave' />
    <tag k='tiger:reviewed' v='aerial' />
  </way>
  <way id='414933671' timestamp='2020-08-20T19:18:12Z' uid='214969' user='AndrewBuck' visible='true' version='3' changeset='89708593'>
    <nd ref='75922031' />
    <nd ref='75922033' />
    <nd ref='75922035' />
    <nd ref='75922037' />
    <nd ref='75922039' />
    <nd ref='75922042' />
    <nd ref='75922044' />
    <tag k='highway' v='track' />
    <tag k='lanes' v='1' />
    <tag k='name' v='30th Avenue Northeast' />
    <tag k='surface' v='unpaved' />
    <tag k='tiger:cfcc' v='A41' />
    <tag k='tiger:county' v='Grand Forks, ND' />
    <tag k='tiger:name_base' v='30th' />
    <tag k='tiger:name_direction_suffix' v='NE' />
    <tag k='tiger:name_type' v='Ave' />
    <tag k='tiger:reviewed' v='no' />
  </way>
  <way id='817844902' timestamp='2020-08-20T19:18:12Z' uid='214969' user='AndrewBuck' visible='true' version='2' changeset='89708593'>
    <nd ref='75933886' />
    <nd ref='75933888' />
    <tag k='bridge' v='yes' />
    <tag k='highway' v='tertiary' />
    <tag k='lanes' v='2' />
    <tag k='layer' v='1' />
    <tag k='name' v='14th Street Northeast' />
    <tag k='name_1' v='County Road 18' />
    <tag k='surface' v='unpaved' />
    <tag k='tiger:cfcc' v='A41' />
    <tag k='tiger:county' v='Grand Forks, ND' />
    <tag k='tiger:name_base' v='14th' />
    <tag k='tiger:name_base_1' v='County Road 18' />
    <tag k='tiger:name_direction_suffix' v='NE' />
    <tag k='tiger:name_type' v='St' />
    <tag k='tiger:reviewed' v='no' />
  </way>
  <way id='838627843' timestamp='2020-08-19T16:53:32Z' uid='214969' user='AndrewBuck' visible='true' version='1' changeset='89646201'>
    <nd ref='75899077' />
    <nd ref='75899078' />
    <nd ref='75899080' />
    <nd ref='75899082' />
    <nd ref='75899084' />
    <nd ref='75899086' />
    <nd ref='75899089' />
    <nd ref='75899091' />
    <tag k='highway' v='track' />
    <tag k='lanes' v='1' />
    <tag k='surface' v='unpaved' />
    <tag k='tiger:cfcc' v='A41' />
    <tag k='tiger:county' v='Grand Forks, ND' />
    <tag k='tiger:reviewed' v='no' />
  </way>
  <way id='838627844' timestamp='2020-08-19T16:53:32Z' uid='214969' user='AndrewBuck' visible='true' version='1' changeset='89646201'>
    <nd ref='7826650987' />
    <nd ref='75916010' />
    <tag k='bridge' v='yes' />
    <tag k='highway' v='unclassified' />
    <tag k='lanes' v='2' />
    <tag k='layer' v='1' />
    <tag k='name' v='27th Avenue' />
    <tag k='surface' v='unpaved' />
    <tag k='tiger:cfcc' v='A41' />
    <tag k='tiger:county' v='Grand Forks, ND' />
    <tag k='tiger:name_base' v='27th' />
    <tag k='tiger:name_type' v='Ave' />
    <tag k='tiger:reviewed' v='no' />
  </way>
  <way id='838627845' timestamp='2020-08-19T16:53:32Z' uid='214969' user='AndrewBuck' visible='true' version='1' changeset='89646201'>
    <nd ref='75916000' />
    <nd ref='75916001' />
    <nd ref='75916002' />
    <nd ref='75916003' />
    <nd ref='75916004' />
    <nd ref='75916005' />
    <nd ref='75911842' />
    <nd ref='75916006' />
    <nd ref='75916008' />
    <nd ref='7826650987' />
    <tag k='highway' v='unclassified' />
    <tag k='lanes' v='2' />
    <tag k='name' v='27th Avenue' />
    <tag k='surface' v='unpaved' />
    <tag k='tiger:cfcc' v='A41' />
    <tag k='tiger:county' v='Grand Forks, ND' />
    <tag k='tiger:name_base' v='27th' />
    <tag k='tiger:name_type' v='Ave' />
    <tag k='tiger:reviewed' v='no' />
  </way>
  <way id='838627846' timestamp='2020-08-19T16:53:32Z' uid='214969' user='AndrewBuck' visible='true' version='1' changeset='89646201'>
    <nd ref='75916028' />
    <nd ref='75916030' />
    <tag k='highway' v='track' />
    <tag k='lanes' v='1' />
    <tag k='name' v='27th Avenue' />
    <tag k='surface' v='unpaved' />
    <tag k='tiger:cfcc' v='A41' />
    <tag k='tiger:county' v='Grand Forks, ND' />
    <tag k='tiger:name_base' v='27th' />
    <tag k='tiger:name_type' v='Ave' />
    <tag k='tiger:reviewed' v='no' />
  </way>
  <way id='838627908' action='modify' timestamp='2020-08-19T16:53:32Z' uid='214969' user='AndrewBuck' visible='true' version='1' changeset='89646201'>
    <nd ref='75915998' />
    <nd ref='75916000' />
    <tag k='highway' v='track' />
    <tag k='lanes' v='1' />
    <tag k='name' v='27th Avenue' />
    <tag k='surface' v='unpaved' />
    <tag k='tiger:cfcc' v='A41' />
    <tag k='tiger:county' v='Grand Forks, ND' />
    <tag k='tiger:name_base' v='27th' />
    <tag k='tiger:name_type' v='Ave' />
    <tag k='tiger:reviewed' v='no' />
  </way>
  <way id='839118303' timestamp='2020-08-20T19:18:12Z' uid='214969' user='AndrewBuck' visible='true' version='1' changeset='89708593'>
    <nd ref='187827554' />
    <nd ref='187827558' />
    <tag k='highway' v='track' />
    <tag k='lanes' v='1' />
    <tag k='surface' v='unpaved' />
    <tag k='tiger:cfcc' v='A41' />
    <tag k='tiger:county' v='Polk, MN' />
    <tag k='tiger:reviewed' v='no' />
  </way>
  <way id='839118304' timestamp='2020-08-20T19:18:12Z' uid='214969' user='AndrewBuck' visible='true' version='1' changeset='89708593'>
    <nd ref='187853881' />
    <nd ref='187827554' />
    <tag k='access' v='private' />
    <tag k='highway' v='service' />
    <tag k='lanes' v='1' />
    <tag k='surface' v='unpaved' />
    <tag k='tiger:cfcc' v='A41' />
    <tag k='tiger:county' v='Polk, MN' />
    <tag k='tiger:reviewed' v='no' />
  </way>
  <way id='839118324' timestamp='2020-08-20T19:18:12Z' uid='214969' user='AndrewBuck' visible='true' version='1' changeset='89708593'>
    <nd ref='75922048' />
    <nd ref='7830459592' />
    <nd ref='7830459591' />
    <nd ref='7830459590' />
    <tag k='access' v='private' />
    <tag k='highway' v='service' />
    <tag k='lanes' v='1' />
    <tag k='surface' v='unpaved' />
  </way>
  <way id='839118325' timestamp='2020-08-20T19:18:12Z' uid='214969' user='AndrewBuck' visible='true' version='1' changeset='89708593'>
    <nd ref='75922046' />
    <nd ref='75922048' />
    <tag k='highway' v='track' />
    <tag k='lanes' v='1' />
    <tag k='name' v='30th Avenue Northeast' />
    <tag k='surface' v='unpaved' />
    <tag k='tiger:cfcc' v='A41' />
    <tag k='tiger:county' v='Grand Forks, ND' />
    <tag k='tiger:name_base' v='30th' />
    <tag k='tiger:name_direction_suffix' v='NE' />
    <tag k='tiger:name_type' v='Ave' />
    <tag k='tiger:reviewed' v='aerial' />
  </way>
  <way id='839118327' timestamp='2020-08-20T19:18:12Z' uid='214969' user='AndrewBuck' visible='true' version='1' changeset='89708593'>
    <nd ref='7830459609' />
    <nd ref='75896722' />
    <nd ref='75929421' />
    <nd ref='75929423' />
    <nd ref='75929425' />
    <nd ref='75929428' />
    <nd ref='75929429' />
    <nd ref='75929430' />
    <tag k='highway' v='unclassified' />
    <tag k='lanes' v='2' />
    <tag k='name' v='29th Avenue Northeast' />
    <tag k='surface' v='unpaved' />
    <tag k='tiger:reviewed' v='no' />
  </way>
  <way id='839118328' timestamp='2020-08-20T19:18:12Z' uid='214969' user='AndrewBuck' visible='true' version='1' changeset='89708593'>
    <nd ref='75929419' />
    <nd ref='7830459609' />
    <tag k='bridge' v='yes' />
    <tag k='highway' v='unclassified' />
    <tag k='lanes' v='2' />
    <tag k='layer' v='1' />
    <tag k='name' v='29th Avenue Northeast' />
    <tag k='surface' v='unpaved' />
    <tag k='tiger:reviewed' v='no' />
  </way>
  <way id='839118329' timestamp='2020-08-20T19:18:12Z' uid='214969' user='AndrewBuck' visible='true' version='1' changeset='89708593'>
    <nd ref='75948933' />
    <nd ref='75887229' />
    <nd ref='75887096' />
    <nd ref='75948934' />
    <nd ref='75887242' />
    <tag k='highway' v='residential' />
    <tag k='lanes' v='2' />
    <tag k='name' v='Freedom Avenue' />
    <tag k='name_1' v='Freedom Avenue Northeast' />
    <tag k='surface' v='unpaved' />
    <tag k='tiger:cfcc' v='A41' />
    <tag k='tiger:county' v='Grand Forks, ND' />
    <tag k='tiger:name_base' v='Freedom' />
    <tag k='tiger:name_base_1' v='Freedom' />
    <tag k='tiger:name_direction_suffix_1' v='NE' />
    <tag k='tiger:name_type' v='Ave' />
    <tag k='tiger:name_type_1' v='Ave' />
    <tag k='tiger:reviewed' v='no' />
  </way>
  <way id='839118330' timestamp='2021-04-25T00:51:53Z' uid='10266866' user='elijahmathews' visible='true' version='2' changeset='103557274'>
    <nd ref='7830459611' />
    <nd ref='7830459610' />
    <tag k='bridge' v='yes' />
    <tag k='highway' v='tertiary' />
    <tag k='lanes' v='2' />
    <tag k='layer' v='1' />
    <tag k='maxspeed' v='55 mph' />
    <tag k='name' v='28th Avenue Northeast' />
    <tag k='oneway' v='no' />
    <tag k='ref' v='CR 33' />
    <tag k='surface' v='concrete' />
  </way>
  <way id='839118331' timestamp='2021-04-25T00:51:53Z' uid='10266866' user='elijahmathews' visible='true' version='2' changeset='103557274'>
    <nd ref='8663577561' />
    <nd ref='75950741' />
    <nd ref='7830459611' />
    <tag k='highway' v='tertiary' />
    <tag k='lanes' v='2' />
    <tag k='maxspeed' v='55 mph' />
    <tag k='name' v='28th Avenue Northeast' />
    <tag k='oneway' v='no' />
    <tag k='ref' v='CR 33' />
    <tag k='surface' v='asphalt' />
  </way>
  <way id='839118332' timestamp='2024-03-27T18:57:24Z' uid='15981404' user='diamondarmorsteve' visible='true' version='2' changeset='149239503'>
    <nd ref='7830459612' />
    <nd ref='7830459613' />
    <tag k='bridge' v='yes' />
    <tag k='highway' v='unclassified' />
    <tag k='lanes' v='2' />
    <tag k='layer' v='1' />
    <tag k='name' v='13th Street Northeast' />
    <tag k='name_1' v='County Road 18' />
    <tag k='ref' v='CR 18' />
    <tag k='surface' v='unpaved' />
    <tag k='tiger:cfcc' v='A41' />
    <tag k='tiger:county' v='Grand Forks, ND' />
    <tag k='tiger:name_base' v='13th' />
    <tag k='tiger:name_base_1' v='County Road 18' />
    <tag k='tiger:name_direction_suffix' v='NE' />
    <tag k='tiger:name_type' v='St' />
    <tag k='tiger:reviewed' v='no' />
  </way>
  <way id='839118334' action='modify' timestamp='2020-08-20T19:18:12Z' uid='214969' user='AndrewBuck' visible='true' version='1' changeset='89708593'>
    <nd ref='7830459639' />
    <nd ref='7830459622' />
    <nd ref='7830459621' />
    <nd ref='7830459620' />
    <nd ref='7830459619' />
    <nd ref='7830459618' />
    <nd ref='7830459617' />
    <nd ref='7830459616' />
    <tag k='access' v='private' />
    <tag k='highway' v='service' />
    <tag k='lanes' v='1' />
    <tag k='surface' v='unpaved' />
  </way>
  <way id='839118335' timestamp='2020-08-20T19:18:12Z' uid='214969' user='AndrewBuck' visible='true' version='1' changeset='89708593'>
    <nd ref='7830459645' />
    <nd ref='7830459625' />
    <nd ref='7830459624' />
    <nd ref='7830459623' />
    <tag k='access' v='private' />
    <tag k='highway' v='service' />
    <tag k='lanes' v='1' />
    <tag k='surface' v='unpaved' />
  </way>
  <way id='839118336' timestamp='2020-08-20T19:18:12Z' uid='214969' user='AndrewBuck' visible='true' version='1' changeset='89708593'>
    <nd ref='7830459634' />
    <nd ref='7830459632' />
    <nd ref='7830459631' />
    <nd ref='7830459630' />
    <nd ref='7830459629' />
    <nd ref='7830459628' />
    <nd ref='7830459627' />
    <nd ref='7830459626' />
    <nd ref='7830459652' />
    <tag k='access' v='private' />
    <tag k='highway' v='service' />
    <tag k='lanes' v='1' />
    <tag k='surface' v='unpaved' />
  </way>
  <way id='839118361' timestamp='2020-08-20T19:18:12Z' uid='214969' user='AndrewBuck' visible='true' version='1' changeset='89708593'>
    <nd ref='75928318' />
    <nd ref='75933882' />
    <nd ref='75916023' />
    <nd ref='75933884' />
    <nd ref='75933886' />
    <tag k='alt_name' v='County Road 18' />
    <tag k='highway' v='tertiary' />
    <tag k='lanes' v='2' />
    <tag k='name' v='14th Street Northeast' />
    <tag k='surface' v='unpaved' />
    <tag k='tiger:cfcc' v='A41' />
    <tag k='tiger:county' v='Grand Forks, ND' />
    <tag k='tiger:name_base' v='14th' />
    <tag k='tiger:name_base_1' v='County Road 18' />
    <tag k='tiger:name_direction_suffix' v='NE' />
    <tag k='tiger:name_type' v='St' />
    <tag k='tiger:reviewed' v='no' />
  </way>
  <way id='839118363' action='modify' timestamp='2024-03-27T18:57:24Z' uid='15981404' user='diamondarmorsteve' visible='true' version='2' changeset='149239503'>
    <nd ref='75933940' />
    <nd ref='75955081' />
    <nd ref='-2044689' />
    <nd ref='75955083' />
    <nd ref='-2044690' />
    <nd ref='-2044691' />
    <nd ref='75955085' />
    <nd ref='-2044692' />
    <nd ref='75955088' />
    <nd ref='75895073' />
    <nd ref='75955090' />
    <nd ref='75955092' />
    <nd ref='75955093' />
    <nd ref='75955095' />
    <nd ref='75955097' />
    <nd ref='75955100' />
    <tag k='highway' v='tertiary' />
    <tag k='lanes' v='2' />
    <tag k='name' v='31st Avenue Northeast' />
    <tag k='ref' v='CR 18' />
    <tag k='surface' v='unpaved' />
    <tag k='tiger:cfcc' v='A41' />
    <tag k='tiger:county' v='Grand Forks, ND' />
    <tag k='tiger:name_base' v='31st' />
    <tag k='tiger:name_direction_suffix' v='NE' />
    <tag k='tiger:name_type' v='Ave' />
    <tag k='tiger:reviewed' v='no' />
  </way>
  <way id='934874368' timestamp='2021-04-25T00:51:53Z' uid='10266866' user='elijahmathews' visible='true' version='1' changeset='103557274'>
    <nd ref='75897909' />
    <nd ref='75950737' />
    <nd ref='75885098' />
    <nd ref='8663577561' />
    <tag k='highway' v='tertiary' />
    <tag k='lanes' v='2' />
    <tag k='maxspeed' v='45 mph' />
    <tag k='name' v='28th Avenue Northeast' />
    <tag k='oneway' v='no' />
    <tag k='ref' v='CR 33' />
    <tag k='surface' v='asphalt' />
  </way>
  <way id='934874369' timestamp='2021-04-25T00:51:53Z' uid='10266866' user='elijahmathews' visible='true' version='1' changeset='103557274'>
    <nd ref='7830459610' />
    <nd ref='75909201' />
    <nd ref='75933892' />
    <tag k='highway' v='tertiary' />
    <tag k='lanes' v='2' />
    <tag k='maxspeed' v='55 mph' />
    <tag k='name' v='28th Avenue Northeast' />
    <tag k='oneway' v='no' />
    <tag k='ref' v='CR 33' />
    <tag k='surface' v='asphalt' />
  </way>
  <way id='934874370' action='modify' timestamp='2021-04-25T00:51:53Z' uid='10266866' user='elijahmathews' visible='true' version='1' changeset='103557274'>
    <nd ref='75933139' />
    <nd ref='8663577562' />
    <nd ref='75909187' />
    <nd ref='-2044643' />
    <nd ref='75933057' />
    <tag k='highway' v='tertiary' />
    <tag k='lanes' v='2' />
    <tag k='maxspeed' v='55 mph' />
    <tag k='name' v='28th Avenue Northeast' />
    <tag k='oneway' v='no' />
    <tag k='ref' v='CR 33' />
    <tag k='surface' v='asphalt' />
  </way>
  <way id='1235303584' action='modify' timestamp='2023-12-29T22:25:26Z' uid='2088464' user='Spencer_MHD' visible='true' version='1' changeset='145679494'>
    <nd ref='187814918' />
    <nd ref='187814919' />
    <nd ref='11466991475' />
    <nd ref='-2044704' />
    <nd ref='-2044705' />
    <nd ref='187814920' />
    <tag k='highway' v='residential' />
    <tag k='surface' v='gravel' />
    <tag k='tiger:cfcc' v='A41' />
    <tag k='tiger:county' v='Polk, MN' />
    <tag k='tiger:reviewed' v='no' />
  </way>
  <way id='1266861218' timestamp='2024-03-27T18:57:24Z' uid='15981404' user='diamondarmorsteve' visible='true' version='1' changeset='149239503'>
    <nd ref='75933888' />
    <nd ref='75933890' />
    <nd ref='8663577564' />
    <nd ref='75933892' />
    <tag k='highway' v='tertiary' />
    <tag k='lanes' v='2' />
    <tag k='name' v='14th Street Northeast' />
    <tag k='name_1' v='County Road 18' />
    <tag k='surface' v='unpaved' />
    <tag k='tiger:cfcc' v='A41' />
    <tag k='tiger:county' v='Grand Forks, ND' />
    <tag k='tiger:name_base' v='14th' />
    <tag k='tiger:name_base_1' v='County Road 18' />
    <tag k='tiger:name_direction_suffix' v='NE' />
    <tag k='tiger:name_type' v='St' />
    <tag k='tiger:reviewed' v='no' />
  </way>
  <way id='1298548472' action='modify' timestamp='2024-07-02T14:29:32Z' uid='2088464' user='Spencer_MHD' visible='true' version='1' changeset='153460263'>
    <nd ref='187820525' />
    <nd ref='-2044712' />
    <nd ref='-2044711' />
    <nd ref='-2044709' />
    <nd ref='-2044708' />
    <nd ref='-2044710' />
    <nd ref='-2044758' />
    <nd ref='-2044757' />
    <nd ref='-2044740' />
    <nd ref='-2044729' />
    <nd ref='-2044741' />
    <nd ref='-2044738' />
    <nd ref='-2044730' />
    <nd ref='-2044739' />
    <nd ref='-2044736' />
    <nd ref='187820527' />
    <nd ref='-2044737' />
    <nd ref='-2044734' />
    <nd ref='-2044731' />
    <nd ref='-2044735' />
    <nd ref='187819764' />
    <tag k='highway' v='residential' />
    <tag k='surface' v='gravel' />
    <tag k='tiger:cfcc' v='A41' />
    <tag k='tiger:county' v='Polk, MN' />
    <tag k='tiger:reviewed' v='no' />
  </way>
  <way id='1298548473' timestamp='2024-07-02T14:29:32Z' uid='2088464' user='Spencer_MHD' visible='true' version='1' changeset='153460263'>
    <nd ref='187820512' />
    <nd ref='187820514' />
    <tag k='highway' v='track' />
    <tag k='tiger:cfcc' v='A41' />
    <tag k='tiger:county' v='Polk, MN' />
    <tag k='tiger:reviewed' v='no' />
  </way>
  <way id='1298548474' timestamp='2024-07-02T14:29:32Z' uid='2088464' user='Spencer_MHD' visible='true' version='1' changeset='153460263'>
    <nd ref='187820514' />
    <nd ref='12029224477' />
    <tag k='bridge' v='yes' />
    <tag k='highway' v='track' />
    <tag k='layer' v='1' />
    <tag k='surface' v='wood' />
    <tag k='tiger:cfcc' v='A41' />
    <tag k='tiger:county' v='Polk, MN' />
    <tag k='tiger:reviewed' v='no' />
  </way>
  <way id='1298548479' action='modify' timestamp='2024-07-02T14:29:32Z' uid='2088464' user='Spencer_MHD' visible='true' version='1' changeset='153460263'>
    <nd ref='12029224497' />
    <nd ref='-2044842' />
    <nd ref='-2044843' />
    <nd ref='-2044844' />
    <nd ref='-2044845' />
    <nd ref='12029224496' />
    <nd ref='-2044846' />
    <nd ref='-2044847' />
    <nd ref='-2044848' />
    <nd ref='-2044836' />
    <nd ref='-2044837' />
    <nd ref='-2044838' />
    <nd ref='12029224495' />
    <nd ref='-2044839' />
    <nd ref='-2044840' />
    <nd ref='-2044841' />
    <nd ref='-2044833' />
    <nd ref='-2044834' />
    <nd ref='187829153' />
    <nd ref='-2044835' />
    <nd ref='-2044824' />
    <nd ref='-2044825' />
    <nd ref='-2044826' />
    <nd ref='-2044827' />
    <nd ref='-2044828' />
    <nd ref='187829155' />
    <nd ref='-2044829' />
    <nd ref='-2044830' />
    <nd ref='-2044831' />
    <nd ref='-2044832' />
    <nd ref='187829157' />
    <nd ref='-2044820' />
    <nd ref='187829158' />
    <nd ref='-2044822' />
    <nd ref='-2044821' />
    <nd ref='-2044823' />
    <nd ref='187829162' />
    <tag k='access' v='private' />
    <tag k='highway' v='service' />
    <tag k='surface' v='gravel' />
    <tag k='tiger:cfcc' v='A41' />
    <tag k='tiger:county' v='Polk, MN' />
    <tag k='tiger:reviewed' v='no' />
  </way>
  <way id='1298548480' action='modify' timestamp='2024-07-02T14:29:32Z' uid='2088464' user='Spencer_MHD' visible='true' version='1' changeset='153460263'>
    <nd ref='187829162' />
    <nd ref='-2044806' />
    <nd ref='-2044807' />
    <nd ref='-2044808' />
    <nd ref='187833285' />
    <nd ref='-2044809' />
    <nd ref='-2044810' />
    <nd ref='-2044811' />
    <nd ref='12029224493' />
    <tag k='highway' v='unclassified' />
    <tag k='surface' v='gravel' />
    <tag k='tiger:cfcc' v='A41' />
    <tag k='tiger:county' v='Polk, MN' />
    <tag k='tiger:reviewed' v='no' />
  </way>
  <way id='1342468296' timestamp='2024-12-13T16:33:58Z' uid='38487' user='jumbanho' visible='true' version='1' changeset='160253170'>
    <nd ref='187819201' />
    <nd ref='187819203' />
    <nd ref='187819208' />
    <tag k='highway' v='residential' />
    <tag k='name' v='165th Street Northwest' />
    <tag k='surface' v='compacted' />
    <tag k='tiger:cfcc' v='A41' />
    <tag k='tiger:county' v='Polk, MN' />
    <tag k='tiger:reviewed' v='no' />
  </way>
  <way id='1413264478' timestamp='2025-07-08T13:41:17Z' uid='14100502' user='the_edge01' visible='true' version='1' changeset='168650917'>
    <nd ref='12987738088' />
    <nd ref='12987738090' />
    <nd ref='12987738091' />
    <nd ref='12987738092' />
    <nd ref='12987738093' />
    <nd ref='12987738094' />
    <nd ref='12987738095' />
    <nd ref='12987738096' />
    <nd ref='12987738097' />
    <nd ref='12987738098' />
    <nd ref='12987738099' />
    <nd ref='12987738100' />
    <nd ref='12987749701' />
    <nd ref='12987749702' />
    <nd ref='12987749703' />
    <nd ref='12987749704' />
    <nd ref='12987749705' />
    <nd ref='12987749706' />
    <nd ref='12987749707' />
    <nd ref='12987749708' />
    <nd ref='12987749709' />
    <nd ref='12987749710' />
    <nd ref='12987749711' />
    <nd ref='12987749712' />
    <nd ref='12987749713' />
    <nd ref='12987749714' />
    <nd ref='12987749715' />
    <tag k='power' v='line' />
    <tag k='voltage' v='69000' />
  </way>
</osm>
